sweep,voxel_size,distance_threshold,eps,min_points,ransac_iters,min_range,max_range,seed,frame,n_clusters,n_clusters_fov,n_hit_fov,precision_fov,nearest_obstacle_m,plane_tilt_deg,n_points_down,ground_ratio,n_gt_Car,tp_Car,merged_Car,covered_Car,body_pts_Car,body_kept_Car,n_gt_Pedestrian,tp_Pedestrian,merged_Pedestrian,covered_Pedestrian,body_pts_Pedestrian,body_kept_Pedestrian,n_gt_Cyclist,tp_Cyclist,merged_Cyclist,covered_Cyclist,body_pts_Cyclist,body_kept_Cyclist,n_gt_all,tp_all,merged_all,covered_all,body_pts_all,body_kept_all,total_ms
baseline,0.1,0.15,0.5,5,200,2.0,40.0,0,scene-0103_000,98,30,1,0.0333,4.1917,2.0528,10839,0.5055,0,0,0,0,0,0,0,0,0,0,0,0,0,0,0,0,0,0,0,0,0,0,0,0,108.8886
baseline,0.1,0.15,0.5,5,200,2.0,40.0,0,scene-0103_001,122,43,1,0.0233,4.1317,2.0054,11299,0.4979,0,0,0,0,0,0,1,1,0,1,15,15,0,0,0,0,0,0,1,1,0,1,15,15,148.8913
baseline,0.1,0.15,0.5,5,200,2.0,40.0,0,scene-0103_002,137,67,1,0.0149,3.9517,2.2435,11919,0.4671,0,0,0,0,0,0,1,1,0,0,11,9,0,0,0,0,0,0,1,1,0,0,11,9,167.2406
baseline,0.1,0.15,0.5,5,200,2.0,40.0,0,scene-0103_003,161,55,5,0.0909,4.4658,2.2901,12741,0.4833,1,1,0,0,14,14,1,1,0,1,13,13,0,0,0,0,0,0,2,2,0,1,27,27,238.7325
baseline,0.1,0.15,0.5,5,200,2.0,40.0,0,scene-0103_004,151,43,7,0.1628,4.9883,3.029,13054,0.488,1,1,0,1,49,49,2,2,0,2,25,25,0,0,0,0,0,0,3,3,0,3,74,74,177.1225
baseline,0.1,0.15,0.5,5,200,2.0,40.0,0,scene-0103_005,171,26,5,0.1923,4.7839,3.2799,13310,0.4927,1,1,0,1,329,327,1,1,0,1,13,13,0,0,0,0,0,0,2,2,0,2,342,340,129.1834
baseline,0.1,0.15,0.5,5,200,2.0,40.0,0,scene-0103_006,182,29,4,0.1379,3.9712,2.9897,14276,0.4735,2,2,0,2,32,32,1,1,0,1,10,10,0,0,0,0,0,0,3,3,0,3,42,42,172.3302
baseline,0.1,0.15,0.5,5,200,2.0,40.0,0,scene-0103_007,179,31,2,0.0645,4.9381,2.1093,15107,0.4888,2,1,1,2,92,92,0,0,0,0,0,0,0,0,0,0,0,0,2,1,1,2,92,92,136.6209
baseline,0.1,0.15,0.5,5,200,2.0,40.0,0,scene-0103_008,160,21,2,0.0952,3.5313,1.41,15526,0.4463,2,2,0,2,583,557,0,0,0,0,0,0,0,0,0,0,0,0,2,2,0,2,583,557,110.2701
baseline,0.1,0.15,0.5,5,200,2.0,40.0,0,scene-0103_009,176,42,4,0.0952,5.2695,1.5766,16190,0.4368,3,3,0,2,124,124,1,0,1,0,10,10,0,0,0,0,0,0,4,3,1,2,134,134,124.1492
baseline,0.1,0.15,0.5,5,200,2.0,40.0,0,scene-0103_010,166,28,8,0.2857,5.5688,2.1805,16539,0.4636,4,4,0,4,280,278,1,0,1,1,17,17,0,0,0,0,0,0,5,4,1,5,297,295,123.2828
baseline,0.1,0.15,0.5,5,200,2.0,40.0,0,scene-0103_011,198,29,3,0.1034,5.6801,3.572,16733,0.4344,3,3,0,3,109,106,1,0,1,1,36,36,0,0,0,0,0,0,4,3,1,4,145,142,132.512
baseline,0.1,0.15,0.5,5,200,2.0,40.0,0,scene-0103_012,193,26,7,0.2692,6.6571,2.8656,16950,0.4352,3,3,0,3,109,109,0,0,0,0,0,0,0,0,0,0,0,0,3,3,0,3,109,109,124.5182
baseline,0.1,0.15,0.5,5,200,2.0,40.0,0,scene-0103_013,204,25,4,0.16,4.8917,3.3157,17141,0.4195,3,3,0,3,168,162,0,0,0,0,0,0,0,0,0,0,0,0,3,3,0,3,168,162,160.1351
baseline,0.1,0.15,0.5,5,200,2.0,40.0,0,scene-0103_014,194,24,5,0.2083,3.7936,3.3019,17323,0.4003,3,3,0,3,225,216,0,0,0,0,0,0,0,0,0,0,0,0,3,3,0,3,225,216,132.2907
baseline,0.1,0.15,0.5,5,200,2.0,40.0,0,scene-0103_015,196,29,5,0.1724,5.276,2.9358,17427,0.4338,3,3,0,3,321,317,0,0,0,0,0,0,0,0,0,0,0,0,3,3,0,3,321,317,111.9097
baseline,0.1,0.15,0.5,5,200,2.0,40.0,0,scene-0103_016,177,22,2,0.0909,4.0962,2.7937,17596,0.4114,2,2,0,2,326,312,0,0,0,0,0,0,0,0,0,0,0,0,2,2,0,2,326,312,107.6535
baseline,0.1,0.15,0.5,5,200,2.0,40.0,0,scene-0103_017,191,36,7,0.1944,7.6537,2.3048,17591,0.4062,3,3,0,3,351,351,0,0,0,0,0,0,0,0,0,0,0,0,3,3,0,3,351,351,127.7749
baseline,0.1,0.15,0.5,5,200,2.0,40.0,0,scene-0103_018,184,27,7,0.2593,5.3557,2.3955,17575,0.4255,4,4,0,4,413,396,0,0,0,0,0,0,0,0,0,0,0,0,4,4,0,4,413,396,141.6231
baseline,0.1,0.15,0.5,5,200,2.0,40.0,0,scene-0103_019,179,28,7,0.25,6.0283,2.3019,17620,0.4216,4,4,0,4,466,452,0,0,0,0,0,0,0,0,0,0,0,0,4,4,0,4,466,452,127.6057
baseline,0.1,0.15,0.5,5,200,2.0,40.0,0,scene-0103_020,207,38,7,0.1842,4.8635,2.4643,17569,0.4075,5,5,0,5,542,523,0,0,0,0,0,0,0,0,0,0,0,0,5,5,0,5,542,523,102.2416
baseline,0.1,0.15,0.5,5,200,2.0,40.0,0,scene-0103_021,184,31,4,0.129,4.3685,2.2616,17517,0.4021,5,5,0,5,667,659,0,0,0,0,0,0,0,0,0,0,0,0,5,5,0,5,667,659,126.4885
baseline,0.1,0.15,0.5,5,200,2.0,40.0,0,scene-0103_022,185,28,2,0.0714,3.7341,2.8876,17235,0.4089,2,2,0,2,163,163,0,0,0,0,0,0,0,0,0,0,0,0,2,2,0,2,163,163,128.3737
baseline,0.1,0.15,0.5,5,200,2.0,40.0,0,scene-0103_023,189,31,2,0.0645,3.4517,3.0247,16903,0.3956,3,2,0,2,234,234,0,0,0,0,0,0,0,0,0,0,0,0,3,2,0,2,234,234,123.7702
baseline,0.1,0.15,0.5,5,200,2.0,40.0,0,scene-0103_024,197,32,7,0.2188,3.3113,2.6259,16530,0.388,4,4,0,4,311,306,0,0,0,0,0,0,0,0,0,0,0,0,4,4,0,4,311,306,124.3495
baseline,0.1,0.15,0.5,5,200,2.0,40.0,0,scene-0103_025,170,38,3,0.0789,3.4141,2.8356,16278,0.4047,4,4,0,4,425,410,0,0,0,0,0,0,0,0,0,0,0,0,4,4,0,4,425,410,124.6185
baseline,0.1,0.15,0.5,5,200,2.0,40.0,0,scene-0103_026,151,29,3,0.1034,4.3301,2.8325,16152,0.4357,2,2,0,2,45,42,0,0,0,0,0,0,0,0,0,0,0,0,2,2,0,2,45,42,119.1596
baseline,0.1,0.15,0.5,5,200,2.0,40.0,0,scene-0103_027,200,35,4,0.1143,4.6196,2.5987,16074,0.424,2,2,0,2,85,74,0,0,0,0,0,0,0,0,0,0,0,0,2,2,0,2,85,74,97.8492
baseline,0.1,0.15,0.5,5,200,2.0,40.0,0,scene-0103_028,194,39,4,0.1026,4.115,2.6447,16187,0.4448,4,4,0,3,195,189,0,0,0,0,0,0,0,0,0,0,0,0,4,4,0,3,195,189,106.1576
baseline,0.1,0.15,0.5,5,200,2.0,40.0,0,scene-0103_029,200,34,7,0.2059,5.4422,2.094,16457,0.4414,3,2,0,1,79,70,0,0,0,0,0,0,0,0,0,0,0,0,3,2,0,1,79,70,111.6933
baseline,0.1,0.15,0.5,5,200,2.0,40.0,0,scene-0103_030,197,38,7,0.1842,5.4312,2.5148,16542,0.4628,4,4,0,2,152,151,0,0,0,0,0,0,0,0,0,0,0,0,4,4,0,2,152,151,101.6109
baseline,0.1,0.15,0.5,5,200,2.0,40.0,0,scene-0103_031,212,40,13,0.325,5.1442,2.3995,16558,0.4255,6,6,0,4,254,226,0,0,0,0,0,0,0,0,0,0,0,0,6,6,0,4,254,226,135.8453
baseline,0.1,0.15,0.5,5,200,2.0,40.0,0,scene-0103_032,207,27,8,0.2963,7.3049,2.0951,16614,0.4028,7,6,0,3,420,406,0,0,0,0,0,0,1,1,0,1,16,14,8,7,0,4,436,420,106.4107
baseline,0.1,0.15,0.5,5,200,2.0,40.0,0,scene-0103_033,258,31,10,0.3226,5.2308,3.0189,16612,0.3752,5,5,0,4,452,391,0,0,0,0,0,0,1,1,0,1,38,33,6,6,0,5,490,424,120.2812
baseline,0.1,0.15,0.5,5,200,2.0,40.0,0,scene-0103_034,277,27,9,0.3333,4.4157,2.115,16532,0.3719,6,5,0,4,868,830,0,0,0,0,0,0,0,0,0,0,0,0,6,5,0,4,868,830,112.907
baseline,0.1,0.15,0.5,5,200,2.0,40.0,0,scene-0103_035,268,29,9,0.3103,4.3859,2.5169,16062,0.3461,7,7,0,6,893,829,0,0,0,0,0,0,0,0,0,0,0,0,7,7,0,6,893,829,121.1099
baseline,0.1,0.15,0.5,5,200,2.0,40.0,0,scene-0103_036,240,23,11,0.4783,4.2829,3.1132,16148,0.3417,6,6,0,6,861,809,0,0,0,0,0,0,0,0,0,0,0,0,6,6,0,6,861,809,137.4579
baseline,0.1,0.15,0.5,5,200,2.0,40.0,0,scene-0103_037,237,27,10,0.3704,3.8575,2.1826,15946,0.3312,6,6,0,6,798,742,0,0,0,0,0,0,0,0,0,0,0,0,6,6,0,6,798,742,136.3224
baseline,0.1,0.15,0.5,5,200,2.0,40.0,0,scene-0103_038,178,13,5,0.3846,3.763,3.4797,15621,0.3197,6,5,0,4,798,734,0,0,0,0,0,0,1,0,1,0,11,6,7,5,1,4,809,740,117.4868
baseline,0.1,0.15,0.5,5,200,2.0,40.0,0,scene-0103_039,176,25,9,0.36,2.7961,2.5064,15467,0.3068,4,4,0,3,225,192,0,0,0,0,0,0,0,0,0,0,0,0,4,4,0,3,225,192,124.5484
baseline,0.1,0.15,0.5,5,200,2.0,40.0,0,scene-1094_000,287,78,10,0.1282,2.0032,2.8882,14470,0.2446,3,3,0,2,334,265,1,1,0,1,11,9,0,0,0,0,0,0,4,4,0,3,345,274,140.7652
baseline,0.1,0.15,0.5,5,200,2.0,40.0,0,scene-1094_001,264,91,12,0.1319,2.0359,2.2222,15030,0.2758,4,3,0,2,322,260,1,1,0,1,15,11,0,0,0,0,0,0,5,4,0,3,337,271,147.6152
baseline,0.1,0.15,0.5,5,200,2.0,40.0,0,scene-1094_002,264,81,13,0.1605,2.033,2.0522,15546,0.2895,4,3,0,2,337,323,2,2,0,2,26,22,0,0,0,0,0,0,6,5,0,4,363,345,147.2485
baseline,0.1,0.15,0.5,5,200,2.0,40.0,0,scene-1094_003,279,90,14,0.1556,2.0055,1.8433,15847,0.2965,5,5,0,4,595,506,2,2,0,2,21,18,0,0,0,0,0,0,7,7,0,6,616,524,184.8386
baseline,0.1,0.15,0.5,5,200,2.0,40.0,0,scene-1094_004,264,85,10,0.1176,2.0082,1.9401,16028,0.2819,5,2,2,3,527,449,0,0,0,0,0,0,0,0,0,0,0,0,5,2,2,3,527,449,213.6417
baseline,0.1,0.15,0.5,5,200,2.0,40.0,0,scene-1094_005,274,88,11,0.125,2.0003,1.6252,16227,0.28,5,4,0,4,484,401,0,0,0,0,0,0,0,0,0,0,0,0,5,4,0,4,484,401,180.8415
baseline,0.1,0.15,0.5,5,200,2.0,40.0,0,scene-1094_006,272,89,11,0.1236,2.0134,2.2498,16400,0.2869,4,4,0,4,404,370,0,0,0,0,0,0,0,0,0,0,0,0,4,4,0,4,404,370,185.0075
baseline,0.1,0.15,0.5,5,200,2.0,40.0,0,scene-1094_007,265,74,7,0.0946,2.0015,1.8272,16642,0.2902,3,3,0,2,411,374,0,0,0,0,0,0,0,0,0,0,0,0,3,3,0,2,411,374,182.2064
baseline,0.1,0.15,0.5,5,200,2.0,40.0,0,scene-1094_008,243,69,8,0.1159,2.0088,0.8229,16649,0.3108,4,4,0,4,448,427,1,1,0,1,18,18,0,0,0,0,0,0,5,5,0,5,466,445,140.4256
baseline,0.1,0.15,0.5,5,200,2.0,40.0,0,scene-1094_009,274,81,12,0.1481,2.006,0.4796,16547,0.3282,4,4,0,2,396,392,1,1,0,1,20,20,0,0,0,0,0,0,5,5,0,3,416,412,139.3144
baseline,0.1,0.15,0.5,5,200,2.0,40.0,0,scene-1094_010,304,80,18,0.225,2.0007,0.9636,16400,0.3744,5,4,0,4,450,448,2,2,0,2,41,39,0,0,0,0,0,0,7,6,0,6,491,487,137.439
baseline,0.1,0.15,0.5,5,200,2.0,40.0,0,scene-1094_011,291,62,13,0.2097,2.0028,0.973,16548,0.3936,5,5,0,5,481,478,1,1,0,1,34,34,0,0,0,0,0,0,6,6,0,6,515,512,145.0385
baseline,0.1,0.15,0.5,5,200,2.0,40.0,0,scene-1094_012,299,52,8,0.1538,3.0731,1.3914,16434,0.4164,6,6,0,5,477,473,1,1,0,1,37,37,0,0,0,0,0,0,7,7,0,6,514,510,132.8589
baseline,0.1,0.15,0.5,5,200,2.0,40.0,0,scene-1094_013,311,40,10,0.25,2.0132,1.7628,16344,0.4241,7,6,0,6,479,477,0,0,0,0,0,0,0,0,0,0,0,0,7,6,0,6,479,477,129.7482
baseline,0.1,0.15,0.5,5,200,2.0,40.0,0,scene-1094_014,313,28,10,0.3571,3.3845,1.5501,16415,0.425,8,8,0,8,512,512,0,0,0,0,0,0,0,0,0,0,0,0,8,8,0,8,512,512,131.3191
baseline,0.1,0.15,0.5,5,200,2.0,40.0,0,scene-1094_015,300,30,7,0.2333,4.0318,1.2376,16408,0.418,8,8,0,7,644,635,0,0,0,0,0,0,0,0,0,0,0,0,8,8,0,7,644,635,115.8874
baseline,0.1,0.15,0.5,5,200,2.0,40.0,0,scene-1094_016,294,42,8,0.1905,2.9866,1.3171,16406,0.3918,6,6,0,4,533,471,0,0,0,0,0,0,0,0,0,0,0,0,6,6,0,4,533,471,107.0295
baseline,0.1,0.15,0.5,5,200,2.0,40.0,0,scene-1094_017,268,41,6,0.1463,2.526,2.2427,16142,0.3538,5,5,0,5,177,176,0,0,0,0,0,0,0,0,0,0,0,0,5,5,0,5,177,176,129.8364
baseline,0.1,0.15,0.5,5,200,2.0,40.0,0,scene-1094_018,252,36,2,0.0556,2.7948,2.0297,16385,0.3166,4,3,0,3,125,125,0,0,0,0,0,0,0,0,0,0,0,0,4,3,0,3,125,125,137.2043
baseline,0.1,0.15,0.5,5,200,2.0,40.0,0,scene-1094_019,238,32,3,0.0938,2.9738,2.6123,16395,0.2796,4,4,0,3,166,166,0,0,0,0,0,0,0,0,0,0,0,0,4,4,0,3,166,166,125.0963
baseline,0.1,0.15,0.5,5,200,2.0,40.0,0,scene-1094_020,217,22,4,0.1818,3.0179,1.8746,16618,0.2785,3,3,0,2,98,98,0,0,0,0,0,0,0,0,0,0,0,0,3,3,0,2,98,98,141.7046
baseline,0.1,0.15,0.5,5,200,2.0,40.0,0,scene-1094_021,220,35,3,0.0857,2.9131,2.612,16710,0.2852,3,3,0,3,140,140,0,0,0,0,0,0,1,1,0,1,16,16,4,4,0,4,156,156,137.3415
baseline,0.1,0.15,0.5,5,200,2.0,40.0,0,scene-1094_022,211,31,2,0.0645,2.3568,1.1517,16799,0.2728,2,2,0,2,51,51,0,0,0,0,0,0,0,0,0,0,0,0,2,2,0,2,51,51,108.9451
baseline,0.1,0.15,0.5,5,200,2.0,40.0,0,scene-1094_023,227,38,2,0.0526,2.0036,1.147,16667,0.2483,2,2,0,2,79,79,0,0,0,0,0,0,0,0,0,0,0,0,2,2,0,2,79,79,132.7111
baseline,0.1,0.15,0.5,5,200,2.0,40.0,0,scene-1094_024,259,37,2,0.0541,2.3064,1.441,16848,0.2802,1,1,0,1,22,22,1,0,1,1,11,11,0,0,0,0,0,0,2,1,1,2,33,33,135.6436
baseline,0.1,0.15,0.5,5,200,2.0,40.0,0,scene-1094_025,232,30,4,0.1333,4.352,1.7087,16249,0.3331,1,1,0,1,28,28,1,1,0,1,16,16,0,0,0,0,0,0,2,2,0,2,44,44,118.7227
baseline,0.1,0.15,0.5,5,200,2.0,40.0,0,scene-1094_026,220,27,5,0.1852,2.6664,1.9849,15982,0.3476,1,1,0,1,30,30,0,0,0,0,0,0,0,0,0,0,0,0,1,1,0,1,30,30,117.8271
baseline,0.1,0.15,0.5,5,200,2.0,40.0,0,scene-1094_027,213,34,6,0.1765,2.6616,3.186,15542,0.3441,1,1,0,1,29,28,2,2,0,2,32,30,0,0,0,0,0,0,3,3,0,3,61,58,118.6363
baseline,0.1,0.15,0.5,5,200,2.0,40.0,0,scene-1094_028,236,42,4,0.0952,2.3364,2.1652,15809,0.3497,0,0,0,0,0,0,1,1,0,1,33,33,0,0,0,0,0,0,1,1,0,1,33,33,122.3503
baseline,0.1,0.15,0.5,5,200,2.0,40.0,0,scene-1094_029,282,42,3,0.0714,2.5239,1.7315,15667,0.3615,3,3,0,3,68,68,1,1,0,1,19,16,0,0,0,0,0,0,4,4,0,4,87,84,133.7712
baseline,0.1,0.15,0.5,5,200,2.0,40.0,0,scene-1094_030,298,38,2,0.0526,3.031,1.0649,15055,0.4207,0,0,0,0,0,0,1,1,0,1,33,31,0,0,0,0,0,0,1,1,0,1,33,31,120.5714
baseline,0.1,0.15,0.5,5,200,2.0,40.0,0,scene-1094_031,289,35,2,0.0571,3.9853,1.0691,14945,0.4183,1,1,0,0,44,43,0,0,0,0,0,0,0,0,0,0,0,0,1,1,0,0,44,43,130.9112
baseline,0.1,0.15,0.5,5,200,2.0,40.0,0,scene-1094_032,276,26,2,0.0769,2.7334,1.2354,14615,0.4636,1,1,0,0,117,117,0,0,0,0,0,0,0,0,0,0,0,0,1,1,0,0,117,117,126.6798
baseline,0.1,0.15,0.5,5,200,2.0,40.0,0,scene-1094_033,235,23,4,0.1739,4.1044,1.3151,14421,0.5046,2,2,0,2,352,340,0,0,0,0,0,0,0,0,0,0,0,0,2,2,0,2,352,340,117.693
baseline,0.1,0.15,0.5,5,200,2.0,40.0,0,scene-1094_034,235,26,2,0.0769,3.5235,1.2346,14617,0.4654,0,0,0,0,0,0,1,1,0,1,11,11,0,0,0,0,0,0,1,1,0,1,11,11,137.5891
baseline,0.1,0.15,0.5,5,200,2.0,40.0,0,scene-1094_035,209,29,1,0.0345,2.7863,0.9134,15014,0.4088,0,0,0,0,0,0,0,0,0,0,0,0,0,0,0,0,0,0,0,0,0,0,0,0,139.312
baseline,0.1,0.15,0.5,5,200,2.0,40.0,0,scene-1094_036,258,29,2,0.069,2.4763,1.7668,15610,0.3414,1,1,0,1,17,17,0,0,0,0,0,0,0,0,0,0,0,0,1,1,0,1,17,17,144.4559
baseline,0.1,0.15,0.5,5,200,2.0,40.0,0,scene-1094_037,285,30,1,0.0333,2.1588,1.4537,16210,0.3522,0,0,0,0,0,0,0,0,0,0,0,0,1,1,0,1,21,21,1,1,0,1,21,21,127.8654
baseline,0.1,0.15,0.5,5,200,2.0,40.0,0,scene-1094_038,290,34,3,0.0882,2.6532,1.7938,16449,0.4025,2,2,0,2,61,56,0,0,0,0,0,0,0,0,0,0,0,0,2,2,0,2,61,56,114.4197
baseline,0.1,0.15,0.5,5,200,2.0,40.0,0,scene-1094_039,297,18,4,0.2222,2.6562,1.482,16473,0.3484,1,1,0,1,10,10,1,1,0,1,11,11,0,0,0,0,0,0,2,2,0,2,21,21,131.5834
distance_threshold,0.1,0.05,0.5,5,200,2.0,40.0,0,scene-0103_000,102,37,1,0.027,4.1917,2.1296,10839,0.3832,0,0,0,0,0,0,0,0,0,0,0,0,0,0,0,0,0,0,0,0,0,0,0,0,85.6546
distance_threshold,0.1,0.05,0.5,5,200,2.0,40.0,0,scene-0103_001,139,51,1,0.0196,3.65,2.2429,11299,0.3476,0,0,0,0,0,0,1,1,0,1,15,15,0,0,0,0,0,0,1,1,0,1,15,15,88.1764
distance_threshold,0.1,0.05,0.5,5,200,2.0,40.0,0,scene-0103_002,162,72,1,0.0139,3.0888,2.4047,11919,0.285,0,0,0,0,0,0,1,1,0,0,11,11,0,0,0,0,0,0,1,1,0,0,11,11,122.7912
distance_threshold,0.1,0.05,0.5,5,200,2.0,40.0,0,scene-0103_003,179,68,6,0.0882,3.0533,2.0499,12741,0.2723,1,1,0,0,14,14,1,1,0,1,13,13,0,0,0,0,0,0,2,2,0,1,27,27,122.2242
distance_threshold,0.1,0.05,0.5,5,200,2.0,40.0,0,scene-0103_004,159,46,6,0.1304,3.1033,2.6698,13054,0.2723,1,1,0,1,49,49,2,1,1,2,25,25,0,0,0,0,0,0,3,2,1,3,74,74,123.4718
distance_threshold,0.1,0.05,0.5,5,200,2.0,40.0,0,scene-0103_005,187,32,4,0.125,3.0831,3.0886,13310,0.2847,1,1,0,1,329,329,1,0,1,1,13,13,0,0,0,0,0,0,2,1,1,2,342,342,107.7098
distance_threshold,0.1,0.05,0.5,5,200,2.0,40.0,0,scene-0103_006,201,34,4,0.1176,3.0456,2.5791,14276,0.2714,2,2,0,2,32,32,1,1,0,1,10,10,0,0,0,0,0,0,3,3,0,3,42,42,121.529
distance_threshold,0.1,0.05,0.5,5,200,2.0,40.0,0,scene-0103_007,194,36,3,0.0833,2.9996,2.2754,15107,0.2801,2,1,1,2,92,92,0,0,0,0,0,0,0,0,0,0,0,0,2,1,1,2,92,92,118.2245
distance_threshold,0.1,0.05,0.5,5,200,2.0,40.0,0,scene-0103_008,173,32,3,0.0938,3.2806,2.1702,15526,0.2181,2,2,0,2,583,580,0,0,0,0,0,0,0,0,0,0,0,0,2,2,0,2,583,580,131.9872
distance_threshold,0.1,0.05,0.5,5,200,2.0,40.0,0,scene-0103_009,211,51,4,0.0784,3.6718,1.5766,16190,0.2697,3,3,0,2,124,124,1,0,1,0,10,10,0,0,0,0,0,0,4,3,1,2,134,134,125.1821
distance_threshold,0.1,0.05,0.5,5,200,2.0,40.0,0,scene-0103_010,191,41,10,0.2439,3.0742,2.5297,16539,0.2765,4,4,0,4,280,280,1,0,1,1,17,17,0,0,0,0,0,0,5,4,1,5,297,297,135.7442
distance_threshold,0.1,0.05,0.5,5,200,2.0,40.0,0,scene-0103_011,209,36,4,0.1111,4.113,3.1523,16733,0.2645,3,3,0,3,109,109,1,0,1,1,36,36,0,0,0,0,0,0,4,3,1,4,145,145,143.9232
distance_threshold,0.1,0.05,0.5,5,200,2.0,40.0,0,scene-0103_012,233,35,9,0.2571,3.0525,3.254,16950,0.2629,3,3,0,3,109,109,0,0,0,0,0,0,0,0,0,0,0,0,3,3,0,3,109,109,133.568
distance_threshold,0.1,0.05,0.5,5,200,2.0,40.0,0,scene-0103_013,224,36,3,0.0833,3.0787,3.2526,17141,0.2463,3,3,0,3,168,168,0,0,0,0,0,0,0,0,0,0,0,0,3,3,0,3,168,168,144.6897
distance_threshold,0.1,0.05,0.5,5,200,2.0,40.0,0,scene-0103_014,218,37,6,0.1622,3.0635,3.3019,17323,0.2328,3,3,0,3,225,224,0,0,0,0,0,0,0,0,0,0,0,0,3,3,0,3,225,224,134.5222
distance_threshold,0.1,0.05,0.5,5,200,2.0,40.0,0,scene-0103_015,220,39,6,0.1538,3.0661,2.9358,17427,0.2506,3,3,0,3,321,321,0,0,0,0,0,0,0,0,0,0,0,0,3,3,0,3,321,321,133.9231
distance_threshold,0.1,0.05,0.5,5,200,2.0,40.0,0,scene-0103_016,195,31,1,0.0323,3.0594,2.7937,17596,0.2338,2,1,1,2,326,326,0,0,0,0,0,0,0,0,0,0,0,0,2,1,1,2,326,326,232.7057
distance_threshold,0.1,0.05,0.5,5,200,2.0,40.0,0,scene-0103_017,224,39,6,0.1538,3.3955,2.3048,17591,0.2146,3,2,1,3,351,351,0,0,0,0,0,0,0,0,0,0,0,0,3,2,1,3,351,351,130.6086
distance_threshold,0.1,0.05,0.5,5,200,2.0,40.0,0,scene-0103_018,218,44,8,0.1818,3.0633,2.4786,17575,0.2254,4,3,1,4,413,411,0,0,0,0,0,0,0,0,0,0,0,0,4,3,1,4,413,411,145.6741
distance_threshold,0.1,0.05,0.5,5,200,2.0,40.0,0,scene-0103_019,195,42,5,0.119,3.3732,1.86,17620,0.2098,4,2,2,4,466,466,0,0,0,0,0,0,0,0,0,0,0,0,4,2,2,4,466,466,203.9456
distance_threshold,0.1,0.05,0.5,5,200,2.0,40.0,0,scene-0103_020,238,50,7,0.14,3.0589,2.4643,17569,0.2037,5,4,1,5,542,539,0,0,0,0,0,0,0,0,0,0,0,0,5,4,1,5,542,539,186.6172
distance_threshold,0.1,0.05,0.5,5,200,2.0,40.0,0,scene-0103_021,206,39,4,0.1026,3.204,2.0401,17517,0.2009,5,5,0,5,667,667,0,0,0,0,0,0,0,0,0,0,0,0,5,5,0,5,667,667,152.743
distance_threshold,0.1,0.05,0.5,5,200,2.0,40.0,0,scene-0103_022,214,31,2,0.0645,3.0508,3.0427,17235,0.1921,2,2,0,2,163,163,0,0,0,0,0,0,0,0,0,0,0,0,2,2,0,2,163,163,152.2789
distance_threshold,0.1,0.05,0.5,5,200,2.0,40.0,0,scene-0103_023,203,36,2,0.0556,3.0554,3.5306,16903,0.1921,3,2,0,2,234,234,0,0,0,0,0,0,0,0,0,0,0,0,3,2,0,2,234,234,146.4942
distance_threshold,0.1,0.05,0.5,5,200,2.0,40.0,0,scene-0103_024,232,40,8,0.2,3.3113,2.0684,16530,0.206,4,4,0,4,311,304,0,0,0,0,0,0,0,0,0,0,0,0,4,4,0,4,311,304,141.2395
distance_threshold,0.1,0.05,0.5,5,200,2.0,40.0,0,scene-0103_025,200,39,4,0.1026,3.0691,2.5499,16278,0.2275,4,4,0,4,425,412,0,0,0,0,0,0,0,0,0,0,0,0,4,4,0,4,425,412,133.1051
distance_threshold,0.1,0.05,0.5,5,200,2.0,40.0,0,scene-0103_026,186,35,4,0.1143,3.0809,2.3567,16152,0.1982,2,2,0,2,45,43,0,0,0,0,0,0,0,0,0,0,0,0,2,2,0,2,45,43,144.2901
distance_threshold,0.1,0.05,0.5,5,200,2.0,40.0,0,scene-0103_027,211,38,6,0.1579,3.0643,2.5987,16074,0.2307,2,2,0,2,85,80,0,0,0,0,0,0,0,0,0,0,0,0,2,2,0,2,85,80,202.0902
distance_threshold,0.1,0.05,0.5,5,200,2.0,40.0,0,scene-0103_028,228,44,5,0.1136,3.0563,2.0755,16187,0.2358,4,4,0,3,195,167,0,0,0,0,0,0,0,0,0,0,0,0,4,4,0,3,195,167,198.9801
distance_threshold,0.1,0.05,0.5,5,200,2.0,40.0,0,scene-0103_029,235,49,9,0.1837,3.0761,2.094,16457,0.2177,3,3,0,1,79,75,0,0,0,0,0,0,0,0,0,0,0,0,3,3,0,1,79,75,267.5095
distance_threshold,0.1,0.05,0.5,5,200,2.0,40.0,0,scene-0103_030,233,40,8,0.2,3.8106,2.3975,16542,0.2366,4,4,0,2,152,149,0,0,0,0,0,0,0,0,0,0,0,0,4,4,0,2,152,149,289.7162
distance_threshold,0.1,0.05,0.5,5,200,2.0,40.0,0,scene-0103_031,248,48,13,0.2708,3.4017,1.9778,16558,0.2233,6,6,0,5,254,253,0,0,0,0,0,0,0,0,0,0,0,0,6,6,0,5,254,253,210.0607
distance_threshold,0.1,0.05,0.5,5,200,2.0,40.0,0,scene-0103_032,231,37,9,0.2432,3.803,2.0951,16614,0.2374,7,6,0,3,420,415,0,0,0,0,0,0,1,1,0,1,16,16,8,7,0,4,436,431,147.0157
distance_threshold,0.1,0.05,0.5,5,200,2.0,40.0,0,scene-0103_033,280,31,11,0.3548,3.3469,2.2245,16612,0.2194,5,5,0,5,452,450,0,0,0,0,0,0,1,1,0,1,38,38,6,6,0,6,490,488,142.6165
distance_threshold,0.1,0.05,0.5,5,200,2.0,40.0,0,scene-0103_034,296,32,9,0.2812,3.7474,2.1593,16532,0.2345,6,6,0,4,868,866,0,0,0,0,0,0,0,0,0,0,0,0,6,6,0,4,868,866,144.2788
distance_threshold,0.1,0.05,0.5,5,200,2.0,40.0,0,scene-0103_035,286,31,9,0.2903,3.4463,2.4793,16062,0.2026,7,7,0,7,893,874,0,0,0,0,0,0,0,0,0,0,0,0,7,7,0,7,893,874,152.321
distance_threshold,0.1,0.05,0.5,5,200,2.0,40.0,0,scene-0103_036,243,22,8,0.3636,3.1252,2.4636,16148,0.1733,6,6,0,6,861,830,0,0,0,0,0,0,0,0,0,0,0,0,6,6,0,6,861,830,146.9932
distance_threshold,0.1,0.05,0.5,5,200,2.0,40.0,0,scene-0103_037,267,40,11,0.275,3.6691,2.018,15946,0.2049,6,5,1,6,798,791,0,0,0,0,0,0,0,0,0,0,0,0,6,5,1,6,798,791,144.4982
distance_threshold,0.1,0.05,0.5,5,200,2.0,40.0,0,scene-0103_038,204,26,6,0.2308,3.9135,2.6981,15621,0.1992,6,4,1,4,798,783,0,0,0,0,0,0,1,1,0,1,11,11,7,5,1,5,809,794,129.0092
distance_threshold,0.1,0.05,0.5,5,200,2.0,40.0,0,scene-0103_039,185,33,7,0.2121,2.7961,2.264,15467,0.1647,4,4,0,3,225,220,0,0,0,0,0,0,0,0,0,0,0,0,4,4,0,3,225,220,119.1183
distance_threshold,0.1,0.05,0.5,5,200,2.0,40.0,0,scene-1094_000,270,76,9,0.1184,2.0032,2.7335,14470,0.125,3,2,1,2,334,332,1,0,1,1,11,8,0,0,0,0,0,0,4,2,2,3,345,340,131.1148
distance_threshold,0.1,0.05,0.5,5,200,2.0,40.0,0,scene-1094_001,261,90,11,0.1222,2.0359,2.2222,15030,0.1236,4,2,1,2,322,313,1,1,0,1,15,11,0,0,0,0,0,0,5,3,1,3,337,324,110.5253
distance_threshold,0.1,0.05,0.5,5,200,2.0,40.0,0,scene-1094_002,272,77,12,0.1558,2.033,2.2118,15546,0.1903,4,3,0,3,337,334,2,2,0,2,26,26,0,0,0,0,0,0,6,5,0,5,363,360,123.7323
distance_threshold,0.1,0.05,0.5,5,200,2.0,40.0,0,scene-1094_003,277,82,11,0.1341,2.0055,2.5994,15847,0.1813,5,4,1,5,595,557,2,2,0,2,21,21,0,0,0,0,0,0,7,6,1,7,616,578,130.1313
distance_threshold,0.1,0.05,0.5,5,200,2.0,40.0,0,scene-1094_004,276,87,12,0.1379,2.0082,2.1664,16028,0.1796,5,2,2,4,527,501,0,0,0,0,0,0,0,0,0,0,0,0,5,2,2,4,527,501,139.4858
distance_threshold,0.1,0.05,0.5,5,200,2.0,40.0,0,scene-1094_005,282,88,11,0.125,2.0003,1.9718,16227,0.1401,5,3,2,4,484,451,0,0,0,0,0,0,0,0,0,0,0,0,5,3,2,4,484,451,134.4303
distance_threshold,0.1,0.05,0.5,5,200,2.0,40.0,0,scene-1094_006,249,80,11,0.1375,2.0134,2.0846,16400,0.1458,4,4,0,4,404,369,0,0,0,0,0,0,0,0,0,0,0,0,4,4,0,4,404,369,145.0091
distance_threshold,0.1,0.05,0.5,5,200,2.0,40.0,0,scene-1094_007,270,77,7,0.0909,2.0015,2.4298,16642,0.1696,3,3,0,2,411,376,0,0,0,0,0,0,0,0,0,0,0,0,3,3,0,2,411,376,126.668
distance_threshold,0.1,0.05,0.5,5,200,2.0,40.0,0,scene-1094_008,253,70,8,0.1143,2.0088,1.3288,16649,0.1951,4,4,0,4,448,432,1,1,0,1,18,18,0,0,0,0,0,0,5,5,0,5,466,450,93.1167
distance_threshold,0.1,0.05,0.5,5,200,2.0,40.0,0,scene-1094_009,292,82,12,0.1463,2.006,0.4796,16547,0.2044,4,4,0,2,396,396,1,1,0,1,20,20,0,0,0,0,0,0,5,5,0,3,416,416,153.1007
distance_threshold,0.1,0.05,0.5,5,200,2.0,40.0,0,scene-1094_010,311,81,17,0.2099,2.0007,0.8095,16400,0.2653,5,4,0,4,450,450,2,2,0,2,41,41,0,0,0,0,0,0,7,6,0,6,491,491,156.5423
distance_threshold,0.1,0.05,0.5,5,200,2.0,40.0,0,scene-1094_011,297,63,14,0.2222,2.0028,0.973,16548,0.2897,5,5,0,5,481,478,1,1,0,1,34,34,0,0,0,0,0,0,6,6,0,6,515,512,137.232
distance_threshold,0.1,0.05,0.5,5,200,2.0,40.0,0,scene-1094_012,319,54,8,0.1481,3.0005,0.7981,16434,0.2892,6,6,0,5,477,476,1,1,0,1,37,37,0,0,0,0,0,0,7,7,0,6,514,513,128.9894
distance_threshold,0.1,0.05,0.5,5,200,2.0,40.0,0,scene-1094_013,319,44,10,0.2273,2.0132,1.4793,16344,0.3102,7,6,1,6,479,479,0,0,0,0,0,0,0,0,0,0,0,0,7,6,1,6,479,479,142.9171
distance_threshold,0.1,0.05,0.5,5,200,2.0,40.0,0,scene-1094_014,322,29,10,0.3448,2.9211,1.5501,16415,0.308,8,8,0,8,512,512,0,0,0,0,0,0,0,0,0,0,0,0,8,8,0,8,512,512,129.6378
distance_threshold,0.1,0.05,0.5,5,200,2.0,40.0,0,scene-1094_015,317,32,6,0.1875,3.0191,1.5603,16408,0.2882,8,7,1,7,644,644,0,0,0,0,0,0,0,0,0,0,0,0,8,7,1,7,644,644,155.2699
distance_threshold,0.1,0.05,0.5,5,200,2.0,40.0,0,scene-1094_016,310,42,7,0.1667,2.8729,1.3171,16406,0.2722,6,5,1,4,533,511,0,0,0,0,0,0,0,0,0,0,0,0,6,5,1,4,533,511,113.3487
distance_threshold,0.1,0.05,0.5,5,200,2.0,40.0,0,scene-1094_017,279,41,6,0.1463,2.526,2.2427,16142,0.2432,5,5,0,5,177,177,0,0,0,0,0,0,0,0,0,0,0,0,5,5,0,5,177,177,133.9891
distance_threshold,0.1,0.05,0.5,5,200,2.0,40.0,0,scene-1094_018,268,39,2,0.0513,2.7948,2.1119,16385,0.2061,4,3,0,3,125,125,0,0,0,0,0,0,0,0,0,0,0,0,4,3,0,3,125,125,124.6899
distance_threshold,0.1,0.05,0.5,5,200,2.0,40.0,0,scene-1094_019,258,33,3,0.0909,2.9738,2.6123,16395,0.1385,4,4,0,3,166,166,0,0,0,0,0,0,0,0,0,0,0,0,4,4,0,3,166,166,150.1622
distance_threshold,0.1,0.05,0.5,5,200,2.0,40.0,0,scene-1094_020,237,25,4,0.16,3.0171,1.8746,16618,0.1503,3,3,0,2,98,98,0,0,0,0,0,0,0,0,0,0,0,0,3,3,0,2,98,98,154.5426
distance_threshold,0.1,0.05,0.5,5,200,2.0,40.0,0,scene-1094_021,221,34,3,0.0882,2.9131,1.3693,16710,0.1594,3,3,0,3,140,140,0,0,0,0,0,0,1,1,0,1,16,16,4,4,0,4,156,156,141.538
distance_threshold,0.1,0.05,0.5,5,200,2.0,40.0,0,scene-1094_022,223,34,2,0.0588,2.3568,1.0686,16799,0.1764,2,2,0,2,51,51,0,0,0,0,0,0,0,0,0,0,0,0,2,2,0,2,51,51,142.5862
distance_threshold,0.1,0.05,0.5,5,200,2.0,40.0,0,scene-1094_023,237,39,2,0.0513,2.0036,1.147,16667,0.198,2,2,0,2,79,79,0,0,0,0,0,0,0,0,0,0,0,0,2,2,0,2,79,79,150.6426
distance_threshold,0.1,0.05,0.5,5,200,2.0,40.0,0,scene-1094_024,266,40,2,0.05,2.3064,1.716,16848,0.1905,1,1,0,1,22,22,1,0,1,1,11,11,0,0,0,0,0,0,2,1,1,2,33,33,147.5588
distance_threshold,0.1,0.05,0.5,5,200,2.0,40.0,0,scene-1094_025,239,31,4,0.129,4.2888,1.7087,16249,0.2557,1,1,0,1,28,28,1,1,0,1,16,16,0,0,0,0,0,0,2,2,0,2,44,44,133.5549
distance_threshold,0.1,0.05,0.5,5,200,2.0,40.0,0,scene-1094_026,225,28,5,0.1786,2.5891,1.6301,15982,0.2318,1,1,0,1,30,30,0,0,0,0,0,0,0,0,0,0,0,0,1,1,0,1,30,30,148.3433
distance_threshold,0.1,0.05,0.5,5,200,2.0,40.0,0,scene-1094_027,225,37,6,0.1622,2.5202,1.5811,15542,0.2038,1,1,0,1,29,29,2,2,0,2,32,32,0,0,0,0,0,0,3,3,0,3,61,61,92.4957
distance_threshold,0.1,0.05,0.5,5,200,2.0,40.0,0,scene-1094_028,247,47,3,0.0638,2.3364,2.1915,15809,0.1578,0,0,0,0,0,0,1,0,1,1,33,33,0,0,0,0,0,0,1,0,1,1,33,33,100.2325
distance_threshold,0.1,0.05,0.5,5,200,2.0,40.0,0,scene-1094_029,296,42,4,0.0952,2.5239,1.4737,15667,0.2078,3,2,1,2,68,57,1,1,0,1,19,19,0,0,0,0,0,0,4,3,1,3,87,76,127.8871
distance_threshold,0.1,0.05,0.5,5,200,2.0,40.0,0,scene-1094_030,315,52,1,0.0192,3.0292,1.1438,15055,0.2125,0,0,0,0,0,0,1,0,1,1,33,31,0,0,0,0,0,0,1,0,1,1,33,31,137.1382
distance_threshold,0.1,0.05,0.5,5,200,2.0,40.0,0,scene-1094_031,324,47,2,0.0426,3.8783,1.411,14945,0.2717,1,1,0,0,44,41,0,0,0,0,0,0,0,0,0,0,0,0,1,1,0,0,44,41,116.5806
distance_threshold,0.1,0.05,0.5,5,200,2.0,40.0,0,scene-1094_032,300,36,2,0.0556,2.7334,1.3673,14615,0.3205,1,1,0,0,117,115,0,0,0,0,0,0,0,0,0,0,0,0,1,1,0,0,117,115,117.7071
distance_threshold,0.1,0.05,0.5,5,200,2.0,40.0,0,scene-1094_033,266,28,4,0.1429,2.7516,1.3672,14421,0.3129,2,2,0,2,352,346,0,0,0,0,0,0,0,0,0,0,0,0,2,2,0,2,352,346,121.0344
distance_threshold,0.1,0.05,0.5,5,200,2.0,40.0,0,scene-1094_034,251,29,2,0.069,3.3197,1.0458,14617,0.3002,0,0,0,0,0,0,1,1,0,1,11,11,0,0,0,0,0,0,1,1,0,1,11,11,120.3139
distance_threshold,0.1,0.05,0.5,5,200,2.0,40.0,0,scene-1094_035,242,29,1,0.0345,2.7082,1.2544,15014,0.2424,0,0,0,0,0,0,0,0,0,0,0,0,0,0,0,0,0,0,0,0,0,0,0,0,121.0346
distance_threshold,0.1,0.05,0.5,5,200,2.0,40.0,0,scene-1094_036,280,33,2,0.0606,2.4763,1.5532,15610,0.1961,1,1,0,1,17,17,0,0,0,0,0,0,0,0,0,0,0,0,1,1,0,1,17,17,152.2013
distance_threshold,0.1,0.05,0.5,5,200,2.0,40.0,0,scene-1094_037,299,30,1,0.0333,2.1588,1.5861,16210,0.2115,0,0,0,0,0,0,0,0,0,0,0,0,1,1,0,1,21,21,1,1,0,1,21,21,129.2062
distance_threshold,0.1,0.05,0.5,5,200,2.0,40.0,0,scene-1094_038,303,31,3,0.0968,2.6532,1.7938,16449,0.2342,2,2,0,2,61,56,0,0,0,0,0,0,0,0,0,0,0,0,2,2,0,2,61,56,121.6148
distance_threshold,0.1,0.05,0.5,5,200,2.0,40.0,0,scene-1094_039,311,20,3,0.15,2.6562,1.6584,16473,0.1929,1,1,0,1,10,10,1,1,0,1,11,11,0,0,0,0,0,0,2,2,0,2,21,21,143.9681
distance_threshold,0.1,0.1,0.5,5,200,2.0,40.0,0,scene-0103_000,96,34,1,0.0294,4.1917,2.0827,10839,0.4791,0,0,0,0,0,0,0,0,0,0,0,0,0,0,0,0,0,0,0,0,0,0,0,0,92.1065
distance_threshold,0.1,0.1,0.5,5,200,2.0,40.0,0,scene-0103_001,131,45,1,0.0222,3.7952,2.3153,11299,0.4531,0,0,0,0,0,0,1,1,0,1,15,15,0,0,0,0,0,0,1,1,0,1,15,15,97.502
distance_threshold,0.1,0.1,0.5,5,200,2.0,40.0,0,scene-0103_002,143,68,1,0.0147,3.1449,2.2435,11919,0.4276,0,0,0,0,0,0,1,1,0,0,11,9,0,0,0,0,0,0,1,1,0,0,11,9,87.2484
distance_threshold,0.1,0.1,0.5,5,200,2.0,40.0,0,scene-0103_003,169,63,5,0.0794,4.4658,2.0499,12741,0.4183,1,1,0,0,14,14,1,1,0,1,13,13,0,0,0,0,0,0,2,2,0,1,27,27,95.0478
distance_threshold,0.1,0.1,0.5,5,200,2.0,40.0,0,scene-0103_004,160,43,6,0.1395,4.9883,2.6698,13054,0.4247,1,1,0,1,49,49,2,1,1,2,25,25,0,0,0,0,0,0,3,2,1,3,74,74,113.0479
distance_threshold,0.1,0.1,0.5,5,200,2.0,40.0,0,scene-0103_005,178,27,4,0.1481,4.6938,3.1295,13310,0.427,1,1,0,1,329,329,1,0,1,1,13,13,0,0,0,0,0,0,2,1,1,2,342,342,363.8288
distance_threshold,0.1,0.1,0.5,5,200,2.0,40.0,0,scene-0103_006,189,32,4,0.125,3.0737,2.5791,14276,0.3844,2,2,0,2,32,32,1,1,0,1,10,10,0,0,0,0,0,0,3,3,0,3,42,42,185.1222
distance_threshold,0.1,0.1,0.5,5,200,2.0,40.0,0,scene-0103_007,181,33,3,0.0909,3.0545,2.1497,15107,0.4171,2,1,1,2,92,92,0,0,0,0,0,0,0,0,0,0,0,0,2,1,1,2,92,92,134.4218
distance_threshold,0.1,0.1,0.5,5,200,2.0,40.0,0,scene-0103_008,168,20,2,0.1,3.0838,1.7589,15526,0.3675,2,2,0,2,583,569,0,0,0,0,0,0,0,0,0,0,0,0,2,2,0,2,583,569,129.1365
distance_threshold,0.1,0.1,0.5,5,200,2.0,40.0,0,scene-0103_009,185,45,4,0.0889,5.2695,1.5766,16190,0.3878,3,3,0,2,124,124,1,0,1,0,10,10,0,0,0,0,0,0,4,3,1,2,134,134,127.6846
distance_threshold,0.1,0.1,0.5,5,200,2.0,40.0,0,scene-0103_010,177,34,8,0.2353,5.5552,2.1805,16539,0.4093,4,4,0,4,280,280,1,0,1,1,17,17,0,0,0,0,0,0,5,4,1,5,297,297,121.6147
distance_threshold,0.1,0.1,0.5,5,200,2.0,40.0,0,scene-0103_011,205,34,4,0.1176,3.0842,3.572,16733,0.3644,3,3,0,3,109,106,1,0,1,1,36,36,0,0,0,0,0,0,4,3,1,4,145,142,136.6216
distance_threshold,0.1,0.1,0.5,5,200,2.0,40.0,0,scene-0103_012,210,29,8,0.2759,6.2991,2.8656,16950,0.3841,3,3,0,3,109,109,0,0,0,0,0,0,0,0,0,0,0,0,3,3,0,3,109,109,145.7148
distance_threshold,0.1,0.1,0.5,5,200,2.0,40.0,0,scene-0103_013,208,28,3,0.1071,3.0907,3.3157,17141,0.3528,3,3,0,3,168,167,0,0,0,0,0,0,0,0,0,0,0,0,3,3,0,3,168,167,137.6278
distance_threshold,0.1,0.1,0.5,5,200,2.0,40.0,0,scene-0103_014,196,28,5,0.1786,5.774,2.9232,17323,0.3314,3,3,0,3,225,225,0,0,0,0,0,0,0,0,0,0,0,0,3,3,0,3,225,225,143.4779
distance_threshold,0.1,0.1,0.5,5,200,2.0,40.0,0,scene-0103_015,212,32,5,0.1562,3.7575,2.9358,17427,0.3616,3,3,0,3,321,321,0,0,0,0,0,0,0,0,0,0,0,0,3,3,0,3,321,321,150.9785
distance_threshold,0.1,0.1,0.5,5,200,2.0,40.0,0,scene-0103_016,182,31,2,0.0645,5.4499,2.4254,17596,0.3358,2,2,0,2,326,326,0,0,0,0,0,0,0,0,0,0,0,0,2,2,0,2,326,326,127.3972
distance_threshold,0.1,0.1,0.5,5,200,2.0,40.0,0,scene-0103_017,206,37,6,0.1622,3.0634,2.9219,17591,0.3281,3,2,1,3,351,341,0,0,0,0,0,0,0,0,0,0,0,0,3,2,1,3,351,341,133.8513
distance_threshold,0.1,0.1,0.5,5,200,2.0,40.0,0,scene-0103_018,193,31,7,0.2258,3.0724,2.4786,17575,0.3494,4,3,1,4,413,407,0,0,0,0,0,0,0,0,0,0,0,0,4,3,1,4,413,407,150.3911
distance_threshold,0.1,0.1,0.5,5,200,2.0,40.0,0,scene-0103_019,194,38,8,0.2105,3.8145,2.3019,17620,0.346,4,3,1,4,466,461,0,0,0,0,0,0,0,0,0,0,0,0,4,3,1,4,466,461,144.2708
distance_threshold,0.1,0.1,0.5,5,200,2.0,40.0,0,scene-0103_020,221,41,7,0.1707,3.0589,2.4376,17569,0.3216,5,4,1,5,542,528,0,0,0,0,0,0,0,0,0,0,0,0,5,4,1,5,542,528,134.4843
distance_threshold,0.1,0.1,0.5,5,200,2.0,40.0,0,scene-0103_021,196,35,4,0.1143,3.9286,2.2616,17517,0.3228,5,5,0,5,667,665,0,0,0,0,0,0,0,0,0,0,0,0,5,5,0,5,667,665,141.8758
distance_threshold,0.1,0.1,0.5,5,200,2.0,40.0,0,scene-0103_022,208,38,3,0.0789,3.0508,2.8876,17235,0.3158,2,2,0,2,163,163,0,0,0,0,0,0,0,0,0,0,0,0,2,2,0,2,163,163,147.9646
distance_threshold,0.1,0.1,0.5,5,200,2.0,40.0,0,scene-0103_023,211,33,2,0.0606,3.4517,2.7018,16903,0.3007,3,2,0,2,234,230,0,0,0,0,0,0,0,0,0,0,0,0,3,2,0,2,234,230,132.186
distance_threshold,0.1,0.1,0.5,5,200,2.0,40.0,0,scene-0103_024,215,36,8,0.2222,3.0644,2.6259,16530,0.289,4,4,0,4,311,307,0,0,0,0,0,0,0,0,0,0,0,0,4,4,0,4,311,307,139.7034
distance_threshold,0.1,0.1,0.5,5,200,2.0,40.0,0,scene-0103_025,188,32,3,0.0938,3.0769,2.5499,16278,0.3235,4,4,0,4,425,395,0,0,0,0,0,0,0,0,0,0,0,0,4,4,0,4,425,395,107.7865
distance_threshold,0.1,0.1,0.5,5,200,2.0,40.0,0,scene-0103_026,179,37,3,0.0811,3.2429,2.8325,16152,0.3287,2,2,0,2,45,45,0,0,0,0,0,0,0,0,0,0,0,0,2,2,0,2,45,45,113.7065
distance_threshold,0.1,0.1,0.5,5,200,2.0,40.0,0,scene-0103_027,203,42,4,0.0952,4.6196,2.1951,16074,0.3713,2,2,0,2,85,77,0,0,0,0,0,0,0,0,0,0,0,0,2,2,0,2,85,77,119.7443
distance_threshold,0.1,0.1,0.5,5,200,2.0,40.0,0,scene-0103_028,200,35,6,0.1714,3.9721,2.592,16187,0.3658,4,4,0,2,195,163,0,0,0,0,0,0,0,0,0,0,0,0,4,4,0,2,195,163,123.6788
distance_threshold,0.1,0.1,0.5,5,200,2.0,40.0,0,scene-0103_029,210,38,10,0.2632,4.411,2.094,16457,0.373,3,2,0,1,79,73,0,0,0,0,0,0,0,0,0,0,0,0,3,2,0,1,79,73,128.3827
distance_threshold,0.1,0.1,0.5,5,200,2.0,40.0,0,scene-0103_030,218,39,9,0.2308,3.8106,2.5044,16542,0.3809,4,4,0,2,152,151,0,0,0,0,0,0,0,0,0,0,0,0,4,4,0,2,152,151,128.1644
distance_threshold,0.1,0.1,0.5,5,200,2.0,40.0,0,scene-0103_031,225,40,10,0.25,6.0488,1.9778,16558,0.3396,6,6,0,5,254,249,0,0,0,0,0,0,0,0,0,0,0,0,6,6,0,5,254,249,131.4333
distance_threshold,0.1,0.1,0.5,5,200,2.0,40.0,0,scene-0103_032,213,28,8,0.2857,5.562,2.0951,16614,0.3536,7,6,0,3,420,413,0,0,0,0,0,0,1,1,0,1,16,16,8,7,0,4,436,429,137.1796
distance_threshold,0.1,0.1,0.5,5,200,2.0,40.0,0,scene-0103_033,264,25,10,0.4,5.414,2.2245,16612,0.3257,5,5,0,4,452,442,0,0,0,0,0,0,1,1,0,1,38,34,6,6,0,5,490,476,144.7332
distance_threshold,0.1,0.1,0.5,5,200,2.0,40.0,0,scene-0103_034,277,33,12,0.3636,4.4157,2.5493,16532,0.3132,6,6,0,4,868,826,0,0,0,0,0,0,0,0,0,0,0,0,6,6,0,4,868,826,150.5711
distance_threshold,0.1,0.1,0.5,5,200,2.0,40.0,0,scene-0103_035,274,31,9,0.2903,4.3859,2.4793,16062,0.2895,7,7,0,7,893,853,0,0,0,0,0,0,0,0,0,0,0,0,7,7,0,7,893,853,140.1829
distance_threshold,0.1,0.1,0.5,5,200,2.0,40.0,0,scene-0103_036,246,24,6,0.25,4.2829,2.3101,16148,0.2878,6,6,0,6,861,835,0,0,0,0,0,0,0,0,0,0,0,0,6,6,0,6,861,835,121.2598
distance_threshold,0.1,0.1,0.5,5,200,2.0,40.0,0,scene-0103_037,250,28,8,0.2857,4.2572,2.018,15946,0.297,6,6,0,6,798,779,0,0,0,0,0,0,0,0,0,0,0,0,6,6,0,6,798,779,126.0649
distance_threshold,0.1,0.1,0.5,5,200,2.0,40.0,0,scene-0103_038,188,17,6,0.3529,4.269,2.6981,15621,0.2748,6,5,0,4,798,770,0,0,0,0,0,0,1,1,0,1,11,11,7,6,0,5,809,781,129.271
distance_threshold,0.1,0.1,0.5,5,200,2.0,40.0,0,scene-0103_039,187,24,7,0.2917,2.7961,2.5064,15467,0.2454,4,4,0,3,225,213,0,0,0,0,0,0,0,0,0,0,0,0,4,4,0,3,225,213,129.8546
distance_threshold,0.1,0.1,0.5,5,200,2.0,40.0,0,scene-1094_000,273,77,9,0.1169,2.0032,2.7335,14470,0.1784,3,2,1,2,334,303,1,0,1,1,11,8,0,0,0,0,0,0,4,2,2,3,345,311,116.2534
distance_threshold,0.1,0.1,0.5,5,200,2.0,40.0,0,scene-1094_001,267,93,13,0.1398,2.0359,1.777,15030,0.2182,4,3,0,2,322,301,1,1,0,1,15,15,0,0,0,0,0,0,5,4,0,3,337,316,113.7109
distance_threshold,0.1,0.1,0.5,5,200,2.0,40.0,0,scene-1094_002,263,78,12,0.1538,2.033,2.0522,15546,0.2504,4,3,0,2,337,324,2,2,0,2,26,22,0,0,0,0,0,0,6,5,0,4,363,346,127.6509
distance_threshold,0.1,0.1,0.5,5,200,2.0,40.0,0,scene-1094_003,282,88,12,0.1364,2.0055,2.0879,15847,0.2538,5,4,1,4,595,514,2,2,0,2,21,18,0,0,0,0,0,0,7,6,1,6,616,532,133.2985
distance_threshold,0.1,0.1,0.5,5,200,2.0,40.0,0,scene-1094_004,276,86,11,0.1279,2.0082,2.1664,16028,0.2453,5,2,2,3,527,479,0,0,0,0,0,0,0,0,0,0,0,0,5,2,2,3,527,479,131.9995
distance_threshold,0.1,0.1,0.5,5,200,2.0,40.0,0,scene-1094_005,280,88,11,0.125,2.0003,1.6252,16227,0.2209,5,5,0,4,484,454,0,0,0,0,0,0,0,0,0,0,0,0,5,5,0,4,484,454,102.7665
distance_threshold,0.1,0.1,0.5,5,200,2.0,40.0,0,scene-1094_006,275,86,11,0.1279,2.0134,1.731,16400,0.2251,4,4,0,3,404,387,0,0,0,0,0,0,0,0,0,0,0,0,4,4,0,3,404,387,126.1599
distance_threshold,0.1,0.1,0.5,5,200,2.0,40.0,0,scene-1094_007,264,77,8,0.1039,2.0015,2.4298,16642,0.2289,3,3,0,2,411,374,0,0,0,0,0,0,0,0,0,0,0,0,3,3,0,2,411,374,134.8615
distance_threshold,0.1,0.1,0.5,5,200,2.0,40.0,0,scene-1094_008,245,68,8,0.1176,2.0088,1.3288,16649,0.2664,4,4,0,4,448,431,1,1,0,1,18,18,0,0,0,0,0,0,5,5,0,5,466,449,127.359
distance_threshold,0.1,0.1,0.5,5,200,2.0,40.0,0,scene-1094_009,278,81,12,0.1481,2.006,0.4796,16547,0.2794,4,4,0,2,396,393,1,1,0,1,20,20,0,0,0,0,0,0,5,5,0,3,416,413,130.6178
distance_threshold,0.1,0.1,0.5,5,200,2.0,40.0,0,scene-1094_010,304,80,17,0.2125,2.0007,0.8095,16400,0.3365,5,4,0,4,450,449,2,2,0,2,41,41,0,0,0,0,0,0,7,6,0,6,491,490,128.4079
distance_threshold,0.1,0.1,0.5,5,200,2.0,40.0,0,scene-1094_011,290,62,13,0.2097,2.0028,0.973,16548,0.3572,5,5,0,5,481,478,1,1,0,1,34,34,0,0,0,0,0,0,6,6,0,6,515,512,132.0483
distance_threshold,0.1,0.1,0.5,5,200,2.0,40.0,0,scene-1094_012,297,52,8,0.1538,3.0005,1.3914,16434,0.3708,6,6,0,5,477,476,1,1,0,1,37,37,0,0,0,0,0,0,7,7,0,6,514,513,143.6051
distance_threshold,0.1,0.1,0.5,5,200,2.0,40.0,0,scene-1094_013,315,44,11,0.25,2.0132,1.4793,16344,0.3823,7,6,1,6,479,479,0,0,0,0,0,0,0,0,0,0,0,0,7,6,1,6,479,479,127.9902
distance_threshold,0.1,0.1,0.5,5,200,2.0,40.0,0,scene-1094_014,317,27,10,0.3704,2.9211,1.5501,16415,0.3868,8,8,0,8,512,512,0,0,0,0,0,0,0,0,0,0,0,0,8,8,0,8,512,512,138.1381
distance_threshold,0.1,0.1,0.5,5,200,2.0,40.0,0,scene-1094_015,315,32,7,0.2188,3.1269,1.2376,16408,0.3808,8,8,0,7,644,644,0,0,0,0,0,0,0,0,0,0,0,0,8,8,0,7,644,644,130.7224
distance_threshold,0.1,0.1,0.5,5,200,2.0,40.0,0,scene-1094_016,300,43,8,0.186,2.9825,1.3171,16406,0.35,6,6,0,4,533,478,0,0,0,0,0,0,0,0,0,0,0,0,6,6,0,4,533,478,130.4164
distance_threshold,0.1,0.1,0.5,5,200,2.0,40.0,0,scene-1094_017,271,39,6,0.1538,2.526,2.2427,16142,0.3141,5,5,0,5,177,176,0,0,0,0,0,0,0,0,0,0,0,0,5,5,0,5,177,176,140.0864
distance_threshold,0.1,0.1,0.5,5,200,2.0,40.0,0,scene-1094_018,261,39,2,0.0513,2.7948,2.1119,16385,0.2725,4,3,0,3,125,125,0,0,0,0,0,0,0,0,0,0,0,0,4,3,0,3,125,125,143.1335
distance_threshold,0.1,0.1,0.5,5,200,2.0,40.0,0,scene-1094_019,245,32,3,0.0938,2.9738,2.6123,16395,0.2192,4,4,0,3,166,166,0,0,0,0,0,0,0,0,0,0,0,0,4,4,0,3,166,166,108.3631
distance_threshold,0.1,0.1,0.5,5,200,2.0,40.0,0,scene-1094_020,227,25,4,0.16,3.0171,1.8746,16618,0.2276,3,3,0,2,98,98,0,0,0,0,0,0,0,0,0,0,0,0,3,3,0,2,98,98,123.4611
distance_threshold,0.1,0.1,0.5,5,200,2.0,40.0,0,scene-1094_021,216,32,3,0.0938,2.9131,1.3693,16710,0.2039,3,3,0,3,140,140,0,0,0,0,0,0,1,1,0,1,16,16,4,4,0,4,156,156,137.8766
distance_threshold,0.1,0.1,0.5,5,200,2.0,40.0,0,scene-1094_022,214,33,2,0.0606,2.3568,1.1517,16799,0.2203,2,2,0,2,51,51,0,0,0,0,0,0,0,0,0,0,0,0,2,2,0,2,51,51,151.3775
distance_threshold,0.1,0.1,0.5,5,200,2.0,40.0,0,scene-1094_023,230,39,2,0.0513,2.0036,1.147,16667,0.2282,2,2,0,2,79,79,0,0,0,0,0,0,0,0,0,0,0,0,2,2,0,2,79,79,139.2142
distance_threshold,0.1,0.1,0.5,5,200,2.0,40.0,0,scene-1094_024,255,36,2,0.0556,2.3064,1.716,16848,0.2529,1,1,0,1,22,21,1,0,1,1,11,11,0,0,0,0,0,0,2,1,1,2,33,32,131.9858
distance_threshold,0.1,0.1,0.5,5,200,2.0,40.0,0,scene-1094_025,237,32,4,0.125,4.3373,1.7087,16249,0.3002,1,1,0,1,28,28,1,1,0,1,16,16,0,0,0,0,0,0,2,2,0,2,44,44,98.0343
distance_threshold,0.1,0.1,0.5,5,200,2.0,40.0,0,scene-1094_026,214,28,5,0.1786,2.5891,1.5606,15982,0.2966,1,1,0,1,30,30,0,0,0,0,0,0,0,0,0,0,0,0,1,1,0,1,30,30,112.7454
distance_threshold,0.1,0.1,0.5,5,200,2.0,40.0,0,scene-1094_027,214,36,6,0.1667,2.5202,1.5811,15542,0.2691,1,1,0,1,29,29,2,2,0,2,32,32,0,0,0,0,0,0,3,3,0,3,61,61,94.0876
distance_threshold,0.1,0.1,0.5,5,200,2.0,40.0,0,scene-1094_028,261,47,4,0.0851,2.3364,2.1652,15809,0.2798,0,0,0,0,0,0,1,1,0,1,33,33,0,0,0,0,0,0,1,1,0,1,33,33,138.2824
distance_threshold,0.1,0.1,0.5,5,200,2.0,40.0,0,scene-1094_029,286,40,3,0.075,2.5239,1.7315,15667,0.2969,3,3,0,3,68,68,1,1,0,1,19,18,0,0,0,0,0,0,4,4,0,4,87,86,123.5824
distance_threshold,0.1,0.1,0.5,5,200,2.0,40.0,0,scene-1094_030,303,45,2,0.0444,3.0292,1.0649,15055,0.3408,0,0,0,0,0,0,1,1,0,1,33,31,0,0,0,0,0,0,1,1,0,1,33,31,136.7082
distance_threshold,0.1,0.1,0.5,5,200,2.0,40.0,0,scene-1094_031,306,45,2,0.0444,3.8783,0.6516,14945,0.3387,1,1,0,0,44,44,0,0,0,0,0,0,0,0,0,0,0,0,1,1,0,0,44,44,132.5766
distance_threshold,0.1,0.1,0.5,5,200,2.0,40.0,0,scene-1094_032,286,31,2,0.0645,2.7334,1.2354,14615,0.3831,1,1,0,0,117,117,0,0,0,0,0,0,0,0,0,0,0,0,1,1,0,0,117,117,97.6403
distance_threshold,0.1,0.1,0.5,5,200,2.0,40.0,0,scene-1094_033,253,28,5,0.1786,2.7516,1.5116,14421,0.4083,2,2,0,2,352,344,0,0,0,0,0,0,0,0,0,0,0,0,2,2,0,2,352,344,122.4209
distance_threshold,0.1,0.1,0.5,5,200,2.0,40.0,0,scene-1094_034,253,26,2,0.0769,3.392,1.0831,14617,0.3497,0,0,0,0,0,0,1,1,0,1,11,11,0,0,0,0,0,0,1,1,0,1,11,11,121.9581
distance_threshold,0.1,0.1,0.5,5,200,2.0,40.0,0,scene-1094_035,219,30,1,0.0333,2.7082,0.9421,15014,0.3171,0,0,0,0,0,0,0,0,0,0,0,0,0,0,0,0,0,0,0,0,0,0,0,0,123.7096
distance_threshold,0.1,0.1,0.5,5,200,2.0,40.0,0,scene-1094_036,271,33,2,0.0606,2.4763,1.7668,15610,0.2566,1,1,0,1,17,17,0,0,0,0,0,0,0,0,0,0,0,0,1,1,0,1,17,17,125.6526
distance_threshold,0.1,0.1,0.5,5,200,2.0,40.0,0,scene-1094_037,288,32,1,0.0312,2.1588,1.5861,16210,0.2754,0,0,0,0,0,0,0,0,0,0,0,0,1,1,0,1,21,21,1,1,0,1,21,21,115.0514
distance_threshold,0.1,0.1,0.5,5,200,2.0,40.0,0,scene-1094_038,302,34,3,0.0882,2.6532,1.7938,16449,0.3191,2,2,0,2,61,56,0,0,0,0,0,0,0,0,0,0,0,0,2,2,0,2,61,56,140.2273
distance_threshold,0.1,0.1,0.5,5,200,2.0,40.0,0,scene-1094_039,311,27,4,0.1481,2.6562,1.5186,16473,0.2829,1,1,0,1,10,10,1,1,0,1,11,11,0,0,0,0,0,0,2,2,0,2,21,21,149.5578
distance_threshold,0.1,0.15,0.5,5,200,2.0,40.0,0,scene-0103_000,98,30,1,0.0333,4.1917,2.0528,10839,0.5055,0,0,0,0,0,0,0,0,0,0,0,0,0,0,0,0,0,0,0,0,0,0,0,0,91.1037
distance_threshold,0.1,0.15,0.5,5,200,2.0,40.0,0,scene-0103_001,122,43,1,0.0233,4.1317,2.0054,11299,0.4979,0,0,0,0,0,0,1,1,0,1,15,15,0,0,0,0,0,0,1,1,0,1,15,15,103.0989
distance_threshold,0.1,0.15,0.5,5,200,2.0,40.0,0,scene-0103_002,137,67,1,0.0149,3.9517,2.2435,11919,0.4671,0,0,0,0,0,0,1,1,0,0,11,9,0,0,0,0,0,0,1,1,0,0,11,9,105.9269
distance_threshold,0.1,0.15,0.5,5,200,2.0,40.0,0,scene-0103_003,161,55,5,0.0909,4.4658,2.2901,12741,0.4833,1,1,0,0,14,14,1,1,0,1,13,13,0,0,0,0,0,0,2,2,0,1,27,27,120.7615
distance_threshold,0.1,0.15,0.5,5,200,2.0,40.0,0,scene-0103_004,151,43,7,0.1628,4.9883,3.029,13054,0.488,1,1,0,1,49,49,2,2,0,2,25,25,0,0,0,0,0,0,3,3,0,3,74,74,117.6973
distance_threshold,0.1,0.15,0.5,5,200,2.0,40.0,0,scene-0103_005,171,26,5,0.1923,4.7839,3.2799,13310,0.4927,1,1,0,1,329,327,1,1,0,1,13,13,0,0,0,0,0,0,2,2,0,2,342,340,122.7661
distance_threshold,0.1,0.15,0.5,5,200,2.0,40.0,0,scene-0103_006,182,29,4,0.1379,3.9712,2.9897,14276,0.4735,2,2,0,2,32,32,1,1,0,1,10,10,0,0,0,0,0,0,3,3,0,3,42,42,126.2719
distance_threshold,0.1,0.15,0.5,5,200,2.0,40.0,0,scene-0103_007,179,31,2,0.0645,4.9381,2.1093,15107,0.4888,2,1,1,2,92,92,0,0,0,0,0,0,0,0,0,0,0,0,2,1,1,2,92,92,123.2386
distance_threshold,0.1,0.15,0.5,5,200,2.0,40.0,0,scene-0103_008,160,21,2,0.0952,3.5313,1.41,15526,0.4463,2,2,0,2,583,557,0,0,0,0,0,0,0,0,0,0,0,0,2,2,0,2,583,557,99.3089
distance_threshold,0.1,0.15,0.5,5,200,2.0,40.0,0,scene-0103_009,176,42,4,0.0952,5.2695,1.5766,16190,0.4368,3,3,0,2,124,124,1,0,1,0,10,10,0,0,0,0,0,0,4,3,1,2,134,134,107.1471
distance_threshold,0.1,0.15,0.5,5,200,2.0,40.0,0,scene-0103_010,166,28,8,0.2857,5.5688,2.1805,16539,0.4636,4,4,0,4,280,278,1,0,1,1,17,17,0,0,0,0,0,0,5,4,1,5,297,295,106.0043
distance_threshold,0.1,0.15,0.5,5,200,2.0,40.0,0,scene-0103_011,198,29,3,0.1034,5.6801,3.572,16733,0.4344,3,3,0,3,109,106,1,0,1,1,36,36,0,0,0,0,0,0,4,3,1,4,145,142,127.8825
distance_threshold,0.1,0.15,0.5,5,200,2.0,40.0,0,scene-0103_012,193,26,7,0.2692,6.6571,2.8656,16950,0.4352,3,3,0,3,109,109,0,0,0,0,0,0,0,0,0,0,0,0,3,3,0,3,109,109,119.9109
distance_threshold,0.1,0.15,0.5,5,200,2.0,40.0,0,scene-0103_013,204,25,4,0.16,4.8917,3.3157,17141,0.4195,3,3,0,3,168,162,0,0,0,0,0,0,0,0,0,0,0,0,3,3,0,3,168,162,123.7002
distance_threshold,0.1,0.15,0.5,5,200,2.0,40.0,0,scene-0103_014,194,24,5,0.2083,3.7936,3.3019,17323,0.4003,3,3,0,3,225,216,0,0,0,0,0,0,0,0,0,0,0,0,3,3,0,3,225,216,121.0497
distance_threshold,0.1,0.15,0.5,5,200,2.0,40.0,0,scene-0103_015,196,29,5,0.1724,5.276,2.9358,17427,0.4338,3,3,0,3,321,317,0,0,0,0,0,0,0,0,0,0,0,0,3,3,0,3,321,317,118.5877
distance_threshold,0.1,0.15,0.5,5,200,2.0,40.0,0,scene-0103_016,177,22,2,0.0909,4.0962,2.7937,17596,0.4114,2,2,0,2,326,312,0,0,0,0,0,0,0,0,0,0,0,0,2,2,0,2,326,312,109.6745
distance_threshold,0.1,0.15,0.5,5,200,2.0,40.0,0,scene-0103_017,191,36,7,0.1944,7.6537,2.3048,17591,0.4062,3,3,0,3,351,351,0,0,0,0,0,0,0,0,0,0,0,0,3,3,0,3,351,351,96.7568
distance_threshold,0.1,0.15,0.5,5,200,2.0,40.0,0,scene-0103_018,184,27,7,0.2593,5.3557,2.3955,17575,0.4255,4,4,0,4,413,396,0,0,0,0,0,0,0,0,0,0,0,0,4,4,0,4,413,396,92.8541
distance_threshold,0.1,0.15,0.5,5,200,2.0,40.0,0,scene-0103_019,179,28,7,0.25,6.0283,2.3019,17620,0.4216,4,4,0,4,466,452,0,0,0,0,0,0,0,0,0,0,0,0,4,4,0,4,466,452,101.132
distance_threshold,0.1,0.15,0.5,5,200,2.0,40.0,0,scene-0103_020,207,38,7,0.1842,4.8635,2.4643,17569,0.4075,5,5,0,5,542,523,0,0,0,0,0,0,0,0,0,0,0,0,5,5,0,5,542,523,120.2527
distance_threshold,0.1,0.15,0.5,5,200,2.0,40.0,0,scene-0103_021,184,31,4,0.129,4.3685,2.2616,17517,0.4021,5,5,0,5,667,659,0,0,0,0,0,0,0,0,0,0,0,0,5,5,0,5,667,659,174.9853
distance_threshold,0.1,0.15,0.5,5,200,2.0,40.0,0,scene-0103_022,185,28,2,0.0714,3.7341,2.8876,17235,0.4089,2,2,0,2,163,163,0,0,0,0,0,0,0,0,0,0,0,0,2,2,0,2,163,163,161.3694
distance_threshold,0.1,0.15,0.5,5,200,2.0,40.0,0,scene-0103_023,189,31,2,0.0645,3.4517,3.0247,16903,0.3956,3,2,0,2,234,234,0,0,0,0,0,0,0,0,0,0,0,0,3,2,0,2,234,234,145.6434
distance_threshold,0.1,0.15,0.5,5,200,2.0,40.0,0,scene-0103_024,197,32,7,0.2188,3.3113,2.6259,16530,0.388,4,4,0,4,311,306,0,0,0,0,0,0,0,0,0,0,0,0,4,4,0,4,311,306,148.2479
distance_threshold,0.1,0.15,0.5,5,200,2.0,40.0,0,scene-0103_025,170,38,3,0.0789,3.4141,2.8356,16278,0.4047,4,4,0,4,425,410,0,0,0,0,0,0,0,0,0,0,0,0,4,4,0,4,425,410,130.6173
distance_threshold,0.1,0.15,0.5,5,200,2.0,40.0,0,scene-0103_026,151,29,3,0.1034,4.3301,2.8325,16152,0.4357,2,2,0,2,45,42,0,0,0,0,0,0,0,0,0,0,0,0,2,2,0,2,45,42,132.8408
distance_threshold,0.1,0.15,0.5,5,200,2.0,40.0,0,scene-0103_027,200,35,4,0.1143,4.6196,2.5987,16074,0.424,2,2,0,2,85,74,0,0,0,0,0,0,0,0,0,0,0,0,2,2,0,2,85,74,116.8401
distance_threshold,0.1,0.15,0.5,5,200,2.0,40.0,0,scene-0103_028,194,39,4,0.1026,4.115,2.6447,16187,0.4448,4,4,0,3,195,189,0,0,0,0,0,0,0,0,0,0,0,0,4,4,0,3,195,189,120.3033
distance_threshold,0.1,0.15,0.5,5,200,2.0,40.0,0,scene-0103_029,200,34,7,0.2059,5.4422,2.094,16457,0.4414,3,2,0,1,79,70,0,0,0,0,0,0,0,0,0,0,0,0,3,2,0,1,79,70,132.7424
distance_threshold,0.1,0.15,0.5,5,200,2.0,40.0,0,scene-0103_030,197,38,7,0.1842,5.4312,2.5148,16542,0.4628,4,4,0,2,152,151,0,0,0,0,0,0,0,0,0,0,0,0,4,4,0,2,152,151,135.6693
distance_threshold,0.1,0.15,0.5,5,200,2.0,40.0,0,scene-0103_031,212,40,13,0.325,5.1442,2.3995,16558,0.4255,6,6,0,4,254,226,0,0,0,0,0,0,0,0,0,0,0,0,6,6,0,4,254,226,135.285
distance_threshold,0.1,0.15,0.5,5,200,2.0,40.0,0,scene-0103_032,207,27,8,0.2963,7.3049,2.0951,16614,0.4028,7,6,0,3,420,406,0,0,0,0,0,0,1,1,0,1,16,14,8,7,0,4,436,420,135.8593
distance_threshold,0.1,0.15,0.5,5,200,2.0,40.0,0,scene-0103_033,258,31,10,0.3226,5.2308,3.0189,16612,0.3752,5,5,0,4,452,391,0,0,0,0,0,0,1,1,0,1,38,33,6,6,0,5,490,424,147.827
distance_threshold,0.1,0.15,0.5,5,200,2.0,40.0,0,scene-0103_034,277,27,9,0.3333,4.4157,2.115,16532,0.3719,6,5,0,4,868,830,0,0,0,0,0,0,0,0,0,0,0,0,6,5,0,4,868,830,138.9556
distance_threshold,0.1,0.15,0.5,5,200,2.0,40.0,0,scene-0103_035,268,29,9,0.3103,4.3859,2.5169,16062,0.3461,7,7,0,6,893,829,0,0,0,0,0,0,0,0,0,0,0,0,7,7,0,6,893,829,123.6693
distance_threshold,0.1,0.15,0.5,5,200,2.0,40.0,0,scene-0103_036,240,23,11,0.4783,4.2829,3.1132,16148,0.3417,6,6,0,6,861,809,0,0,0,0,0,0,0,0,0,0,0,0,6,6,0,6,861,809,137.0093
distance_threshold,0.1,0.15,0.5,5,200,2.0,40.0,0,scene-0103_037,237,27,10,0.3704,3.8575,2.1826,15946,0.3312,6,6,0,6,798,742,0,0,0,0,0,0,0,0,0,0,0,0,6,6,0,6,798,742,133.2491
distance_threshold,0.1,0.15,0.5,5,200,2.0,40.0,0,scene-0103_038,178,13,5,0.3846,3.763,3.4797,15621,0.3197,6,5,0,4,798,734,0,0,0,0,0,0,1,0,1,0,11,6,7,5,1,4,809,740,134.6511
distance_threshold,0.1,0.15,0.5,5,200,2.0,40.0,0,scene-0103_039,176,25,9,0.36,2.7961,2.5064,15467,0.3068,4,4,0,3,225,192,0,0,0,0,0,0,0,0,0,0,0,0,4,4,0,3,225,192,121.6918
distance_threshold,0.1,0.15,0.5,5,200,2.0,40.0,0,scene-1094_000,287,78,10,0.1282,2.0032,2.8882,14470,0.2446,3,3,0,2,334,265,1,1,0,1,11,9,0,0,0,0,0,0,4,4,0,3,345,274,133.4165
distance_threshold,0.1,0.15,0.5,5,200,2.0,40.0,0,scene-1094_001,264,91,12,0.1319,2.0359,2.2222,15030,0.2758,4,3,0,2,322,260,1,1,0,1,15,11,0,0,0,0,0,0,5,4,0,3,337,271,142.1218
distance_threshold,0.1,0.15,0.5,5,200,2.0,40.0,0,scene-1094_002,264,81,13,0.1605,2.033,2.0522,15546,0.2895,4,3,0,2,337,323,2,2,0,2,26,22,0,0,0,0,0,0,6,5,0,4,363,345,139.8203
distance_threshold,0.1,0.15,0.5,5,200,2.0,40.0,0,scene-1094_003,279,90,14,0.1556,2.0055,1.8433,15847,0.2965,5,5,0,4,595,506,2,2,0,2,21,18,0,0,0,0,0,0,7,7,0,6,616,524,131.3632
distance_threshold,0.1,0.15,0.5,5,200,2.0,40.0,0,scene-1094_004,264,85,10,0.1176,2.0082,1.9401,16028,0.2819,5,2,2,3,527,449,0,0,0,0,0,0,0,0,0,0,0,0,5,2,2,3,527,449,142.1096
distance_threshold,0.1,0.15,0.5,5,200,2.0,40.0,0,scene-1094_005,274,88,11,0.125,2.0003,1.6252,16227,0.28,5,4,0,4,484,401,0,0,0,0,0,0,0,0,0,0,0,0,5,4,0,4,484,401,157.9577
distance_threshold,0.1,0.15,0.5,5,200,2.0,40.0,0,scene-1094_006,272,89,11,0.1236,2.0134,2.2498,16400,0.2869,4,4,0,4,404,370,0,0,0,0,0,0,0,0,0,0,0,0,4,4,0,4,404,370,184.3541
distance_threshold,0.1,0.15,0.5,5,200,2.0,40.0,0,scene-1094_007,265,74,7,0.0946,2.0015,1.8272,16642,0.2902,3,3,0,2,411,374,0,0,0,0,0,0,0,0,0,0,0,0,3,3,0,2,411,374,250.0008
distance_threshold,0.1,0.15,0.5,5,200,2.0,40.0,0,scene-1094_008,243,69,8,0.1159,2.0088,0.8229,16649,0.3108,4,4,0,4,448,427,1,1,0,1,18,18,0,0,0,0,0,0,5,5,0,5,466,445,190.2098
distance_threshold,0.1,0.15,0.5,5,200,2.0,40.0,0,scene-1094_009,274,81,12,0.1481,2.006,0.4796,16547,0.3282,4,4,0,2,396,392,1,1,0,1,20,20,0,0,0,0,0,0,5,5,0,3,416,412,232.033
distance_threshold,0.1,0.15,0.5,5,200,2.0,40.0,0,scene-1094_010,304,80,18,0.225,2.0007,0.9636,16400,0.3744,5,4,0,4,450,448,2,2,0,2,41,39,0,0,0,0,0,0,7,6,0,6,491,487,175.1465
distance_threshold,0.1,0.15,0.5,5,200,2.0,40.0,0,scene-1094_011,291,62,13,0.2097,2.0028,0.973,16548,0.3936,5,5,0,5,481,478,1,1,0,1,34,34,0,0,0,0,0,0,6,6,0,6,515,512,303.482
distance_threshold,0.1,0.15,0.5,5,200,2.0,40.0,0,scene-1094_012,299,52,8,0.1538,3.0731,1.3914,16434,0.4164,6,6,0,5,477,473,1,1,0,1,37,37,0,0,0,0,0,0,7,7,0,6,514,510,147.4643
distance_threshold,0.1,0.15,0.5,5,200,2.0,40.0,0,scene-1094_013,311,40,10,0.25,2.0132,1.7628,16344,0.4241,7,6,0,6,479,477,0,0,0,0,0,0,0,0,0,0,0,0,7,6,0,6,479,477,132.7586
distance_threshold,0.1,0.15,0.5,5,200,2.0,40.0,0,scene-1094_014,313,28,10,0.3571,3.3845,1.5501,16415,0.425,8,8,0,8,512,512,0,0,0,0,0,0,0,0,0,0,0,0,8,8,0,8,512,512,119.3757
distance_threshold,0.1,0.15,0.5,5,200,2.0,40.0,0,scene-1094_015,300,30,7,0.2333,4.0318,1.2376,16408,0.418,8,8,0,7,644,635,0,0,0,0,0,0,0,0,0,0,0,0,8,8,0,7,644,635,131.898
distance_threshold,0.1,0.15,0.5,5,200,2.0,40.0,0,scene-1094_016,294,42,8,0.1905,2.9866,1.3171,16406,0.3918,6,6,0,4,533,471,0,0,0,0,0,0,0,0,0,0,0,0,6,6,0,4,533,471,141.8907
distance_threshold,0.1,0.15,0.5,5,200,2.0,40.0,0,scene-1094_017,268,41,6,0.1463,2.526,2.2427,16142,0.3538,5,5,0,5,177,176,0,0,0,0,0,0,0,0,0,0,0,0,5,5,0,5,177,176,113.5686
distance_threshold,0.1,0.15,0.5,5,200,2.0,40.0,0,scene-1094_018,252,36,2,0.0556,2.7948,2.0297,16385,0.3166,4,3,0,3,125,125,0,0,0,0,0,0,0,0,0,0,0,0,4,3,0,3,125,125,149.797
distance_threshold,0.1,0.15,0.5,5,200,2.0,40.0,0,scene-1094_019,238,32,3,0.0938,2.9738,2.6123,16395,0.2796,4,4,0,3,166,166,0,0,0,0,0,0,0,0,0,0,0,0,4,4,0,3,166,166,131.7291
distance_threshold,0.1,0.15,0.5,5,200,2.0,40.0,0,scene-1094_020,217,22,4,0.1818,3.0179,1.8746,16618,0.2785,3,3,0,2,98,98,0,0,0,0,0,0,0,0,0,0,0,0,3,3,0,2,98,98,121.2549
distance_threshold,0.1,0.15,0.5,5,200,2.0,40.0,0,scene-1094_021,220,35,3,0.0857,2.9131,2.612,16710,0.2852,3,3,0,3,140,140,0,0,0,0,0,0,1,1,0,1,16,16,4,4,0,4,156,156,113.4561
distance_threshold,0.1,0.15,0.5,5,200,2.0,40.0,0,scene-1094_022,211,31,2,0.0645,2.3568,1.1517,16799,0.2728,2,2,0,2,51,51,0,0,0,0,0,0,0,0,0,0,0,0,2,2,0,2,51,51,128.284
distance_threshold,0.1,0.15,0.5,5,200,2.0,40.0,0,scene-1094_023,227,38,2,0.0526,2.0036,1.147,16667,0.2483,2,2,0,2,79,79,0,0,0,0,0,0,0,0,0,0,0,0,2,2,0,2,79,79,159.174
distance_threshold,0.1,0.15,0.5,5,200,2.0,40.0,0,scene-1094_024,259,37,2,0.0541,2.3064,1.441,16848,0.2802,1,1,0,1,22,22,1,0,1,1,11,11,0,0,0,0,0,0,2,1,1,2,33,33,129.8029
distance_threshold,0.1,0.15,0.5,5,200,2.0,40.0,0,scene-1094_025,232,30,4,0.1333,4.352,1.7087,16249,0.3331,1,1,0,1,28,28,1,1,0,1,16,16,0,0,0,0,0,0,2,2,0,2,44,44,128.8587
distance_threshold,0.1,0.15,0.5,5,200,2.0,40.0,0,scene-1094_026,220,27,5,0.1852,2.6664,1.9849,15982,0.3476,1,1,0,1,30,30,0,0,0,0,0,0,0,0,0,0,0,0,1,1,0,1,30,30,134.861
distance_threshold,0.1,0.15,0.5,5,200,2.0,40.0,0,scene-1094_027,213,34,6,0.1765,2.6616,3.186,15542,0.3441,1,1,0,1,29,28,2,2,0,2,32,30,0,0,0,0,0,0,3,3,0,3,61,58,125.1893
distance_threshold,0.1,0.15,0.5,5,200,2.0,40.0,0,scene-1094_028,236,42,4,0.0952,2.3364,2.1652,15809,0.3497,0,0,0,0,0,0,1,1,0,1,33,33,0,0,0,0,0,0,1,1,0,1,33,33,135.4703
distance_threshold,0.1,0.15,0.5,5,200,2.0,40.0,0,scene-1094_029,282,42,3,0.0714,2.5239,1.7315,15667,0.3615,3,3,0,3,68,68,1,1,0,1,19,16,0,0,0,0,0,0,4,4,0,4,87,84,152.2068
distance_threshold,0.1,0.15,0.5,5,200,2.0,40.0,0,scene-1094_030,298,38,2,0.0526,3.031,1.0649,15055,0.4207,0,0,0,0,0,0,1,1,0,1,33,31,0,0,0,0,0,0,1,1,0,1,33,31,145.1654
distance_threshold,0.1,0.15,0.5,5,200,2.0,40.0,0,scene-1094_031,289,35,2,0.0571,3.9853,1.0691,14945,0.4183,1,1,0,0,44,43,0,0,0,0,0,0,0,0,0,0,0,0,1,1,0,0,44,43,112.0267
distance_threshold,0.1,0.15,0.5,5,200,2.0,40.0,0,scene-1094_032,276,26,2,0.0769,2.7334,1.2354,14615,0.4636,1,1,0,0,117,117,0,0,0,0,0,0,0,0,0,0,0,0,1,1,0,0,117,117,104.836
distance_threshold,0.1,0.15,0.5,5,200,2.0,40.0,0,scene-1094_033,235,23,4,0.1739,4.1044,1.3151,14421,0.5046,2,2,0,2,352,340,0,0,0,0,0,0,0,0,0,0,0,0,2,2,0,2,352,340,131.8544
distance_threshold,0.1,0.15,0.5,5,200,2.0,40.0,0,scene-1094_034,235,26,2,0.0769,3.5235,1.2346,14617,0.4654,0,0,0,0,0,0,1,1,0,1,11,11,0,0,0,0,0,0,1,1,0,1,11,11,121.4518
distance_threshold,0.1,0.15,0.5,5,200,2.0,40.0,0,scene-1094_035,209,29,1,0.0345,2.7863,0.9134,15014,0.4088,0,0,0,0,0,0,0,0,0,0,0,0,0,0,0,0,0,0,0,0,0,0,0,0,109.3704
distance_threshold,0.1,0.15,0.5,5,200,2.0,40.0,0,scene-1094_036,258,29,2,0.069,2.4763,1.7668,15610,0.3414,1,1,0,1,17,17,0,0,0,0,0,0,0,0,0,0,0,0,1,1,0,1,17,17,133.735
distance_threshold,0.1,0.15,0.5,5,200,2.0,40.0,0,scene-1094_037,285,30,1,0.0333,2.1588,1.4537,16210,0.3522,0,0,0,0,0,0,0,0,0,0,0,0,1,1,0,1,21,21,1,1,0,1,21,21,125.7026
distance_threshold,0.1,0.15,0.5,5,200,2.0,40.0,0,scene-1094_038,290,34,3,0.0882,2.6532,1.7938,16449,0.4025,2,2,0,2,61,56,0,0,0,0,0,0,0,0,0,0,0,0,2,2,0,2,61,56,133.4139
distance_threshold,0.1,0.15,0.5,5,200,2.0,40.0,0,scene-1094_039,297,18,4,0.2222,2.6562,1.482,16473,0.3484,1,1,0,1,10,10,1,1,0,1,11,11,0,0,0,0,0,0,2,2,0,2,21,21,125.3252
distance_threshold,0.1,0.2,0.5,5,200,2.0,40.0,0,scene-0103_000,93,30,1,0.0333,4.1917,1.8483,10839,0.533,0,0,0,0,0,0,0,0,0,0,0,0,0,0,0,0,0,0,0,0,0,0,0,0,92.6477
distance_threshold,0.1,0.2,0.5,5,200,2.0,40.0,0,scene-0103_001,119,41,1,0.0244,4.1317,2.0054,11299,0.5223,0,0,0,0,0,0,1,1,0,1,15,15,0,0,0,0,0,0,1,1,0,1,15,15,96.7231
distance_threshold,0.1,0.2,0.5,5,200,2.0,40.0,0,scene-0103_002,133,61,1,0.0164,3.9517,1.9437,11919,0.5089,0,0,0,0,0,0,1,1,0,0,11,9,0,0,0,0,0,0,1,1,0,0,11,9,101.0346
distance_threshold,0.1,0.2,0.5,5,200,2.0,40.0,0,scene-0103_003,151,50,5,0.1,4.4658,2.2901,12741,0.5377,1,1,0,0,14,14,1,1,0,1,13,13,0,0,0,0,0,0,2,2,0,1,27,27,106.3439
distance_threshold,0.1,0.2,0.5,5,200,2.0,40.0,0,scene-0103_004,138,35,6,0.1714,4.9927,3.029,13054,0.544,1,1,0,1,49,49,2,2,0,2,25,25,0,0,0,0,0,0,3,3,0,3,74,74,82.4306
distance_threshold,0.1,0.2,0.5,5,200,2.0,40.0,0,scene-0103_005,168,27,5,0.1852,4.7839,3.2463,13310,0.5248,1,1,0,1,329,309,1,1,0,1,13,13,0,0,0,0,0,0,2,2,0,2,342,322,111.9171
distance_threshold,0.1,0.2,0.5,5,200,2.0,40.0,0,scene-0103_006,172,26,4,0.1538,3.9712,3.1681,14276,0.5123,2,2,0,2,32,32,1,1,0,1,10,10,0,0,0,0,0,0,3,3,0,3,42,42,110.0071
distance_threshold,0.1,0.2,0.5,5,200,2.0,40.0,0,scene-0103_007,173,31,3,0.0968,4.9381,2.1093,15107,0.5136,2,2,0,2,92,92,0,0,0,0,0,0,0,0,0,0,0,0,2,2,0,2,92,92,110.7732
distance_threshold,0.1,0.2,0.5,5,200,2.0,40.0,0,scene-0103_008,148,19,2,0.1053,3.5313,1.41,15526,0.4846,2,2,0,2,583,527,0,0,0,0,0,0,0,0,0,0,0,0,2,2,0,2,583,527,128.1377
distance_threshold,0.1,0.2,0.5,5,200,2.0,40.0,0,scene-0103_009,168,42,4,0.0952,5.2695,1.3231,16190,0.4662,3,3,0,2,124,124,1,0,1,0,10,10,0,0,0,0,0,0,4,3,1,2,134,134,112.6996
distance_threshold,0.1,0.2,0.5,5,200,2.0,40.0,0,scene-0103_010,155,27,8,0.2963,5.5688,2.1805,16539,0.4845,4,4,0,4,280,261,1,0,1,1,17,17,0,0,0,0,0,0,5,4,1,5,297,278,119.9112
distance_threshold,0.1,0.2,0.5,5,200,2.0,40.0,0,scene-0103_011,185,28,4,0.1429,6.0346,3.572,16733,0.464,3,3,0,3,109,105,1,0,1,1,36,36,0,0,0,0,0,0,4,3,1,4,145,141,131.7804
distance_threshold,0.1,0.2,0.5,5,200,2.0,40.0,0,scene-0103_012,180,25,7,0.28,6.6571,2.6708,16950,0.4678,3,3,0,3,109,109,0,0,0,0,0,0,0,0,0,0,0,0,3,3,0,3,109,109,123.0638
distance_threshold,0.1,0.2,0.5,5,200,2.0,40.0,0,scene-0103_013,193,24,4,0.1667,6.3065,3.2526,17141,0.4529,3,3,0,3,168,152,0,0,0,0,0,0,0,0,0,0,0,0,3,3,0,3,168,152,131.8367
distance_threshold,0.1,0.2,0.5,5,200,2.0,40.0,0,scene-0103_014,182,25,6,0.24,5.2397,3.3019,17323,0.455,3,3,0,3,225,202,0,0,0,0,0,0,0,0,0,0,0,0,3,3,0,3,225,202,123.99
distance_threshold,0.1,0.2,0.5,5,200,2.0,40.0,0,scene-0103_015,183,28,5,0.1786,7.2107,2.8186,17427,0.4557,3,3,0,3,321,309,0,0,0,0,0,0,0,0,0,0,0,0,3,3,0,3,321,309,127.3646
distance_threshold,0.1,0.2,0.5,5,200,2.0,40.0,0,scene-0103_016,162,21,2,0.0952,7.623,2.7937,17596,0.454,2,2,0,2,326,298,0,0,0,0,0,0,0,0,0,0,0,0,2,2,0,2,326,298,115.1792
distance_threshold,0.1,0.2,0.5,5,200,2.0,40.0,0,scene-0103_017,179,31,7,0.2258,7.6537,2.7804,17591,0.4456,3,3,0,3,351,328,0,0,0,0,0,0,0,0,0,0,0,0,3,3,0,3,351,328,131.1973
distance_threshold,0.1,0.2,0.5,5,200,2.0,40.0,0,scene-0103_018,172,25,7,0.28,6.8746,2.4786,17575,0.454,4,4,0,4,413,378,0,0,0,0,0,0,0,0,0,0,0,0,4,4,0,4,413,378,125.2361
distance_threshold,0.1,0.2,0.5,5,200,2.0,40.0,0,scene-0103_019,174,26,6,0.2308,6.1038,2.3019,17620,0.4453,4,4,0,4,466,439,0,0,0,0,0,0,0,0,0,0,0,0,4,4,0,4,466,439,136.8791
distance_threshold,0.1,0.2,0.5,5,200,2.0,40.0,0,scene-0103_020,187,29,5,0.1724,5.2699,2.4376,17569,0.4489,5,5,0,5,542,498,0,0,0,0,0,0,0,0,0,0,0,0,5,5,0,5,542,498,122.3217
distance_threshold,0.1,0.2,0.5,5,200,2.0,40.0,0,scene-0103_021,176,25,4,0.16,4.3685,2.6315,17517,0.436,5,5,0,5,667,604,0,0,0,0,0,0,0,0,0,0,0,0,5,5,0,5,667,604,136.6609
distance_threshold,0.1,0.2,0.5,5,200,2.0,40.0,0,scene-0103_022,166,21,2,0.0952,3.7341,2.8876,17235,0.4479,2,2,0,2,163,163,0,0,0,0,0,0,0,0,0,0,0,0,2,2,0,2,163,163,129.4718
distance_threshold,0.1,0.2,0.5,5,200,2.0,40.0,0,scene-0103_023,170,27,2,0.0741,3.4517,3.0247,16903,0.4429,3,2,0,2,234,232,0,0,0,0,0,0,0,0,0,0,0,0,3,2,0,2,234,232,119.5556
distance_threshold,0.1,0.2,0.5,5,200,2.0,40.0,0,scene-0103_024,181,29,7,0.2414,3.3113,2.6259,16530,0.4325,4,4,0,4,311,300,0,0,0,0,0,0,0,0,0,0,0,0,4,4,0,4,311,300,79.8298
distance_threshold,0.1,0.2,0.5,5,200,2.0,40.0,0,scene-0103_025,163,26,3,0.1154,3.4141,3.3887,16278,0.4421,4,4,0,4,425,407,0,0,0,0,0,0,0,0,0,0,0,0,4,4,0,4,425,407,110.2747
distance_threshold,0.1,0.2,0.5,5,200,2.0,40.0,0,scene-0103_026,134,23,2,0.087,4.3301,2.8325,16152,0.4558,2,2,0,2,45,39,0,0,0,0,0,0,0,0,0,0,0,0,2,2,0,2,45,39,108.111
distance_threshold,0.1,0.2,0.5,5,200,2.0,40.0,0,scene-0103_027,171,33,4,0.1212,4.6196,2.7014,16074,0.4653,2,2,0,2,85,79,0,0,0,0,0,0,0,0,0,0,0,0,2,2,0,2,85,79,118.2935
distance_threshold,0.1,0.2,0.5,5,200,2.0,40.0,0,scene-0103_028,165,28,4,0.1429,4.5424,2.6447,16187,0.4855,4,4,0,2,195,174,0,0,0,0,0,0,0,0,0,0,0,0,4,4,0,2,195,174,113.299
distance_threshold,0.1,0.2,0.5,5,200,2.0,40.0,0,scene-0103_029,183,32,7,0.2188,6.2647,2.5119,16457,0.4827,3,2,0,1,79,70,0,0,0,0,0,0,0,0,0,0,0,0,3,2,0,1,79,70,116.6649
distance_threshold,0.1,0.2,0.5,5,200,2.0,40.0,0,scene-0103_030,180,32,7,0.2188,6.554,2.5148,16542,0.4848,4,4,0,2,152,149,0,0,0,0,0,0,0,0,0,0,0,0,4,4,0,2,152,149,114.821
distance_threshold,0.1,0.2,0.5,5,200,2.0,40.0,0,scene-0103_031,201,36,9,0.25,6.9754,2.3995,16558,0.4546,6,6,0,4,254,220,0,0,0,0,0,0,0,0,0,0,0,0,6,6,0,4,254,220,102.7574
distance_threshold,0.1,0.2,0.5,5,200,2.0,40.0,0,scene-0103_032,195,26,8,0.3077,5.2158,2.6375,16614,0.4503,7,6,0,3,420,366,0,0,0,0,0,0,1,1,0,1,16,14,8,7,0,4,436,380,115.6411
distance_threshold,0.1,0.2,0.5,5,200,2.0,40.0,0,scene-0103_033,236,22,10,0.4545,5.414,2.4305,16612,0.431,5,5,0,4,452,435,0,0,0,0,0,0,1,1,0,1,38,38,6,6,0,5,490,473,93.5185
distance_threshold,0.1,0.2,0.5,5,200,2.0,40.0,0,scene-0103_034,266,24,8,0.3333,4.4157,2.115,16532,0.4,6,5,0,4,868,814,0,0,0,0,0,0,0,0,0,0,0,0,6,5,0,4,868,814,105.6419
distance_threshold,0.1,0.2,0.5,5,200,2.0,40.0,0,scene-0103_035,259,25,7,0.28,4.3859,2.5169,16062,0.3849,7,7,0,6,893,806,0,0,0,0,0,0,0,0,0,0,0,0,7,7,0,6,893,806,128.359
distance_threshold,0.1,0.2,0.5,5,200,2.0,40.0,0,scene-0103_036,219,18,7,0.3889,4.2829,3.1132,16148,0.3839,6,6,0,5,861,782,0,0,0,0,0,0,0,0,0,0,0,0,6,6,0,5,861,782,100.5893
distance_threshold,0.1,0.2,0.5,5,200,2.0,40.0,0,scene-0103_037,237,23,7,0.3043,4.2572,2.1826,15946,0.3822,6,6,0,6,798,710,0,0,0,0,0,0,0,0,0,0,0,0,6,6,0,6,798,710,134.1334
distance_threshold,0.1,0.2,0.5,5,200,2.0,40.0,0,scene-0103_038,178,13,5,0.3846,4.2713,3.4797,15621,0.3618,6,5,0,4,798,711,0,0,0,0,0,0,1,0,1,0,11,6,7,5,1,4,809,717,112.4814
distance_threshold,0.1,0.2,0.5,5,200,2.0,40.0,0,scene-0103_039,167,25,11,0.44,2.7961,2.716,15467,0.3385,4,4,0,3,225,185,0,0,0,0,0,0,0,0,0,0,0,0,4,4,0,3,225,185,121.777
distance_threshold,0.1,0.2,0.5,5,200,2.0,40.0,0,scene-1094_000,273,76,10,0.1316,2.0032,2.8882,14470,0.2915,3,3,0,2,334,261,1,1,0,1,11,9,0,0,0,0,0,0,4,4,0,3,345,270,171.4927
distance_threshold,0.1,0.2,0.5,5,200,2.0,40.0,0,scene-1094_001,253,87,12,0.1379,2.0359,2.2222,15030,0.3051,4,3,0,2,322,251,1,1,0,1,15,11,0,0,0,0,0,0,5,4,0,3,337,262,178.8004
distance_threshold,0.1,0.2,0.5,5,200,2.0,40.0,0,scene-1094_002,253,80,15,0.1875,2.033,2.0582,15546,0.3215,4,3,0,2,337,276,2,2,0,2,26,22,0,0,0,0,0,0,6,5,0,4,363,298,380.3958
distance_threshold,0.1,0.2,0.5,5,200,2.0,40.0,0,scene-1094_003,272,90,15,0.1667,2.0055,1.8433,15847,0.3314,5,5,0,4,595,495,2,2,0,2,21,18,0,0,0,0,0,0,7,7,0,6,616,513,155.0462
distance_threshold,0.1,0.2,0.5,5,200,2.0,40.0,0,scene-1094_004,276,87,12,0.1379,2.0082,2.0215,16028,0.3226,5,4,0,3,527,409,0,0,0,0,0,0,0,0,0,0,0,0,5,4,0,3,527,409,123.218
distance_threshold,0.1,0.2,0.5,5,200,2.0,40.0,0,scene-1094_005,272,85,10,0.1176,2.0003,1.6252,16227,0.3152,5,4,0,3,484,374,0,0,0,0,0,0,0,0,0,0,0,0,5,4,0,3,484,374,138.2988
distance_threshold,0.1,0.2,0.5,5,200,2.0,40.0,0,scene-1094_006,261,86,10,0.1163,2.0134,2.2498,16400,0.3273,4,4,0,2,404,343,0,0,0,0,0,0,0,0,0,0,0,0,4,4,0,2,404,343,147.0347
distance_threshold,0.1,0.2,0.5,5,200,2.0,40.0,0,scene-1094_007,261,73,7,0.0959,2.0015,1.8272,16642,0.3279,3,3,0,2,411,373,0,0,0,0,0,0,0,0,0,0,0,0,3,3,0,2,411,373,140.3143
distance_threshold,0.1,0.2,0.5,5,200,2.0,40.0,0,scene-1094_008,238,68,8,0.1176,2.0088,0.8229,16649,0.3449,4,4,0,4,448,424,1,1,0,1,18,18,0,0,0,0,0,0,5,5,0,5,466,442,139.0426
distance_threshold,0.1,0.2,0.5,5,200,2.0,40.0,0,scene-1094_009,280,84,12,0.1429,2.006,1.1193,16547,0.364,4,4,0,2,396,375,1,1,0,1,20,20,0,0,0,0,0,0,5,5,0,3,416,395,151.0323
distance_threshold,0.1,0.2,0.5,5,200,2.0,40.0,0,scene-1094_010,295,79,17,0.2152,2.0007,1.3001,16400,0.4146,5,4,0,4,450,435,2,2,0,2,41,39,0,0,0,0,0,0,7,6,0,6,491,474,199.7869
distance_threshold,0.1,0.2,0.5,5,200,2.0,40.0,0,scene-1094_011,290,60,13,0.2167,2.0028,1.5169,16548,0.4288,5,5,0,5,481,476,1,1,0,1,34,31,0,0,0,0,0,0,6,6,0,6,515,507,138.2117
distance_threshold,0.1,0.2,0.5,5,200,2.0,40.0,0,scene-1094_012,295,51,8,0.1569,3.3977,1.3914,16434,0.4406,6,6,0,5,477,472,1,1,0,1,37,37,0,0,0,0,0,0,7,7,0,6,514,509,137.6832
distance_threshold,0.1,0.2,0.5,5,200,2.0,40.0,0,scene-1094_013,306,37,10,0.2703,2.0132,2.0287,16344,0.4501,7,6,0,6,479,467,0,0,0,0,0,0,0,0,0,0,0,0,7,6,0,6,479,467,138.29
distance_threshold,0.1,0.2,0.5,5,200,2.0,40.0,0,scene-1094_014,312,25,10,0.4,3.3845,1.5501,16415,0.444,8,8,0,8,512,512,0,0,0,0,0,0,0,0,0,0,0,0,8,8,0,8,512,512,164.1328
distance_threshold,0.1,0.2,0.5,5,200,2.0,40.0,0,scene-1094_015,290,28,7,0.25,4.0806,1.5624,16408,0.4429,8,8,0,7,644,635,0,0,0,0,0,0,0,0,0,0,0,0,8,8,0,7,644,635,144.289
distance_threshold,0.1,0.2,0.5,5,200,2.0,40.0,0,scene-1094_016,286,38,8,0.2105,2.9825,1.5723,16406,0.4144,6,6,0,4,533,471,0,0,0,0,0,0,0,0,0,0,0,0,6,6,0,4,533,471,144.7142
distance_threshold,0.1,0.2,0.5,5,200,2.0,40.0,0,scene-1094_017,262,37,6,0.1622,2.526,2.2427,16142,0.3861,5,5,0,5,177,176,0,0,0,0,0,0,0,0,0,0,0,0,5,5,0,5,177,176,140.9071
distance_threshold,0.1,0.2,0.5,5,200,2.0,40.0,0,scene-1094_018,248,36,2,0.0556,2.7948,2.0297,16385,0.3595,4,3,0,3,125,125,0,0,0,0,0,0,0,0,0,0,0,0,4,3,0,3,125,125,136.4588
distance_threshold,0.1,0.2,0.5,5,200,2.0,40.0,0,scene-1094_019,232,32,3,0.0938,2.9738,2.5061,16395,0.346,4,4,0,3,166,166,0,0,0,0,0,0,0,0,0,0,0,0,4,4,0,3,166,166,148.569
distance_threshold,0.1,0.2,0.5,5,200,2.0,40.0,0,scene-1094_020,232,22,4,0.1818,3.0171,3.4299,16618,0.328,3,3,0,2,98,98,0,0,0,0,0,0,0,0,0,0,0,0,3,3,0,2,98,98,125.9267
distance_threshold,0.1,0.2,0.5,5,200,2.0,40.0,0,scene-1094_021,219,37,3,0.0811,2.9158,2.6152,16710,0.345,3,3,0,3,140,140,0,0,0,0,0,0,1,1,0,1,16,16,4,4,0,4,156,156,137.2226
distance_threshold,0.1,0.2,0.5,5,200,2.0,40.0,0,scene-1094_022,204,31,2,0.0645,2.3568,1.1517,16799,0.3085,2,2,0,2,51,51,0,0,0,0,0,0,0,0,0,0,0,0,2,2,0,2,51,51,143.8448
distance_threshold,0.1,0.2,0.5,5,200,2.0,40.0,0,scene-1094_023,222,36,2,0.0556,2.0036,1.147,16667,0.2819,2,2,0,2,79,79,0,0,0,0,0,0,0,0,0,0,0,0,2,2,0,2,79,79,130.8613
distance_threshold,0.1,0.2,0.5,5,200,2.0,40.0,0,scene-1094_024,250,33,2,0.0606,2.3064,1.5331,16848,0.3183,1,1,0,1,22,21,1,0,1,1,11,11,0,0,0,0,0,0,2,1,1,2,33,32,131.6409
distance_threshold,0.1,0.2,0.5,5,200,2.0,40.0,0,scene-1094_025,226,29,4,0.1379,4.9708,1.6678,16249,0.3912,1,1,0,1,28,28,1,1,0,1,16,16,0,0,0,0,0,0,2,2,0,2,44,44,125.3827
distance_threshold,0.1,0.2,0.5,5,200,2.0,40.0,0,scene-1094_026,219,27,5,0.1852,3.3708,1.9849,15982,0.4029,1,1,0,1,30,30,0,0,0,0,0,0,0,0,0,0,0,0,1,1,0,1,30,30,135.5574
distance_threshold,0.1,0.2,0.5,5,200,2.0,40.0,0,scene-1094_027,204,34,6,0.1765,3.3303,3.186,15542,0.4102,1,1,0,1,29,23,2,2,0,2,32,28,0,0,0,0,0,0,3,3,0,3,61,51,117.8456
distance_threshold,0.1,0.2,0.5,5,200,2.0,40.0,0,scene-1094_028,230,41,4,0.0976,2.3364,2.1915,15809,0.4191,0,0,0,0,0,0,1,1,0,1,33,30,0,0,0,0,0,0,1,1,0,1,33,30,127.2819
distance_threshold,0.1,0.2,0.5,5,200,2.0,40.0,0,scene-1094_029,262,34,3,0.0882,2.929,1.2314,15667,0.4163,3,3,0,3,68,68,1,1,0,1,19,16,0,0,0,0,0,0,4,4,0,4,87,84,129.6213
distance_threshold,0.1,0.2,0.5,5,200,2.0,40.0,0,scene-1094_030,288,34,2,0.0588,3.0456,1.1141,15055,0.4822,0,0,0,0,0,0,1,1,0,1,33,27,0,0,0,0,0,0,1,1,0,1,33,27,115.1503
distance_threshold,0.1,0.2,0.5,5,200,2.0,40.0,0,scene-1094_031,283,33,2,0.0606,4.2611,0.6965,14945,0.4953,1,1,0,0,44,44,0,0,0,0,0,0,0,0,0,0,0,0,1,1,0,0,44,44,117.7012
distance_threshold,0.1,0.2,0.5,5,200,2.0,40.0,0,scene-1094_032,271,26,2,0.0769,2.7499,1.4191,14615,0.519,1,1,0,0,117,117,0,0,0,0,0,0,0,0,0,0,0,0,1,1,0,0,117,117,122.1537
distance_threshold,0.1,0.2,0.5,5,200,2.0,40.0,0,scene-1094_033,225,23,4,0.1739,4.1044,1.2496,14421,0.5486,2,2,0,2,352,342,0,0,0,0,0,0,0,0,0,0,0,0,2,2,0,2,352,342,112.8636
distance_threshold,0.1,0.2,0.5,5,200,2.0,40.0,0,scene-1094_034,202,25,2,0.08,3.5235,1.2346,14617,0.5308,0,0,0,0,0,0,1,1,0,1,11,11,0,0,0,0,0,0,1,1,0,1,11,11,110.6378
distance_threshold,0.1,0.2,0.5,5,200,2.0,40.0,0,scene-1094_035,204,24,1,0.0417,2.7888,1.7572,15014,0.464,0,0,0,0,0,0,0,0,0,0,0,0,0,0,0,0,0,0,0,0,0,0,0,0,113.6292
distance_threshold,0.1,0.2,0.5,5,200,2.0,40.0,0,scene-1094_036,239,26,2,0.0769,2.5334,1.7668,15610,0.4193,1,1,0,1,17,17,0,0,0,0,0,0,0,0,0,0,0,0,1,1,0,1,17,17,106.381
distance_threshold,0.1,0.2,0.5,5,200,2.0,40.0,0,scene-1094_037,262,24,1,0.0417,2.1588,1.4537,16210,0.4115,0,0,0,0,0,0,0,0,0,0,0,0,1,1,0,1,21,21,1,1,0,1,21,21,119.7699
distance_threshold,0.1,0.2,0.5,5,200,2.0,40.0,0,scene-1094_038,262,24,3,0.125,2.927,1.7938,16449,0.4513,2,2,0,2,61,55,0,0,0,0,0,0,0,0,0,0,0,0,2,2,0,2,61,55,128.6211
distance_threshold,0.1,0.2,0.5,5,200,2.0,40.0,0,scene-1094_039,297,25,4,0.16,2.7626,1.4081,16473,0.4173,1,1,0,1,10,10,1,1,0,1,11,11,0,0,0,0,0,0,2,2,0,2,21,21,115.3529
distance_threshold,0.1,0.3,0.5,5,200,2.0,40.0,0,scene-0103_000,93,27,1,0.037,4.1917,1.7394,10839,0.6008,0,0,0,0,0,0,0,0,0,0,0,0,0,0,0,0,0,0,0,0,0,0,0,0,86.0595
distance_threshold,0.1,0.3,0.5,5,200,2.0,40.0,0,scene-0103_001,120,44,1,0.0227,4.1387,2.928,11299,0.5838,0,0,0,0,0,0,1,1,0,1,15,13,0,0,0,0,0,0,1,1,0,1,15,13,96.2366
distance_threshold,0.1,0.3,0.5,5,200,2.0,40.0,0,scene-0103_002,135,62,1,0.0161,4.0301,2.7564,11919,0.5891,0,0,0,0,0,0,1,1,0,0,11,9,0,0,0,0,0,0,1,1,0,0,11,9,97.304
distance_threshold,0.1,0.3,0.5,5,200,2.0,40.0,0,scene-0103_003,153,49,5,0.102,4.4658,2.3389,12741,0.5994,1,1,0,0,14,14,1,1,0,1,13,11,0,0,0,0,0,0,2,2,0,1,27,25,102.0252
distance_threshold,0.1,0.3,0.5,5,200,2.0,40.0,0,scene-0103_004,140,32,6,0.1875,4.9973,3.206,13054,0.6099,1,1,0,0,49,32,2,2,0,2,25,24,0,0,0,0,0,0,3,3,0,2,74,56,97.6982
distance_threshold,0.1,0.3,0.5,5,200,2.0,40.0,0,scene-0103_005,155,19,5,0.2632,4.7839,3.607,13310,0.5761,1,1,0,1,329,248,1,1,0,1,13,13,0,0,0,0,0,0,2,2,0,2,342,261,81.8986
distance_threshold,0.1,0.3,0.5,5,200,2.0,40.0,0,scene-0103_006,158,20,3,0.15,3.9712,3.3469,14276,0.5559,2,2,0,2,32,32,1,1,0,1,10,8,0,0,0,0,0,0,3,3,0,3,42,40,111.6197
distance_threshold,0.1,0.3,0.5,5,200,2.0,40.0,0,scene-0103_007,155,29,3,0.1034,4.9381,2.1093,15107,0.5454,2,2,0,2,92,92,0,0,0,0,0,0,0,0,0,0,0,0,2,2,0,2,92,92,113.8065
distance_threshold,0.1,0.3,0.5,5,200,2.0,40.0,0,scene-0103_008,135,15,2,0.1333,3.5521,1.5898,15526,0.5265,2,2,0,2,583,455,0,0,0,0,0,0,0,0,0,0,0,0,2,2,0,2,583,455,121.4858
distance_threshold,0.1,0.3,0.5,5,200,2.0,40.0,0,scene-0103_009,152,41,4,0.0976,5.2718,0.975,16190,0.5158,3,3,0,2,124,114,1,0,1,0,10,10,0,0,0,0,0,0,4,3,1,2,134,124,108.4566
distance_threshold,0.1,0.3,0.5,5,200,2.0,40.0,0,scene-0103_010,144,26,8,0.3077,5.5688,2.3064,16539,0.5102,4,4,0,4,280,252,1,0,1,1,17,17,0,0,0,0,0,0,5,4,1,5,297,269,120.6602
distance_threshold,0.1,0.3,0.5,5,200,2.0,40.0,0,scene-0103_011,172,23,2,0.087,6.1358,3.572,16733,0.4941,3,3,0,2,109,88,1,0,1,1,36,28,0,0,0,0,0,0,4,3,1,3,145,116,108.82
distance_threshold,0.1,0.3,0.5,5,200,2.0,40.0,0,scene-0103_012,168,22,7,0.3182,6.6571,2.9152,16950,0.4932,3,3,0,3,109,105,0,0,0,0,0,0,0,0,0,0,0,0,3,3,0,3,109,105,121.1103
distance_threshold,0.1,0.3,0.5,5,200,2.0,40.0,0,scene-0103_013,182,23,4,0.1739,6.6925,3.4694,17141,0.4828,3,3,0,3,168,141,0,0,0,0,0,0,0,0,0,0,0,0,3,3,0,3,168,141,132.4646
distance_threshold,0.1,0.3,0.5,5,200,2.0,40.0,0,scene-0103_014,165,21,4,0.1905,6.8517,3.4116,17323,0.484,3,3,0,3,225,191,0,0,0,0,0,0,0,0,0,0,0,0,3,3,0,3,225,191,101.9092
distance_threshold,0.1,0.3,0.5,5,200,2.0,40.0,0,scene-0103_015,174,27,5,0.1852,7.2415,2.6413,17427,0.4813,3,3,0,3,321,290,0,0,0,0,0,0,0,0,0,0,0,0,3,3,0,3,321,290,109.5874
distance_threshold,0.1,0.3,0.5,5,200,2.0,40.0,0,scene-0103_016,153,20,2,0.1,7.623,2.7937,17596,0.4725,2,2,0,2,326,287,0,0,0,0,0,0,0,0,0,0,0,0,2,2,0,2,326,287,118.597
distance_threshold,0.1,0.3,0.5,5,200,2.0,40.0,0,scene-0103_017,169,27,6,0.2222,7.6537,2.8023,17591,0.4751,3,3,0,2,351,284,0,0,0,0,0,0,0,0,0,0,0,0,3,3,0,2,351,284,382.0291
distance_threshold,0.1,0.3,0.5,5,200,2.0,40.0,0,scene-0103_018,162,23,6,0.2609,6.8746,2.4786,17575,0.4786,4,4,0,3,413,351,0,0,0,0,0,0,0,0,0,0,0,0,4,4,0,3,413,351,257.9722
distance_threshold,0.1,0.3,0.5,5,200,2.0,40.0,0,scene-0103_019,161,25,6,0.24,6.1038,2.3019,17620,0.4711,4,4,0,4,466,405,0,0,0,0,0,0,0,0,0,0,0,0,4,4,0,4,466,405,188.4224
distance_threshold,0.1,0.3,0.5,5,200,2.0,40.0,0,scene-0103_020,172,27,5,0.1852,5.2699,2.4376,17569,0.4734,5,5,0,5,542,448,0,0,0,0,0,0,0,0,0,0,0,0,5,5,0,5,542,448,177.2583
distance_threshold,0.1,0.3,0.5,5,200,2.0,40.0,0,scene-0103_021,153,21,4,0.1905,4.3685,2.6315,17517,0.4725,5,5,0,5,667,558,0,0,0,0,0,0,0,0,0,0,0,0,5,5,0,5,667,558,134.2861
distance_threshold,0.1,0.3,0.5,5,200,2.0,40.0,0,scene-0103_022,161,18,2,0.1111,3.7341,3.1209,17235,0.4773,2,2,0,2,163,152,0,0,0,0,0,0,0,0,0,0,0,0,2,2,0,2,163,152,138.7908
distance_threshold,0.1,0.3,0.5,5,200,2.0,40.0,0,scene-0103_023,164,25,2,0.08,3.4517,3.0247,16903,0.4683,3,2,0,2,234,221,0,0,0,0,0,0,0,0,0,0,0,0,3,2,0,2,234,221,242.3556
distance_threshold,0.1,0.3,0.5,5,200,2.0,40.0,0,scene-0103_024,166,22,4,0.1818,3.3113,3.0281,16530,0.4816,4,4,0,4,311,246,0,0,0,0,0,0,0,0,0,0,0,0,4,4,0,4,311,246,136.5703
distance_threshold,0.1,0.3,0.5,5,200,2.0,40.0,0,scene-0103_025,141,22,2,0.0909,3.418,3.1702,16278,0.4888,4,4,0,3,425,337,0,0,0,0,0,0,0,0,0,0,0,0,4,4,0,3,425,337,116.4817
distance_threshold,0.1,0.3,0.5,5,200,2.0,40.0,0,scene-0103_026,128,24,2,0.0833,4.342,3.1534,16152,0.4996,2,2,0,2,45,40,0,0,0,0,0,0,0,0,0,0,0,0,2,2,0,2,45,40,114.1849
distance_threshold,0.1,0.3,0.5,5,200,2.0,40.0,0,scene-0103_027,161,30,2,0.0667,4.6196,2.7725,16074,0.5061,2,2,0,0,85,38,0,0,0,0,0,0,0,0,0,0,0,0,2,2,0,0,85,38,122.8851
distance_threshold,0.1,0.3,0.5,5,200,2.0,40.0,0,scene-0103_028,158,28,4,0.1429,4.5424,2.7002,16187,0.5132,4,4,0,2,195,145,0,0,0,0,0,0,0,0,0,0,0,0,4,4,0,2,195,145,98.3322
distance_threshold,0.1,0.3,0.5,5,200,2.0,40.0,0,scene-0103_029,160,31,6,0.1935,6.2647,2.1254,16457,0.5186,3,2,0,1,79,68,0,0,0,0,0,0,0,0,0,0,0,0,3,2,0,1,79,68,101.2351
distance_threshold,0.1,0.3,0.5,5,200,2.0,40.0,0,scene-0103_030,169,31,7,0.2258,6.911,2.2994,16542,0.5176,4,4,0,2,152,123,0,0,0,0,0,0,0,0,0,0,0,0,4,4,0,2,152,123,107.4032
distance_threshold,0.1,0.3,0.5,5,200,2.0,40.0,0,scene-0103_031,185,39,10,0.2564,6.9754,2.7314,16558,0.4974,6,6,0,3,254,177,0,0,0,0,0,0,0,0,0,0,0,0,6,6,0,3,254,177,127.9584
distance_threshold,0.1,0.3,0.5,5,200,2.0,40.0,0,scene-0103_032,175,25,7,0.28,7.9926,2.6375,16614,0.505,7,6,0,3,420,334,0,0,0,0,0,0,1,1,0,1,16,12,8,7,0,4,436,346,116.0531
distance_threshold,0.1,0.3,0.5,5,200,2.0,40.0,0,scene-0103_033,227,25,12,0.48,5.4243,3.0189,16612,0.4772,5,5,0,3,452,354,0,0,0,0,0,0,1,1,0,1,38,31,6,6,0,4,490,385,121.3235
distance_threshold,0.1,0.3,0.5,5,200,2.0,40.0,0,scene-0103_034,248,24,10,0.4167,4.4157,2.5493,16532,0.4422,6,6,0,4,868,708,0,0,0,0,0,0,0,0,0,0,0,0,6,6,0,4,868,708,125.8732
distance_threshold,0.1,0.3,0.5,5,200,2.0,40.0,0,scene-0103_035,230,28,11,0.3929,4.3859,3.7388,16062,0.4381,7,7,0,5,893,678,0,0,0,0,0,0,0,0,0,0,0,0,7,7,0,5,893,678,127.7813
distance_threshold,0.1,0.3,0.5,5,200,2.0,40.0,0,scene-0103_036,199,12,3,0.25,4.2829,3.1132,16148,0.4146,6,5,0,4,861,719,0,0,0,0,0,0,0,0,0,0,0,0,6,5,0,4,861,719,119.3253
distance_threshold,0.1,0.3,0.5,5,200,2.0,40.0,0,scene-0103_037,222,22,7,0.3182,4.2572,2.62,15946,0.423,6,6,0,6,798,644,0,0,0,0,0,0,0,0,0,0,0,0,6,6,0,6,798,644,101.5755
distance_threshold,0.1,0.3,0.5,5,200,2.0,40.0,0,scene-0103_038,165,11,5,0.4545,4.2713,3.4797,15621,0.3993,6,5,0,4,798,659,0,0,0,0,0,0,1,0,0,0,11,6,7,5,0,4,809,665,96.5745
distance_threshold,0.1,0.3,0.5,5,200,2.0,40.0,0,scene-0103_039,144,18,7,0.3889,2.7961,2.569,15467,0.3992,4,4,0,3,225,164,0,0,0,0,0,0,0,0,0,0,0,0,4,4,0,3,225,164,99.2681
distance_threshold,0.1,0.3,0.5,5,200,2.0,40.0,0,scene-1094_000,265,73,9,0.1233,2.0032,2.8882,14470,0.3361,3,3,0,2,334,249,1,1,0,1,11,9,0,0,0,0,0,0,4,4,0,3,345,258,128.7835
distance_threshold,0.1,0.3,0.5,5,200,2.0,40.0,0,scene-1094_001,246,89,10,0.1124,2.0359,1.3849,15030,0.3566,4,3,0,1,322,228,1,1,0,1,15,10,0,0,0,0,0,0,5,4,0,2,337,238,118.0521
distance_threshold,0.1,0.3,0.5,5,200,2.0,40.0,0,scene-1094_002,247,78,12,0.1538,2.033,1.6808,15546,0.3677,4,3,0,1,337,242,2,2,0,2,26,20,0,0,0,0,0,0,6,5,0,3,363,262,207.3368
distance_threshold,0.1,0.3,0.5,5,200,2.0,40.0,0,scene-1094_003,264,85,11,0.1294,2.0055,2.211,15847,0.3796,5,5,0,4,595,404,2,2,0,2,21,15,0,0,0,0,0,0,7,7,0,6,616,419,162.404
distance_threshold,0.1,0.3,0.5,5,200,2.0,40.0,0,scene-1094_004,268,84,13,0.1548,2.0082,2.5618,16028,0.3798,5,4,0,3,527,374,0,0,0,0,0,0,0,0,0,0,0,0,5,4,0,3,527,374,182.1618
distance_threshold,0.1,0.3,0.5,5,200,2.0,40.0,0,scene-1094_005,267,83,10,0.1205,2.0003,1.6252,16227,0.3686,5,4,0,3,484,340,0,0,0,0,0,0,0,0,0,0,0,0,5,4,0,3,484,340,230.6428
distance_threshold,0.1,0.3,0.5,5,200,2.0,40.0,0,scene-1094_006,262,85,10,0.1176,2.0134,1.731,16400,0.3741,4,4,0,2,404,285,0,0,0,0,0,0,0,0,0,0,0,0,4,4,0,2,404,285,183.1511
distance_threshold,0.1,0.3,0.5,5,200,2.0,40.0,0,scene-1094_007,257,68,7,0.1029,2.0015,1.3203,16642,0.3832,3,3,0,2,411,363,0,0,0,0,0,0,0,0,0,0,0,0,3,3,0,2,411,363,159.7156
distance_threshold,0.1,0.3,0.5,5,200,2.0,40.0,0,scene-1094_008,246,65,8,0.1231,2.0088,0.7546,16649,0.3959,4,4,0,4,448,414,1,1,0,1,18,18,0,0,0,0,0,0,5,5,0,5,466,432,135.8136
distance_threshold,0.1,0.3,0.5,5,200,2.0,40.0,0,scene-1094_009,274,79,12,0.1519,2.006,1.1193,16547,0.4186,4,4,0,2,396,358,1,1,0,1,20,18,0,0,0,0,0,0,5,5,0,3,416,376,142.6191
distance_threshold,0.1,0.3,0.5,5,200,2.0,40.0,0,scene-1094_010,285,76,16,0.2105,2.0007,1.3001,16400,0.4553,5,4,0,4,450,402,2,2,0,2,41,35,0,0,0,0,0,0,7,6,0,6,491,437,127.0018
distance_threshold,0.1,0.3,0.5,5,200,2.0,40.0,0,scene-1094_011,282,59,13,0.2203,2.0028,1.5215,16548,0.4677,5,5,0,5,481,439,1,1,0,1,34,31,0,0,0,0,0,0,6,6,0,6,515,470,125.9479
distance_threshold,0.1,0.3,0.5,5,200,2.0,40.0,0,scene-1094_012,283,48,7,0.1458,3.3977,1.2548,16434,0.4817,6,5,0,5,477,437,1,1,0,1,37,33,0,0,0,0,0,0,7,6,0,6,514,470,120.7655
distance_threshold,0.1,0.3,0.5,5,200,2.0,40.0,0,scene-1094_013,295,37,10,0.2703,2.0132,2.0287,16344,0.4851,7,6,0,6,479,442,0,0,0,0,0,0,0,0,0,0,0,0,7,6,0,6,479,442,126.8766
distance_threshold,0.1,0.3,0.5,5,200,2.0,40.0,0,scene-1094_014,303,21,9,0.4286,3.3845,1.8472,16415,0.4788,8,8,0,8,512,488,0,0,0,0,0,0,0,0,0,0,0,0,8,8,0,8,512,488,148.381
distance_threshold,0.1,0.3,0.5,5,200,2.0,40.0,0,scene-1094_015,275,24,6,0.25,4.0806,1.5624,16408,0.4709,8,8,0,7,644,628,0,0,0,0,0,0,0,0,0,0,0,0,8,8,0,7,644,628,122.2996
distance_threshold,0.1,0.3,0.5,5,200,2.0,40.0,0,scene-1094_016,287,38,8,0.2105,2.9866,1.0325,16406,0.4756,6,6,0,4,533,438,0,0,0,0,0,0,0,0,0,0,0,0,6,6,0,4,533,438,136.3301
distance_threshold,0.1,0.3,0.5,5,200,2.0,40.0,0,scene-1094_017,261,36,6,0.1667,2.526,2.5047,16142,0.4448,5,5,0,5,177,174,0,0,0,0,0,0,0,0,0,0,0,0,5,5,0,5,177,174,132.9132
distance_threshold,0.1,0.3,0.5,5,200,2.0,40.0,0,scene-1094_018,242,36,2,0.0556,2.7948,1.5469,16385,0.4229,4,3,0,3,125,122,0,0,0,0,0,0,0,0,0,0,0,0,4,3,0,3,125,122,140.3868
distance_threshold,0.1,0.3,0.5,5,200,2.0,40.0,0,scene-1094_019,235,31,3,0.0968,3.0133,2.5061,16395,0.429,4,4,0,3,166,166,0,0,0,0,0,0,0,0,0,0,0,0,4,4,0,3,166,166,130.5279
distance_threshold,0.1,0.3,0.5,5,200,2.0,40.0,0,scene-1094_020,223,22,4,0.1818,3.0171,3.4299,16618,0.4253,3,3,0,2,98,96,0,0,0,0,0,0,0,0,0,0,0,0,3,3,0,2,98,96,92.216
distance_threshold,0.1,0.3,0.5,5,200,2.0,40.0,0,scene-1094_021,218,32,3,0.0938,2.9963,2.6152,16710,0.4385,3,3,0,3,140,129,0,0,0,0,0,0,1,1,0,1,16,15,4,4,0,4,156,144,135.8779
distance_threshold,0.1,0.3,0.5,5,200,2.0,40.0,0,scene-1094_022,219,29,3,0.1034,2.544,2.7237,16799,0.4151,2,2,0,1,51,38,0,0,0,0,0,0,0,0,0,0,0,0,2,2,0,1,51,38,89.3873
distance_threshold,0.1,0.3,0.5,5,200,2.0,40.0,0,scene-1094_023,239,33,1,0.0303,2.141,2.9202,16667,0.3808,2,2,0,1,79,67,0,0,0,0,0,0,0,0,0,0,0,0,2,2,0,1,79,67,122.9097
distance_threshold,0.1,0.3,0.5,5,200,2.0,40.0,0,scene-1094_024,237,32,3,0.0938,2.3064,1.5331,16848,0.3719,1,1,0,1,22,21,1,1,0,1,11,11,0,0,0,0,0,0,2,2,0,2,33,32,135.4307
distance_threshold,0.1,0.3,0.5,5,200,2.0,40.0,0,scene-1094_025,204,18,4,0.2222,4.9708,1.6678,16249,0.4513,1,1,0,1,28,28,1,1,0,1,16,16,0,0,0,0,0,0,2,2,0,2,44,44,119.2276
distance_threshold,0.1,0.3,0.5,5,200,2.0,40.0,0,scene-1094_026,209,23,4,0.1739,3.4481,2.0123,15982,0.4704,1,1,0,1,30,20,0,0,0,0,0,0,0,0,0,0,0,0,1,1,0,1,30,20,125.8559
distance_threshold,0.1,0.3,0.5,5,200,2.0,40.0,0,scene-1094_027,184,23,5,0.2174,3.35,1.9096,15542,0.5074,1,1,0,1,29,29,2,2,0,2,32,31,0,0,0,0,0,0,3,3,0,3,61,60,121.9787
distance_threshold,0.1,0.3,0.5,5,200,2.0,40.0,0,scene-1094_028,214,38,2,0.0526,2.3364,2.1915,15809,0.518,0,0,0,0,0,0,1,1,0,1,33,29,0,0,0,0,0,0,1,1,0,1,33,29,128.3625
distance_threshold,0.1,0.3,0.5,5,200,2.0,40.0,0,scene-1094_029,257,40,3,0.075,3.0331,2.8145,15667,0.5116,3,3,0,3,68,68,1,1,0,1,19,11,0,0,0,0,0,0,4,4,0,4,87,79,246.1742
distance_threshold,0.1,0.3,0.5,5,200,2.0,40.0,0,scene-1094_030,255,32,2,0.0625,3.8295,1.1914,15055,0.5652,0,0,0,0,0,0,1,1,0,1,33,27,0,0,0,0,0,0,1,1,0,1,33,27,147.9373
distance_threshold,0.1,0.3,0.5,5,200,2.0,40.0,0,scene-1094_031,265,29,2,0.069,4.2611,0.6965,14945,0.5394,1,1,0,0,44,44,0,0,0,0,0,0,0,0,0,0,0,0,1,1,0,0,44,44,121.1132
distance_threshold,0.1,0.3,0.5,5,200,2.0,40.0,0,scene-1094_032,235,20,2,0.1,3.0228,1.4191,14615,0.6001,1,1,0,0,117,114,0,0,0,0,0,0,0,0,0,0,0,0,1,1,0,0,117,114,106.4051
distance_threshold,0.1,0.3,0.5,5,200,2.0,40.0,0,scene-1094_033,197,20,4,0.2,4.1044,1.8698,14421,0.6036,2,2,0,2,352,344,0,0,0,0,0,0,0,0,0,0,0,0,2,2,0,2,352,344,109.3403
distance_threshold,0.1,0.3,0.5,5,200,2.0,40.0,0,scene-1094_034,187,25,2,0.08,3.5235,1.4617,14617,0.5699,0,0,0,0,0,0,1,1,0,1,11,11,0,0,0,0,0,0,1,1,0,1,11,11,111.8067
distance_threshold,0.1,0.3,0.5,5,200,2.0,40.0,0,scene-1094_035,178,22,1,0.0455,2.9832,1.7572,15014,0.515,0,0,0,0,0,0,0,0,0,0,0,0,0,0,0,0,0,0,0,0,0,0,0,0,123.0482
distance_threshold,0.1,0.3,0.5,5,200,2.0,40.0,0,scene-1094_036,223,21,1,0.0476,3.251,2.1779,15610,0.492,1,1,0,1,17,9,0,0,0,0,0,0,0,0,0,0,0,0,1,1,0,1,17,9,139.0815
distance_threshold,0.1,0.3,0.5,5,200,2.0,40.0,0,scene-1094_037,263,31,1,0.0323,2.1813,2.0752,16210,0.4656,0,0,0,0,0,0,0,0,0,0,0,0,1,1,0,1,21,19,1,1,0,1,21,19,121.5766
distance_threshold,0.1,0.3,0.5,5,200,2.0,40.0,0,scene-1094_038,258,21,2,0.0952,3.4869,1.8239,16449,0.5171,2,2,0,1,61,32,0,0,0,0,0,0,0,0,0,0,0,0,2,2,0,1,61,32,122.3823
distance_threshold,0.1,0.3,0.5,5,200,2.0,40.0,0,scene-1094_039,262,12,3,0.25,2.8377,1.4081,16473,0.4873,1,1,0,1,10,10,1,1,0,1,11,11,0,0,0,0,0,0,2,2,0,2,21,21,108.6022
distance_threshold,0.1,0.5,0.5,5,200,2.0,40.0,0,scene-0103_000,85,27,1,0.037,5.492,3.3652,10839,0.7241,0,0,0,0,0,0,0,0,0,0,0,0,0,0,0,0,0,0,0,0,0,0,0,0,88.9043
distance_threshold,0.1,0.5,0.5,5,200,2.0,40.0,0,scene-0103_001,100,31,1,0.0323,4.5495,2.3192,11299,0.7194,0,0,0,0,0,0,1,1,0,1,15,10,0,0,0,0,0,0,1,1,0,1,15,10,88.6928
distance_threshold,0.1,0.5,0.5,5,200,2.0,40.0,0,scene-0103_002,123,56,0,0.0,5.0108,2.7976,11919,0.6986,0,0,0,0,0,0,1,0,0,0,11,4,0,0,0,0,0,0,1,0,0,0,11,4,90.2977
distance_threshold,0.1,0.5,0.5,5,200,2.0,40.0,0,scene-0103_003,135,54,6,0.1111,6.2211,3.6649,12741,0.6693,1,1,0,0,14,11,1,1,0,0,13,5,0,0,0,0,0,0,2,2,0,0,27,16,78.3025
distance_threshold,0.1,0.5,0.5,5,200,2.0,40.0,0,scene-0103_004,120,31,5,0.1613,5.9403,3.2441,13054,0.667,1,1,0,0,49,32,2,2,0,2,25,21,0,0,0,0,0,0,3,3,0,2,74,53,87.58
distance_threshold,0.1,0.5,0.5,5,200,2.0,40.0,0,scene-0103_005,124,11,2,0.1818,4.8155,3.798,13310,0.6585,1,1,0,1,329,177,1,1,0,1,13,7,0,0,0,0,0,0,2,2,0,2,342,184,95.6864
distance_threshold,0.1,0.5,0.5,5,200,2.0,40.0,0,scene-0103_006,141,20,3,0.15,3.9776,3.1056,14276,0.6098,2,2,0,2,32,32,1,1,0,1,10,8,0,0,0,0,0,0,3,3,0,3,42,40,106.111
distance_threshold,0.1,0.5,0.5,5,200,2.0,40.0,0,scene-0103_007,126,20,4,0.2,4.9381,2.4327,15107,0.6215,2,2,0,2,92,56,0,0,0,0,0,0,0,0,0,0,0,0,2,2,0,2,92,56,107.9746
distance_threshold,0.1,0.5,0.5,5,200,2.0,40.0,0,scene-0103_008,124,15,1,0.0667,3.8472,2.2173,15526,0.5872,2,2,0,0,583,208,0,0,0,0,0,0,0,0,0,0,0,0,2,2,0,0,583,208,112.4058
distance_threshold,0.1,0.5,0.5,5,200,2.0,40.0,0,scene-0103_009,138,36,4,0.1111,5.3307,0.975,16190,0.556,3,3,0,2,124,93,1,0,1,0,10,10,0,0,0,0,0,0,4,3,1,2,134,103,97.4132
distance_threshold,0.1,0.5,0.5,5,200,2.0,40.0,0,scene-0103_010,133,24,6,0.25,5.5688,2.3064,16539,0.545,4,4,0,3,280,198,1,0,1,1,17,13,0,0,0,0,0,0,5,4,1,4,297,211,110.2821
distance_threshold,0.1,0.5,0.5,5,200,2.0,40.0,0,scene-0103_011,158,24,1,0.0417,6.1558,3.3856,16733,0.5337,3,1,1,0,109,24,1,0,1,1,36,28,0,0,0,0,0,0,4,1,2,1,145,52,119.8233
distance_threshold,0.1,0.5,0.5,5,200,2.0,40.0,0,scene-0103_012,158,19,6,0.3158,6.6571,3.5999,16950,0.5271,3,3,0,2,109,70,0,0,0,0,0,0,0,0,0,0,0,0,3,3,0,2,109,70,126.5061
distance_threshold,0.1,0.5,0.5,5,200,2.0,40.0,0,scene-0103_013,174,18,2,0.1111,6.7239,3.4522,17141,0.5193,3,2,0,0,168,45,0,0,0,0,0,0,0,0,0,0,0,0,3,2,0,0,168,45,121.6977
distance_threshold,0.1,0.5,0.5,5,200,2.0,40.0,0,scene-0103_014,154,19,2,0.1053,6.9556,3.3003,17323,0.5335,3,2,0,1,225,94,0,0,0,0,0,0,0,0,0,0,0,0,3,2,0,1,225,94,102.5271
distance_threshold,0.1,0.5,0.5,5,200,2.0,40.0,0,scene-0103_015,167,26,4,0.1538,7.2415,3.588,17427,0.5116,3,3,0,2,321,231,0,0,0,0,0,0,0,0,0,0,0,0,3,3,0,2,321,231,102.548
distance_threshold,0.1,0.5,0.5,5,200,2.0,40.0,0,scene-0103_016,141,19,2,0.1053,7.714,2.5903,17596,0.5172,2,2,0,1,326,191,0,0,0,0,0,0,0,0,0,0,0,0,2,2,0,1,326,191,101.5413
distance_threshold,0.1,0.5,0.5,5,200,2.0,40.0,0,scene-0103_017,172,29,7,0.2414,7.8138,3.9406,17591,0.5126,3,3,0,1,351,163,0,0,0,0,0,0,0,0,0,0,0,0,3,3,0,1,351,163,104.539
distance_threshold,0.1,0.5,0.5,5,200,2.0,40.0,0,scene-0103_018,164,24,6,0.25,6.9802,2.1519,17575,0.5181,4,4,0,3,413,267,0,0,0,0,0,0,0,0,0,0,0,0,4,4,0,3,413,267,111.6512
distance_threshold,0.1,0.5,0.5,5,200,2.0,40.0,0,scene-0103_019,155,25,6,0.24,6.1133,2.7763,17620,0.504,4,4,0,3,466,316,0,0,0,0,0,0,0,0,0,0,0,0,4,4,0,3,466,316,123.1018
distance_threshold,0.1,0.5,0.5,5,200,2.0,40.0,0,scene-0103_020,170,26,4,0.1538,5.4361,3.5979,17569,0.5189,5,4,0,3,542,235,0,0,0,0,0,0,0,0,0,0,0,0,5,4,0,3,542,235,151.9818
distance_threshold,0.1,0.5,0.5,5,200,2.0,40.0,0,scene-0103_021,145,18,4,0.2222,4.4316,2.4478,17517,0.5193,5,5,0,2,667,367,0,0,0,0,0,0,0,0,0,0,0,0,5,5,0,2,667,367,176.9885
distance_threshold,0.1,0.5,0.5,5,200,2.0,40.0,0,scene-0103_022,155,16,1,0.0625,3.7658,3.1209,17235,0.5106,2,1,0,1,163,114,0,0,0,0,0,0,0,0,0,0,0,0,2,1,0,1,163,114,180.5008
distance_threshold,0.1,0.5,0.5,5,200,2.0,40.0,0,scene-0103_023,155,22,1,0.0455,3.4517,2.6296,16903,0.52,3,1,0,0,234,107,0,0,0,0,0,0,0,0,0,0,0,0,3,1,0,0,234,107,202.9848
distance_threshold,0.1,0.5,0.5,5,200,2.0,40.0,0,scene-0103_024,152,18,2,0.1111,3.3113,3.0281,16530,0.5163,4,2,0,2,311,167,0,0,0,0,0,0,0,0,0,0,0,0,4,2,0,2,311,167,142.3994
distance_threshold,0.1,0.5,0.5,5,200,2.0,40.0,0,scene-0103_025,135,22,2,0.0909,3.6484,3.8546,16278,0.5318,4,4,0,4,425,310,0,0,0,0,0,0,0,0,0,0,0,0,4,4,0,4,425,310,128.0778
distance_threshold,0.1,0.5,0.5,5,200,2.0,40.0,0,scene-0103_026,119,23,2,0.087,4.342,3.1534,16152,0.5327,2,2,0,2,45,36,0,0,0,0,0,0,0,0,0,0,0,0,2,2,0,2,45,36,120.9311
distance_threshold,0.1,0.5,0.5,5,200,2.0,40.0,0,scene-0103_027,141,25,1,0.04,4.6196,3.1614,16074,0.5516,2,2,0,1,85,55,0,0,0,0,0,0,0,0,0,0,0,0,2,2,0,1,85,55,118.4642
distance_threshold,0.1,0.5,0.5,5,200,2.0,40.0,0,scene-0103_028,154,28,4,0.1429,4.564,2.4926,16187,0.5543,4,4,0,2,195,117,0,0,0,0,0,0,0,0,0,0,0,0,4,4,0,2,195,117,121.7607
distance_threshold,0.1,0.5,0.5,5,200,2.0,40.0,0,scene-0103_029,150,25,2,0.08,6.371,2.2242,16457,0.5685,3,2,0,0,79,41,0,0,0,0,0,0,0,0,0,0,0,0,3,2,0,0,79,41,96.2845
distance_threshold,0.1,0.5,0.5,5,200,2.0,40.0,0,scene-0103_030,156,31,7,0.2258,6.0606,2.8399,16542,0.5605,4,4,0,1,152,100,0,0,0,0,0,0,0,0,0,0,0,0,4,4,0,1,152,100,112.4687
distance_threshold,0.1,0.5,0.5,5,200,2.0,40.0,0,scene-0103_031,166,35,9,0.2571,6.9799,2.2406,16558,0.5469,6,6,0,4,254,186,0,0,0,0,0,0,0,0,0,0,0,0,6,6,0,4,254,186,116.3936
distance_threshold,0.1,0.5,0.5,5,200,2.0,40.0,0,scene-0103_032,169,25,7,0.28,7.9926,2.4688,16614,0.5392,7,6,0,3,420,287,0,0,0,0,0,0,1,1,0,1,16,12,8,7,0,4,436,299,119.3017
distance_threshold,0.1,0.5,0.5,5,200,2.0,40.0,0,scene-0103_033,201,18,8,0.4444,5.5097,3.1514,16612,0.5368,5,5,0,1,452,257,0,0,0,0,0,0,1,1,0,1,38,24,6,6,0,2,490,281,107.6666
distance_threshold,0.1,0.5,0.5,5,200,2.0,40.0,0,scene-0103_034,220,20,6,0.3,4.4968,3.4244,16532,0.5165,6,5,0,1,868,454,0,0,0,0,0,0,0,0,0,0,0,0,6,5,0,1,868,454,105.318
distance_threshold,0.1,0.5,0.5,5,200,2.0,40.0,0,scene-0103_035,220,22,5,0.2273,4.4256,2.2832,16062,0.4956,7,6,0,4,893,506,0,0,0,0,0,0,0,0,0,0,0,0,7,6,0,4,893,506,127.1545
distance_threshold,0.1,0.5,0.5,5,200,2.0,40.0,0,scene-0103_036,188,12,3,0.25,4.3291,3.0985,16148,0.4741,6,5,0,3,861,608,0,0,0,0,0,0,0,0,0,0,0,0,6,5,0,3,861,608,121.2234
distance_threshold,0.1,0.5,0.5,5,200,2.0,40.0,0,scene-0103_037,207,22,7,0.3182,4.2572,1.4887,15946,0.4743,6,6,0,6,798,523,0,0,0,0,0,0,0,0,0,0,0,0,6,6,0,6,798,523,125.4671
distance_threshold,0.1,0.5,0.5,5,200,2.0,40.0,0,scene-0103_038,152,11,5,0.4545,4.2713,2.8816,15621,0.4644,6,5,0,4,798,484,0,0,0,0,0,0,1,0,0,0,11,6,7,5,0,4,809,490,118.5529
distance_threshold,0.1,0.5,0.5,5,200,2.0,40.0,0,scene-0103_039,145,17,6,0.3529,2.8131,3.8048,15467,0.4513,4,4,0,2,225,130,0,0,0,0,0,0,0,0,0,0,0,0,4,4,0,2,225,130,122.5658
distance_threshold,0.1,0.5,0.5,5,200,2.0,40.0,0,scene-1094_000,238,65,7,0.1077,2.0032,2.8882,14470,0.4095,3,3,0,2,334,213,1,1,0,0,11,5,0,0,0,0,0,0,4,4,0,2,345,218,119.6325
distance_threshold,0.1,0.5,0.5,5,200,2.0,40.0,0,scene-1094_001,231,82,12,0.1463,2.0359,0.9177,15030,0.4263,4,3,0,1,322,163,1,1,0,1,15,10,0,0,0,0,0,0,5,4,0,2,337,173,114.5842
distance_threshold,0.1,0.5,0.5,5,200,2.0,40.0,0,scene-1094_002,237,67,12,0.1791,2.033,2.9781,15546,0.4356,4,2,0,2,337,200,2,2,0,2,26,14,0,0,0,0,0,0,6,4,0,4,363,214,127.45
distance_threshold,0.1,0.5,0.5,5,200,2.0,40.0,0,scene-1094_003,256,78,8,0.1026,2.0055,0.5566,15847,0.454,5,3,0,1,595,245,2,2,0,2,21,12,0,0,0,0,0,0,7,5,0,3,616,257,102.6654
distance_threshold,0.1,0.5,0.5,5,200,2.0,40.0,0,scene-1094_004,247,73,10,0.137,2.0082,2.1863,16028,0.4584,5,3,0,3,527,306,0,0,0,0,0,0,0,0,0,0,0,0,5,3,0,3,527,306,96.0324
distance_threshold,0.1,0.5,0.5,5,200,2.0,40.0,0,scene-1094_005,248,78,8,0.1026,2.0003,1.6252,16227,0.4523,5,4,0,2,484,276,0,0,0,0,0,0,0,0,0,0,0,0,5,4,0,2,484,276,112.8835
distance_threshold,0.1,0.5,0.5,5,200,2.0,40.0,0,scene-1094_006,235,66,7,0.1061,2.0134,1.4964,16400,0.4586,4,3,0,2,404,274,0,0,0,0,0,0,0,0,0,0,0,0,4,3,0,2,404,274,122.9822
distance_threshold,0.1,0.5,0.5,5,200,2.0,40.0,0,scene-1094_007,249,65,6,0.0923,2.0015,1.7251,16642,0.4618,3,3,0,2,411,274,0,0,0,0,0,0,0,0,0,0,0,0,3,3,0,2,411,274,139.1392
distance_threshold,0.1,0.5,0.5,5,200,2.0,40.0,0,scene-1094_008,230,61,7,0.1148,2.0088,0.3152,16649,0.4704,4,4,0,3,448,344,1,1,0,1,18,15,0,0,0,0,0,0,5,5,0,4,466,359,129.951
distance_threshold,0.1,0.5,0.5,5,200,2.0,40.0,0,scene-1094_009,253,69,9,0.1304,2.006,1.3059,16547,0.4922,4,3,0,2,396,271,1,1,0,1,20,14,0,0,0,0,0,0,5,4,0,3,416,285,122.6861
distance_threshold,0.1,0.5,0.5,5,200,2.0,40.0,0,scene-1094_010,276,67,12,0.1791,2.0007,2.5953,16400,0.5095,5,4,0,3,450,272,2,2,0,2,41,28,0,0,0,0,0,0,7,6,0,5,491,300,122.879
distance_threshold,0.1,0.5,0.5,5,200,2.0,40.0,0,scene-1094_011,257,56,13,0.2321,2.0028,1.4322,16548,0.526,5,5,0,5,481,404,1,1,0,1,34,26,0,0,0,0,0,0,6,6,0,6,515,430,122.998
distance_threshold,0.1,0.5,0.5,5,200,2.0,40.0,0,scene-1094_012,270,48,8,0.1667,3.3977,1.2548,16434,0.5317,6,5,0,5,477,359,1,1,0,1,37,28,0,0,0,0,0,0,7,6,0,6,514,387,133.0353
distance_threshold,0.1,0.5,0.5,5,200,2.0,40.0,0,scene-1094_013,277,34,9,0.2647,2.0132,2.0287,16344,0.5332,7,6,0,6,479,367,0,0,0,0,0,0,0,0,0,0,0,0,7,6,0,6,479,367,115.9253
distance_threshold,0.1,0.5,0.5,5,200,2.0,40.0,0,scene-1094_014,284,21,9,0.4286,3.3845,0.9517,16415,0.5304,8,8,0,8,512,458,0,0,0,0,0,0,0,0,0,0,0,0,8,8,0,8,512,458,116.0007
distance_threshold,0.1,0.5,0.5,5,200,2.0,40.0,0,scene-1094_015,277,18,5,0.2778,4.0806,1.8475,16408,0.5383,8,7,0,4,644,468,0,0,0,0,0,0,0,0,0,0,0,0,8,7,0,4,644,468,134.2594
distance_threshold,0.1,0.5,0.5,5,200,2.0,40.0,0,scene-1094_016,262,33,7,0.2121,3.3648,1.0325,16406,0.5361,6,6,0,3,533,367,0,0,0,0,0,0,0,0,0,0,0,0,6,6,0,3,533,367,136.4483
distance_threshold,0.1,0.5,0.5,5,200,2.0,40.0,0,scene-1094_017,252,28,6,0.2143,3.2023,3.2292,16142,0.5128,5,5,0,4,177,116,0,0,0,0,0,0,0,0,0,0,0,0,5,5,0,4,177,116,124.361
distance_threshold,0.1,0.5,0.5,5,200,2.0,40.0,0,scene-1094_018,231,27,2,0.0741,3.1773,2.7212,16385,0.5293,4,3,0,0,125,44,0,0,0,0,0,0,0,0,0,0,0,0,4,3,0,0,125,44,120.0937
distance_threshold,0.1,0.5,0.5,5,200,2.0,40.0,0,scene-1094_019,224,28,3,0.1071,3.2833,2.5061,16395,0.516,4,4,0,3,166,146,0,0,0,0,0,0,0,0,0,0,0,0,4,4,0,3,166,146,129.6968
distance_threshold,0.1,0.5,0.5,5,200,2.0,40.0,0,scene-1094_020,200,17,3,0.1765,3.0171,2.3146,16618,0.5324,3,3,0,0,98,62,0,0,0,0,0,0,0,0,0,0,0,0,3,3,0,0,98,62,129.1382
distance_threshold,0.1,0.5,0.5,5,200,2.0,40.0,0,scene-1094_021,196,24,4,0.1667,3.0952,2.43,16710,0.5651,3,3,0,2,140,96,0,0,0,0,0,0,1,1,0,1,16,12,4,4,0,3,156,108,117.4021
distance_threshold,0.1,0.5,0.5,5,200,2.0,40.0,0,scene-1094_022,193,23,2,0.087,3.1839,2.7237,16799,0.55,2,2,0,1,51,38,0,0,0,0,0,0,0,0,0,0,0,0,2,2,0,1,51,38,118.6789
distance_threshold,0.1,0.5,0.5,5,200,2.0,40.0,0,scene-1094_023,224,25,1,0.04,2.3597,2.9202,16667,0.524,2,2,0,1,79,66,0,0,0,0,0,0,0,0,0,0,0,0,2,2,0,1,79,66,109.5907
distance_threshold,0.1,0.5,0.5,5,200,2.0,40.0,0,scene-1094_024,227,29,3,0.1034,2.7689,1.3611,16848,0.5199,1,1,0,1,22,21,1,1,0,1,11,11,0,0,0,0,0,0,2,2,0,2,33,32,132.5389
distance_threshold,0.1,0.5,0.5,5,200,2.0,40.0,0,scene-1094_025,194,14,4,0.2857,4.9737,1.2142,16249,0.533,1,1,0,1,28,28,1,1,0,1,16,16,0,0,0,0,0,0,2,2,0,2,44,44,114.9413
distance_threshold,0.1,0.5,0.5,5,200,2.0,40.0,0,scene-1094_026,180,8,2,0.25,5.0489,2.2313,15982,0.5505,1,1,0,1,30,20,0,0,0,0,0,0,0,0,0,0,0,0,1,1,0,1,30,20,94.5833
distance_threshold,0.1,0.5,0.5,5,200,2.0,40.0,0,scene-1094_027,169,20,4,0.2,4.5902,1.8017,15542,0.5822,1,1,0,1,29,18,2,2,0,2,32,28,0,0,0,0,0,0,3,3,0,3,61,46,114.6182
distance_threshold,0.1,0.5,0.5,5,200,2.0,40.0,0,scene-1094_028,199,29,3,0.1034,2.5836,2.2164,15809,0.6088,0,0,0,0,0,0,1,1,0,1,33,26,0,0,0,0,0,0,1,1,0,1,33,26,112.3838
distance_threshold,0.1,0.5,0.5,5,200,2.0,40.0,0,scene-1094_029,232,28,2,0.0714,3.0331,2.8145,15667,0.5843,3,3,0,2,68,47,1,1,0,1,19,11,0,0,0,0,0,0,4,4,0,3,87,58,116.8721
distance_threshold,0.1,0.5,0.5,5,200,2.0,40.0,0,scene-1094_030,235,28,2,0.0714,3.8367,1.9923,15055,0.6162,0,0,0,0,0,0,1,1,0,0,33,16,0,0,0,0,0,0,1,1,0,0,33,16,107.8429
distance_threshold,0.1,0.5,0.5,5,200,2.0,40.0,0,scene-1094_031,232,25,2,0.08,4.2611,1.4361,14945,0.6181,1,1,0,0,44,36,0,0,0,0,0,0,0,0,0,0,0,0,1,1,0,0,44,36,114.2933
distance_threshold,0.1,0.5,0.5,5,200,2.0,40.0,0,scene-1094_032,212,19,2,0.1053,3.0228,1.5338,14615,0.6497,1,1,0,0,117,110,0,0,0,0,0,0,0,0,0,0,0,0,1,1,0,0,117,110,118.8306
distance_threshold,0.1,0.5,0.5,5,200,2.0,40.0,0,scene-1094_033,183,15,2,0.1333,4.1107,2.3582,14421,0.6484,2,2,0,2,352,291,0,0,0,0,0,0,0,0,0,0,0,0,2,2,0,2,352,291,100.2639
distance_threshold,0.1,0.5,0.5,5,200,2.0,40.0,0,scene-1094_034,171,24,1,0.0417,3.5249,1.7489,14617,0.6138,0,0,0,0,0,0,1,1,0,1,11,11,0,0,0,0,0,0,1,1,0,1,11,11,116.692
distance_threshold,0.1,0.5,0.5,5,200,2.0,40.0,0,scene-1094_035,161,20,0,0.0,3.8095,1.4795,15014,0.5779,0,0,0,0,0,0,0,0,0,0,0,0,0,0,0,0,0,0,0,0,0,0,0,0,115.7939
distance_threshold,0.1,0.5,0.5,5,200,2.0,40.0,0,scene-1094_036,194,19,1,0.0526,3.5387,1.5047,15610,0.6108,1,1,0,1,17,9,0,0,0,0,0,0,0,0,0,0,0,0,1,1,0,1,17,9,109.7122
distance_threshold,0.1,0.5,0.5,5,200,2.0,40.0,0,scene-1094_037,225,17,0,0.0,2.1813,1.0704,16210,0.5782,0,0,0,0,0,0,0,0,0,0,0,0,1,1,0,1,21,14,1,1,0,1,21,14,105.3525
distance_threshold,0.1,0.5,0.5,5,200,2.0,40.0,0,scene-1094_038,227,18,1,0.0556,3.7465,1.5188,16449,0.5785,2,1,0,1,61,15,0,0,0,0,0,0,0,0,0,0,0,0,2,1,0,1,61,15,111.4892
distance_threshold,0.1,0.5,0.5,5,200,2.0,40.0,0,scene-1094_039,244,9,2,0.2222,3.4877,1.4829,16473,0.5456,1,0,0,0,10,2,1,1,0,1,11,11,0,0,0,0,0,0,2,1,0,1,21,13,124.3858
eps,0.1,0.15,0.3,5,200,2.0,40.0,0,scene-0103_000,104,12,0,0.0,4.1917,2.0528,10839,0.5055,0,0,0,0,0,0,0,0,0,0,0,0,0,0,0,0,0,0,0,0,0,0,0,0,91.9544
eps,0.1,0.15,0.3,5,200,2.0,40.0,0,scene-0103_001,102,4,1,0.25,4.1317,2.0054,11299,0.4979,0,0,0,0,0,0,1,1,0,0,15,15,0,0,0,0,0,0,1,1,0,0,15,15,97.9367
eps,0.1,0.15,0.3,5,200,2.0,40.0,0,scene-0103_002,127,21,0,0.0,3.9517,2.2435,11919,0.4671,0,0,0,0,0,0,1,0,0,0,11,9,0,0,0,0,0,0,1,0,0,0,11,9,91.9048
eps,0.1,0.15,0.3,5,200,2.0,40.0,0,scene-0103_003,127,12,2,0.1667,4.4658,2.2901,12741,0.4833,1,1,0,0,14,14,1,1,0,0,13,13,0,0,0,0,0,0,2,2,0,0,27,27,99.8328
eps,0.1,0.15,0.3,5,200,2.0,40.0,0,scene-0103_004,125,11,2,0.1818,4.9883,3.029,13054,0.488,1,1,0,0,49,49,2,2,0,1,25,25,0,0,0,0,0,0,3,3,0,1,74,74,98.9574
eps,0.1,0.15,0.3,5,200,2.0,40.0,0,scene-0103_005,131,14,2,0.1429,4.7839,3.2799,13310,0.4927,1,1,0,1,329,327,1,1,0,0,13,13,0,0,0,0,0,0,2,2,0,1,342,340,97.5404
eps,0.1,0.15,0.3,5,200,2.0,40.0,0,scene-0103_006,139,11,2,0.1818,3.9712,2.9897,14276,0.4735,2,1,0,1,32,32,1,1,0,1,10,10,0,0,0,0,0,0,3,2,0,2,42,42,111.4748
eps,0.1,0.15,0.3,5,200,2.0,40.0,0,scene-0103_007,193,19,3,0.1579,4.9381,2.1093,15107,0.4888,2,2,0,2,92,92,0,0,0,0,0,0,0,0,0,0,0,0,2,2,0,2,92,92,115.5465
eps,0.1,0.15,0.3,5,200,2.0,40.0,0,scene-0103_008,189,7,4,0.5714,3.5313,1.41,15526,0.4463,2,2,0,2,583,557,0,0,0,0,0,0,0,0,0,0,0,0,2,2,0,2,583,557,95.1057
eps,0.1,0.15,0.3,5,200,2.0,40.0,0,scene-0103_009,202,6,0,0.0,5.2695,1.5766,16190,0.4368,3,1,0,1,124,124,1,0,0,0,10,10,0,0,0,0,0,0,4,1,0,1,134,134,114.6876
eps,0.1,0.15,0.3,5,200,2.0,40.0,0,scene-0103_010,147,17,8,0.4706,5.5688,2.1805,16539,0.4636,4,3,0,3,280,278,1,1,0,0,17,17,0,0,0,0,0,0,5,4,0,3,297,295,112.8293
eps,0.1,0.15,0.3,5,200,2.0,40.0,0,scene-0103_011,187,12,6,0.5,5.6801,3.572,16733,0.4344,3,3,0,1,109,106,1,1,0,0,36,36,0,0,0,0,0,0,4,4,0,1,145,142,89.534
eps,0.1,0.15,0.3,5,200,2.0,40.0,0,scene-0103_012,178,10,7,0.7,6.6571,2.8656,16950,0.4352,3,2,0,1,109,109,0,0,0,0,0,0,0,0,0,0,0,0,3,2,0,1,109,109,97.5225
eps,0.1,0.15,0.3,5,200,2.0,40.0,0,scene-0103_013,212,14,10,0.7143,4.8917,3.3157,17141,0.4195,3,3,0,3,168,162,0,0,0,0,0,0,0,0,0,0,0,0,3,3,0,3,168,162,112.4948
eps,0.1,0.15,0.3,5,200,2.0,40.0,0,scene-0103_014,202,13,12,0.9231,3.7936,3.3019,17323,0.4003,3,3,0,3,225,216,0,0,0,0,0,0,0,0,0,0,0,0,3,3,0,3,225,216,121.9188
eps,0.1,0.15,0.3,5,200,2.0,40.0,0,scene-0103_015,215,14,11,0.7857,5.276,2.9358,17427,0.4338,3,3,0,3,321,317,0,0,0,0,0,0,0,0,0,0,0,0,3,3,0,3,321,317,107.66
eps,0.1,0.15,0.3,5,200,2.0,40.0,0,scene-0103_016,209,8,3,0.375,4.0962,2.7937,17596,0.4114,2,2,0,2,326,312,0,0,0,0,0,0,0,0,0,0,0,0,2,2,0,2,326,312,137.7454
eps,0.1,0.15,0.3,5,200,2.0,40.0,0,scene-0103_017,218,19,10,0.5263,7.6537,2.3048,17591,0.4062,3,3,0,2,351,351,0,0,0,0,0,0,0,0,0,0,0,0,3,3,0,2,351,351,128.4021
eps,0.1,0.15,0.3,5,200,2.0,40.0,0,scene-0103_018,210,9,8,0.8889,5.3557,2.3955,17575,0.4255,4,4,0,3,413,396,0,0,0,0,0,0,0,0,0,0,0,0,4,4,0,3,413,396,106.5917
eps,0.1,0.15,0.3,5,200,2.0,40.0,0,scene-0103_019,231,12,8,0.6667,6.0283,2.3019,17620,0.4216,4,4,0,1,466,452,0,0,0,0,0,0,0,0,0,0,0,0,4,4,0,1,466,452,130.07
eps,0.1,0.15,0.3,5,200,2.0,40.0,0,scene-0103_020,232,20,11,0.55,4.8635,2.4643,17569,0.4075,5,4,0,3,542,523,0,0,0,0,0,0,0,0,0,0,0,0,5,4,0,3,542,523,127.541
eps,0.1,0.15,0.3,5,200,2.0,40.0,0,scene-0103_021,229,21,8,0.381,4.3685,2.2616,17517,0.4021,5,3,0,3,667,659,0,0,0,0,0,0,0,0,0,0,0,0,5,3,0,3,667,659,128.3499
eps,0.1,0.15,0.3,5,200,2.0,40.0,0,scene-0103_022,249,13,1,0.0769,3.7341,2.8876,17235,0.4089,2,1,0,1,163,163,0,0,0,0,0,0,0,0,0,0,0,0,2,1,0,1,163,163,229.3528
eps,0.1,0.15,0.3,5,200,2.0,40.0,0,scene-0103_023,223,14,1,0.0714,3.4517,3.0247,16903,0.3956,3,1,0,1,234,234,0,0,0,0,0,0,0,0,0,0,0,0,3,1,0,1,234,234,131.6571
eps,0.1,0.15,0.3,5,200,2.0,40.0,0,scene-0103_024,211,9,1,0.1111,3.3113,2.6259,16530,0.388,4,3,0,1,311,306,0,0,0,0,0,0,0,0,0,0,0,0,4,3,0,1,311,306,124.9341
eps,0.1,0.15,0.3,5,200,2.0,40.0,0,scene-0103_025,189,19,3,0.1579,3.4141,2.8356,16278,0.4047,4,3,0,2,425,410,0,0,0,0,0,0,0,0,0,0,0,0,4,3,0,2,425,410,122.733
eps,0.1,0.15,0.3,5,200,2.0,40.0,0,scene-0103_026,173,7,1,0.1429,4.3301,2.8325,16152,0.4357,2,1,0,0,45,42,0,0,0,0,0,0,0,0,0,0,0,0,2,1,0,0,45,42,107.7229
eps,0.1,0.15,0.3,5,200,2.0,40.0,0,scene-0103_027,204,10,3,0.3,4.6196,2.5987,16074,0.424,2,2,0,1,85,74,0,0,0,0,0,0,0,0,0,0,0,0,2,2,0,1,85,74,121.112
eps,0.1,0.15,0.3,5,200,2.0,40.0,0,scene-0103_028,225,15,1,0.0667,4.5424,2.6447,16187,0.4448,4,2,0,1,195,189,0,0,0,0,0,0,0,0,0,0,0,0,4,2,0,1,195,189,115.282
eps,0.1,0.15,0.3,5,200,2.0,40.0,0,scene-0103_029,236,6,2,0.3333,5.4422,2.094,16457,0.4414,3,1,0,1,79,70,0,0,0,0,0,0,0,0,0,0,0,0,3,1,0,1,79,70,134.6908
eps,0.1,0.15,0.3,5,200,2.0,40.0,0,scene-0103_030,259,13,5,0.3846,5.9382,2.5148,16542,0.4628,4,3,0,1,152,151,0,0,0,0,0,0,0,0,0,0,0,0,4,3,0,1,152,151,127.2934
eps,0.1,0.15,0.3,5,200,2.0,40.0,0,scene-0103_031,269,11,6,0.5455,6.9754,2.3995,16558,0.4255,6,3,0,1,254,226,0,0,0,0,0,0,0,0,0,0,0,0,6,3,0,1,254,226,132.2385
eps,0.1,0.15,0.3,5,200,2.0,40.0,0,scene-0103_032,301,16,9,0.5625,7.3049,2.0951,16614,0.4028,7,6,0,1,420,406,0,0,0,0,0,0,1,0,1,0,16,14,8,6,1,1,436,420,130.5685
eps,0.1,0.15,0.3,5,200,2.0,40.0,0,scene-0103_033,332,20,9,0.45,5.2308,3.0189,16612,0.3752,5,4,0,1,452,391,0,0,0,0,0,0,1,1,0,1,38,33,6,5,0,2,490,424,128.2387
eps,0.1,0.15,0.3,5,200,2.0,40.0,0,scene-0103_034,319,21,10,0.4762,4.4157,2.115,16532,0.3719,6,5,0,3,868,830,0,0,0,0,0,0,0,0,0,0,0,0,6,5,0,3,868,830,151.1749
eps,0.1,0.15,0.3,5,200,2.0,40.0,0,scene-0103_035,344,9,5,0.5556,4.3859,2.5169,16062,0.3461,7,5,0,2,893,829,0,0,0,0,0,0,0,0,0,0,0,0,7,5,0,2,893,829,119.4179
eps,0.1,0.15,0.3,5,200,2.0,40.0,0,scene-0103_036,321,14,13,0.9286,4.2829,3.1132,16148,0.3417,6,4,0,2,861,809,0,0,0,0,0,0,0,0,0,0,0,0,6,4,0,2,861,809,102.3707
eps,0.1,0.15,0.3,5,200,2.0,40.0,0,scene-0103_037,294,15,13,0.8667,3.8575,2.1826,15946,0.3312,6,5,0,3,798,742,0,0,0,0,0,0,0,0,0,0,0,0,6,5,0,3,798,742,122.5029
eps,0.1,0.15,0.3,5,200,2.0,40.0,0,scene-0103_038,248,9,5,0.5556,3.763,3.4797,15621,0.3197,6,5,0,2,798,734,0,0,0,0,0,0,1,0,1,0,11,6,7,5,1,2,809,740,131.7342
eps,0.1,0.15,0.3,5,200,2.0,40.0,0,scene-0103_039,245,13,9,0.6923,2.7961,2.5064,15467,0.3068,4,3,0,1,225,192,0,0,0,0,0,0,0,0,0,0,0,0,4,3,0,1,225,192,119.1167
eps,0.1,0.15,0.3,5,200,2.0,40.0,0,scene-1094_000,201,13,1,0.0769,2.0032,2.8882,14470,0.2446,3,1,0,1,334,265,1,0,1,0,11,9,0,0,0,0,0,0,4,1,1,1,345,274,113.8977
eps,0.1,0.15,0.3,5,200,2.0,40.0,0,scene-1094_001,187,19,2,0.1053,2.0359,2.2222,15030,0.2758,4,1,0,1,322,260,1,0,0,0,15,11,0,0,0,0,0,0,5,1,0,1,337,271,125.0983
eps,0.1,0.15,0.3,5,200,2.0,40.0,0,scene-1094_002,173,20,7,0.35,2.033,2.0522,15546,0.2895,4,1,0,1,337,323,2,1,0,0,26,22,0,0,0,0,0,0,6,2,0,1,363,345,120.6544
eps,0.1,0.15,0.3,5,200,2.0,40.0,0,scene-1094_003,181,20,4,0.2,2.0055,1.8433,15847,0.2965,5,2,0,2,595,506,2,1,0,1,21,18,0,0,0,0,0,0,7,3,0,3,616,524,119.9262
eps,0.1,0.15,0.3,5,200,2.0,40.0,0,scene-1094_004,176,19,3,0.1579,2.0082,1.9401,16028,0.2819,5,2,0,2,527,449,0,0,0,0,0,0,0,0,0,0,0,0,5,2,0,2,527,449,111.2089
eps,0.1,0.15,0.3,5,200,2.0,40.0,0,scene-1094_005,190,12,3,0.25,2.0003,1.6252,16227,0.28,5,3,0,2,484,401,0,0,0,0,0,0,0,0,0,0,0,0,5,3,0,2,484,401,94.8311
eps,0.1,0.15,0.3,5,200,2.0,40.0,0,scene-1094_006,193,21,4,0.1905,4.0856,2.2498,16400,0.2869,4,3,0,2,404,370,0,0,0,0,0,0,0,0,0,0,0,0,4,3,0,2,404,370,107.7232
eps,0.1,0.15,0.3,5,200,2.0,40.0,0,scene-1094_007,178,5,4,0.8,2.0015,1.8272,16642,0.2902,3,2,0,1,411,374,0,0,0,0,0,0,0,0,0,0,0,0,3,2,0,1,411,374,121.5894
eps,0.1,0.15,0.3,5,200,2.0,40.0,0,scene-1094_008,173,7,6,0.8571,2.0088,0.8229,16649,0.3108,4,2,0,1,448,427,1,1,0,1,18,18,0,0,0,0,0,0,5,3,0,2,466,445,118.2853
eps,0.1,0.15,0.3,5,200,2.0,40.0,0,scene-1094_009,182,13,6,0.4615,2.006,0.4796,16547,0.3282,4,2,0,1,396,392,1,1,0,1,20,20,0,0,0,0,0,0,5,3,0,2,416,412,119.7591
eps,0.1,0.15,0.3,5,200,2.0,40.0,0,scene-1094_010,185,14,6,0.4286,2.0007,0.9636,16400,0.3744,5,3,0,1,450,448,2,1,0,1,41,39,0,0,0,0,0,0,7,4,0,2,491,487,102.6155
eps,0.1,0.15,0.3,5,200,2.0,40.0,0,scene-1094_011,175,15,10,0.6667,2.0028,0.973,16548,0.3936,5,3,0,1,481,478,1,1,0,1,34,34,0,0,0,0,0,0,6,4,0,2,515,512,99.9049
eps,0.1,0.15,0.3,5,200,2.0,40.0,0,scene-1094_012,171,26,14,0.5385,3.0731,1.3914,16434,0.4164,6,5,0,1,477,473,1,1,0,1,37,37,0,0,0,0,0,0,7,6,0,2,514,510,107.8231
eps,0.1,0.15,0.3,5,200,2.0,40.0,0,scene-1094_013,185,26,17,0.6538,2.0132,1.7628,16344,0.4241,7,5,0,2,479,477,0,0,0,0,0,0,0,0,0,0,0,0,7,5,0,2,479,477,122.5239
eps,0.1,0.15,0.3,5,200,2.0,40.0,0,scene-1094_014,179,26,20,0.7692,3.3845,1.5501,16415,0.425,8,5,0,3,512,512,0,0,0,0,0,0,0,0,0,0,0,0,8,5,0,3,512,512,107.1738
eps,0.1,0.15,0.3,5,200,2.0,40.0,0,scene-1094_015,171,21,10,0.4762,4.0806,1.2376,16408,0.418,8,5,0,4,644,635,0,0,0,0,0,0,0,0,0,0,0,0,8,5,0,4,644,635,115.1582
eps,0.1,0.15,0.3,5,200,2.0,40.0,0,scene-1094_016,175,27,6,0.2222,2.9866,1.3171,16406,0.3918,6,4,0,2,533,471,0,0,0,0,0,0,0,0,0,0,0,0,6,4,0,2,533,471,105.3564
eps,0.1,0.15,0.3,5,200,2.0,40.0,0,scene-1094_017,149,31,6,0.1935,2.526,2.2427,16142,0.3538,5,4,0,2,177,176,0,0,0,0,0,0,0,0,0,0,0,0,5,4,0,2,177,176,86.9306
eps,0.1,0.15,0.3,5,200,2.0,40.0,0,scene-1094_018,157,33,4,0.1212,2.7948,2.0297,16385,0.3166,4,3,0,1,125,125,0,0,0,0,0,0,0,0,0,0,0,0,4,3,0,1,125,125,113.3839
eps,0.1,0.15,0.3,5,200,2.0,40.0,0,scene-1094_019,162,38,2,0.0526,3.0133,2.6123,16395,0.2796,4,2,0,1,166,166,0,0,0,0,0,0,0,0,0,0,0,0,4,2,0,1,166,166,120.6205
eps,0.1,0.15,0.3,5,200,2.0,40.0,0,scene-1094_020,159,27,4,0.1481,3.0179,1.8746,16618,0.2785,3,2,0,1,98,98,0,0,0,0,0,0,0,0,0,0,0,0,3,2,0,1,98,98,119.3466
eps,0.1,0.15,0.3,5,200,2.0,40.0,0,scene-1094_021,171,30,2,0.0667,2.9131,2.612,16710,0.2852,3,3,0,1,140,140,0,0,0,0,0,0,1,0,0,0,16,16,4,3,0,1,156,156,132.8998
eps,0.1,0.15,0.3,5,200,2.0,40.0,0,scene-1094_022,192,21,2,0.0952,2.3568,1.1517,16799,0.2728,2,1,0,1,51,51,0,0,0,0,0,0,0,0,0,0,0,0,2,1,0,1,51,51,129.8452
eps,0.1,0.15,0.3,5,200,2.0,40.0,0,scene-1094_023,213,28,2,0.0714,2.0036,1.147,16667,0.2483,2,2,0,1,79,79,0,0,0,0,0,0,0,0,0,0,0,0,2,2,0,1,79,79,134.965
eps,0.1,0.15,0.3,5,200,2.0,40.0,0,scene-1094_024,220,32,1,0.0312,2.3064,1.441,16848,0.2802,1,1,0,0,22,22,1,0,1,0,11,11,0,0,0,0,0,0,2,1,1,0,33,33,114.2228
eps,0.1,0.15,0.3,5,200,2.0,40.0,0,scene-1094_025,209,38,4,0.1053,4.352,1.7087,16249,0.3331,1,1,0,1,28,28,1,1,0,1,16,16,0,0,0,0,0,0,2,2,0,2,44,44,118.9794
eps,0.1,0.15,0.3,5,200,2.0,40.0,0,scene-1094_026,232,37,3,0.0811,2.6664,1.9849,15982,0.3476,1,1,0,1,30,30,0,0,0,0,0,0,0,0,0,0,0,0,1,1,0,1,30,30,121.0865
eps,0.1,0.15,0.3,5,200,2.0,40.0,0,scene-1094_027,198,25,7,0.28,2.6616,3.186,15542,0.3441,1,1,0,1,29,28,2,2,0,1,32,30,0,0,0,0,0,0,3,3,0,2,61,58,115.6191
eps,0.1,0.15,0.3,5,200,2.0,40.0,0,scene-1094_028,204,18,1,0.0556,2.3364,2.1652,15809,0.3497,0,0,0,0,0,0,1,1,0,1,33,33,0,0,0,0,0,0,1,1,0,1,33,33,114.5715
eps,0.1,0.15,0.3,5,200,2.0,40.0,0,scene-1094_029,226,23,0,0.0,3.0109,1.7315,15667,0.3615,3,2,0,0,68,68,1,0,0,0,19,16,0,0,0,0,0,0,4,2,0,0,87,84,116.7969
eps,0.1,0.15,0.3,5,200,2.0,40.0,0,scene-1094_030,195,18,1,0.0556,3.031,1.0649,15055,0.4207,0,0,0,0,0,0,1,1,0,1,33,31,0,0,0,0,0,0,1,1,0,1,33,31,132.0921
eps,0.1,0.15,0.3,5,200,2.0,40.0,0,scene-1094_031,204,22,0,0.0,3.9853,1.0691,14945,0.4183,1,0,0,0,44,43,0,0,0,0,0,0,0,0,0,0,0,0,1,0,0,0,44,43,124.8186
eps,0.1,0.15,0.3,5,200,2.0,40.0,0,scene-1094_032,206,25,0,0.0,2.7334,1.2354,14615,0.4636,1,0,0,0,117,117,0,0,0,0,0,0,0,0,0,0,0,0,1,0,0,0,117,117,104.2464
eps,0.1,0.15,0.3,5,200,2.0,40.0,0,scene-1094_033,205,21,0,0.0,4.1044,1.3151,14421,0.5046,2,1,0,0,352,340,0,0,0,0,0,0,0,0,0,0,0,0,2,1,0,0,352,340,112.8674
eps,0.1,0.15,0.3,5,200,2.0,40.0,0,scene-1094_034,194,14,1,0.0714,3.5235,1.2346,14617,0.4654,0,0,0,0,0,0,1,1,0,0,11,11,0,0,0,0,0,0,1,1,0,0,11,11,80.5337
eps,0.1,0.15,0.3,5,200,2.0,40.0,0,scene-1094_035,188,10,0,0.0,2.7863,0.9134,15014,0.4088,0,0,0,0,0,0,0,0,0,0,0,0,0,0,0,0,0,0,0,0,0,0,0,0,90.2618
eps,0.1,0.15,0.3,5,200,2.0,40.0,0,scene-1094_036,240,19,0,0.0,2.4763,1.7668,15610,0.3414,1,0,0,0,17,17,0,0,0,0,0,0,0,0,0,0,0,0,1,0,0,0,17,17,125.3917
eps,0.1,0.15,0.3,5,200,2.0,40.0,0,scene-1094_037,266,17,0,0.0,2.1588,1.4537,16210,0.3522,0,0,0,0,0,0,0,0,0,0,0,0,1,1,0,0,21,21,1,1,0,0,21,21,132.4165
eps,0.1,0.15,0.3,5,200,2.0,40.0,0,scene-1094_038,276,20,2,0.1,2.6532,1.7938,16449,0.4025,2,1,0,0,61,56,0,0,0,0,0,0,0,0,0,0,0,0,2,1,0,0,61,56,116.695
eps,0.1,0.15,0.3,5,200,2.0,40.0,0,scene-1094_039,238,12,0,0.0,2.6562,1.482,16473,0.3484,1,0,0,0,10,10,1,0,0,0,11,11,0,0,0,0,0,0,2,0,0,0,21,21,126.9985
eps,0.1,0.15,0.5,5,200,2.0,40.0,0,scene-0103_000,98,30,1,0.0333,4.1917,2.0528,10839,0.5055,0,0,0,0,0,0,0,0,0,0,0,0,0,0,0,0,0,0,0,0,0,0,0,0,93.3486
eps,0.1,0.15,0.5,5,200,2.0,40.0,0,scene-0103_001,122,43,1,0.0233,4.1317,2.0054,11299,0.4979,0,0,0,0,0,0,1,1,0,1,15,15,0,0,0,0,0,0,1,1,0,1,15,15,97.4103
eps,0.1,0.15,0.5,5,200,2.0,40.0,0,scene-0103_002,137,67,1,0.0149,3.9517,2.2435,11919,0.4671,0,0,0,0,0,0,1,1,0,0,11,9,0,0,0,0,0,0,1,1,0,0,11,9,107.2586
eps,0.1,0.15,0.5,5,200,2.0,40.0,0,scene-0103_003,161,55,5,0.0909,4.4658,2.2901,12741,0.4833,1,1,0,0,14,14,1,1,0,1,13,13,0,0,0,0,0,0,2,2,0,1,27,27,99.1214
eps,0.1,0.15,0.5,5,200,2.0,40.0,0,scene-0103_004,151,43,7,0.1628,4.9883,3.029,13054,0.488,1,1,0,1,49,49,2,2,0,2,25,25,0,0,0,0,0,0,3,3,0,3,74,74,107.3663
eps,0.1,0.15,0.5,5,200,2.0,40.0,0,scene-0103_005,171,26,5,0.1923,4.7839,3.2799,13310,0.4927,1,1,0,1,329,327,1,1,0,1,13,13,0,0,0,0,0,0,2,2,0,2,342,340,85.3748
eps,0.1,0.15,0.5,5,200,2.0,40.0,0,scene-0103_006,182,29,4,0.1379,3.9712,2.9897,14276,0.4735,2,2,0,2,32,32,1,1,0,1,10,10,0,0,0,0,0,0,3,3,0,3,42,42,112.7987
eps,0.1,0.15,0.5,5,200,2.0,40.0,0,scene-0103_007,179,31,2,0.0645,4.9381,2.1093,15107,0.4888,2,1,1,2,92,92,0,0,0,0,0,0,0,0,0,0,0,0,2,1,1,2,92,92,106.199
eps,0.1,0.15,0.5,5,200,2.0,40.0,0,scene-0103_008,160,21,2,0.0952,3.5313,1.41,15526,0.4463,2,2,0,2,583,557,0,0,0,0,0,0,0,0,0,0,0,0,2,2,0,2,583,557,107.0345
eps,0.1,0.15,0.5,5,200,2.0,40.0,0,scene-0103_009,176,42,4,0.0952,5.2695,1.5766,16190,0.4368,3,3,0,2,124,124,1,0,1,0,10,10,0,0,0,0,0,0,4,3,1,2,134,134,120.7779
eps,0.1,0.15,0.5,5,200,2.0,40.0,0,scene-0103_010,166,28,8,0.2857,5.5688,2.1805,16539,0.4636,4,4,0,4,280,278,1,0,1,1,17,17,0,0,0,0,0,0,5,4,1,5,297,295,116.3291
eps,0.1,0.15,0.5,5,200,2.0,40.0,0,scene-0103_011,198,29,3,0.1034,5.6801,3.572,16733,0.4344,3,3,0,3,109,106,1,0,1,1,36,36,0,0,0,0,0,0,4,3,1,4,145,142,131.4612
eps,0.1,0.15,0.5,5,200,2.0,40.0,0,scene-0103_012,193,26,7,0.2692,6.6571,2.8656,16950,0.4352,3,3,0,3,109,109,0,0,0,0,0,0,0,0,0,0,0,0,3,3,0,3,109,109,122.8333
eps,0.1,0.15,0.5,5,200,2.0,40.0,0,scene-0103_013,204,25,4,0.16,4.8917,3.3157,17141,0.4195,3,3,0,3,168,162,0,0,0,0,0,0,0,0,0,0,0,0,3,3,0,3,168,162,116.6408
eps,0.1,0.15,0.5,5,200,2.0,40.0,0,scene-0103_014,194,24,5,0.2083,3.7936,3.3019,17323,0.4003,3,3,0,3,225,216,0,0,0,0,0,0,0,0,0,0,0,0,3,3,0,3,225,216,117.7506
eps,0.1,0.15,0.5,5,200,2.0,40.0,0,scene-0103_015,196,29,5,0.1724,5.276,2.9358,17427,0.4338,3,3,0,3,321,317,0,0,0,0,0,0,0,0,0,0,0,0,3,3,0,3,321,317,111.7919
eps,0.1,0.15,0.5,5,200,2.0,40.0,0,scene-0103_016,177,22,2,0.0909,4.0962,2.7937,17596,0.4114,2,2,0,2,326,312,0,0,0,0,0,0,0,0,0,0,0,0,2,2,0,2,326,312,133.1285
eps,0.1,0.15,0.5,5,200,2.0,40.0,0,scene-0103_017,191,36,7,0.1944,7.6537,2.3048,17591,0.4062,3,3,0,3,351,351,0,0,0,0,0,0,0,0,0,0,0,0,3,3,0,3,351,351,113.942
eps,0.1,0.15,0.5,5,200,2.0,40.0,0,scene-0103_018,184,27,7,0.2593,5.3557,2.3955,17575,0.4255,4,4,0,4,413,396,0,0,0,0,0,0,0,0,0,0,0,0,4,4,0,4,413,396,102.0181
eps,0.1,0.15,0.5,5,200,2.0,40.0,0,scene-0103_019,179,28,7,0.25,6.0283,2.3019,17620,0.4216,4,4,0,4,466,452,0,0,0,0,0,0,0,0,0,0,0,0,4,4,0,4,466,452,125.1226
eps,0.1,0.15,0.5,5,200,2.0,40.0,0,scene-0103_020,207,38,7,0.1842,4.8635,2.4643,17569,0.4075,5,5,0,5,542,523,0,0,0,0,0,0,0,0,0,0,0,0,5,5,0,5,542,523,143.3429
eps,0.1,0.15,0.5,5,200,2.0,40.0,0,scene-0103_021,184,31,4,0.129,4.3685,2.2616,17517,0.4021,5,5,0,5,667,659,0,0,0,0,0,0,0,0,0,0,0,0,5,5,0,5,667,659,125.6572
eps,0.1,0.15,0.5,5,200,2.0,40.0,0,scene-0103_022,185,28,2,0.0714,3.7341,2.8876,17235,0.4089,2,2,0,2,163,163,0,0,0,0,0,0,0,0,0,0,0,0,2,2,0,2,163,163,138.273
eps,0.1,0.15,0.5,5,200,2.0,40.0,0,scene-0103_023,189,31,2,0.0645,3.4517,3.0247,16903,0.3956,3,2,0,2,234,234,0,0,0,0,0,0,0,0,0,0,0,0,3,2,0,2,234,234,130.7823
eps,0.1,0.15,0.5,5,200,2.0,40.0,0,scene-0103_024,197,32,7,0.2188,3.3113,2.6259,16530,0.388,4,4,0,4,311,306,0,0,0,0,0,0,0,0,0,0,0,0,4,4,0,4,311,306,128.2096
eps,0.1,0.15,0.5,5,200,2.0,40.0,0,scene-0103_025,170,38,3,0.0789,3.4141,2.8356,16278,0.4047,4,4,0,4,425,410,0,0,0,0,0,0,0,0,0,0,0,0,4,4,0,4,425,410,137.8284
eps,0.1,0.15,0.5,5,200,2.0,40.0,0,scene-0103_026,151,29,3,0.1034,4.3301,2.8325,16152,0.4357,2,2,0,2,45,42,0,0,0,0,0,0,0,0,0,0,0,0,2,2,0,2,45,42,139.4235
eps,0.1,0.15,0.5,5,200,2.0,40.0,0,scene-0103_027,200,35,4,0.1143,4.6196,2.5987,16074,0.424,2,2,0,2,85,74,0,0,0,0,0,0,0,0,0,0,0,0,2,2,0,2,85,74,120.5941
eps,0.1,0.15,0.5,5,200,2.0,40.0,0,scene-0103_028,194,39,4,0.1026,4.115,2.6447,16187,0.4448,4,4,0,3,195,189,0,0,0,0,0,0,0,0,0,0,0,0,4,4,0,3,195,189,120.1594
eps,0.1,0.15,0.5,5,200,2.0,40.0,0,scene-0103_029,200,34,7,0.2059,5.4422,2.094,16457,0.4414,3,2,0,1,79,70,0,0,0,0,0,0,0,0,0,0,0,0,3,2,0,1,79,70,118.8626
eps,0.1,0.15,0.5,5,200,2.0,40.0,0,scene-0103_030,197,38,7,0.1842,5.4312,2.5148,16542,0.4628,4,4,0,2,152,151,0,0,0,0,0,0,0,0,0,0,0,0,4,4,0,2,152,151,114.2375
eps,0.1,0.15,0.5,5,200,2.0,40.0,0,scene-0103_031,212,40,13,0.325,5.1442,2.3995,16558,0.4255,6,6,0,4,254,226,0,0,0,0,0,0,0,0,0,0,0,0,6,6,0,4,254,226,131.815
eps,0.1,0.15,0.5,5,200,2.0,40.0,0,scene-0103_032,207,27,8,0.2963,7.3049,2.0951,16614,0.4028,7,6,0,3,420,406,0,0,0,0,0,0,1,1,0,1,16,14,8,7,0,4,436,420,121.4737
eps,0.1,0.15,0.5,5,200,2.0,40.0,0,scene-0103_033,258,31,10,0.3226,5.2308,3.0189,16612,0.3752,5,5,0,4,452,391,0,0,0,0,0,0,1,1,0,1,38,33,6,6,0,5,490,424,128.3137
eps,0.1,0.15,0.5,5,200,2.0,40.0,0,scene-0103_034,277,27,9,0.3333,4.4157,2.115,16532,0.3719,6,5,0,4,868,830,0,0,0,0,0,0,0,0,0,0,0,0,6,5,0,4,868,830,130.7615
eps,0.1,0.15,0.5,5,200,2.0,40.0,0,scene-0103_035,268,29,9,0.3103,4.3859,2.5169,16062,0.3461,7,7,0,6,893,829,0,0,0,0,0,0,0,0,0,0,0,0,7,7,0,6,893,829,121.307
eps,0.1,0.15,0.5,5,200,2.0,40.0,0,scene-0103_036,240,23,11,0.4783,4.2829,3.1132,16148,0.3417,6,6,0,6,861,809,0,0,0,0,0,0,0,0,0,0,0,0,6,6,0,6,861,809,87.5786
eps,0.1,0.15,0.5,5,200,2.0,40.0,0,scene-0103_037,237,27,10,0.3704,3.8575,2.1826,15946,0.3312,6,6,0,6,798,742,0,0,0,0,0,0,0,0,0,0,0,0,6,6,0,6,798,742,120.1082
eps,0.1,0.15,0.5,5,200,2.0,40.0,0,scene-0103_038,178,13,5,0.3846,3.763,3.4797,15621,0.3197,6,5,0,4,798,734,0,0,0,0,0,0,1,0,1,0,11,6,7,5,1,4,809,740,105.694
eps,0.1,0.15,0.5,5,200,2.0,40.0,0,scene-0103_039,176,25,9,0.36,2.7961,2.5064,15467,0.3068,4,4,0,3,225,192,0,0,0,0,0,0,0,0,0,0,0,0,4,4,0,3,225,192,110.1584
eps,0.1,0.15,0.5,5,200,2.0,40.0,0,scene-1094_000,287,78,10,0.1282,2.0032,2.8882,14470,0.2446,3,3,0,2,334,265,1,1,0,1,11,9,0,0,0,0,0,0,4,4,0,3,345,274,128.0016
eps,0.1,0.15,0.5,5,200,2.0,40.0,0,scene-1094_001,264,91,12,0.1319,2.0359,2.2222,15030,0.2758,4,3,0,2,322,260,1,1,0,1,15,11,0,0,0,0,0,0,5,4,0,3,337,271,129.6379
eps,0.1,0.15,0.5,5,200,2.0,40.0,0,scene-1094_002,264,81,13,0.1605,2.033,2.0522,15546,0.2895,4,3,0,2,337,323,2,2,0,2,26,22,0,0,0,0,0,0,6,5,0,4,363,345,131.2054
eps,0.1,0.15,0.5,5,200,2.0,40.0,0,scene-1094_003,279,90,14,0.1556,2.0055,1.8433,15847,0.2965,5,5,0,4,595,506,2,2,0,2,21,18,0,0,0,0,0,0,7,7,0,6,616,524,145.9522
eps,0.1,0.15,0.5,5,200,2.0,40.0,0,scene-1094_004,264,85,10,0.1176,2.0082,1.9401,16028,0.2819,5,2,2,3,527,449,0,0,0,0,0,0,0,0,0,0,0,0,5,2,2,3,527,449,135.7672
eps,0.1,0.15,0.5,5,200,2.0,40.0,0,scene-1094_005,274,88,11,0.125,2.0003,1.6252,16227,0.28,5,4,0,4,484,401,0,0,0,0,0,0,0,0,0,0,0,0,5,4,0,4,484,401,134.6657
eps,0.1,0.15,0.5,5,200,2.0,40.0,0,scene-1094_006,272,89,11,0.1236,2.0134,2.2498,16400,0.2869,4,4,0,4,404,370,0,0,0,0,0,0,0,0,0,0,0,0,4,4,0,4,404,370,119.532
eps,0.1,0.15,0.5,5,200,2.0,40.0,0,scene-1094_007,265,74,7,0.0946,2.0015,1.8272,16642,0.2902,3,3,0,2,411,374,0,0,0,0,0,0,0,0,0,0,0,0,3,3,0,2,411,374,134.0097
eps,0.1,0.15,0.5,5,200,2.0,40.0,0,scene-1094_008,243,69,8,0.1159,2.0088,0.8229,16649,0.3108,4,4,0,4,448,427,1,1,0,1,18,18,0,0,0,0,0,0,5,5,0,5,466,445,127.6097
eps,0.1,0.15,0.5,5,200,2.0,40.0,0,scene-1094_009,274,81,12,0.1481,2.006,0.4796,16547,0.3282,4,4,0,2,396,392,1,1,0,1,20,20,0,0,0,0,0,0,5,5,0,3,416,412,126.6078
eps,0.1,0.15,0.5,5,200,2.0,40.0,0,scene-1094_010,304,80,18,0.225,2.0007,0.9636,16400,0.3744,5,4,0,4,450,448,2,2,0,2,41,39,0,0,0,0,0,0,7,6,0,6,491,487,136.4855
eps,0.1,0.15,0.5,5,200,2.0,40.0,0,scene-1094_011,291,62,13,0.2097,2.0028,0.973,16548,0.3936,5,5,0,5,481,478,1,1,0,1,34,34,0,0,0,0,0,0,6,6,0,6,515,512,120.2898
eps,0.1,0.15,0.5,5,200,2.0,40.0,0,scene-1094_012,299,52,8,0.1538,3.0731,1.3914,16434,0.4164,6,6,0,5,477,473,1,1,0,1,37,37,0,0,0,0,0,0,7,7,0,6,514,510,129.6304
eps,0.1,0.15,0.5,5,200,2.0,40.0,0,scene-1094_013,311,40,10,0.25,2.0132,1.7628,16344,0.4241,7,6,0,6,479,477,0,0,0,0,0,0,0,0,0,0,0,0,7,6,0,6,479,477,131.6788
eps,0.1,0.15,0.5,5,200,2.0,40.0,0,scene-1094_014,313,28,10,0.3571,3.3845,1.5501,16415,0.425,8,8,0,8,512,512,0,0,0,0,0,0,0,0,0,0,0,0,8,8,0,8,512,512,128.8404
eps,0.1,0.15,0.5,5,200,2.0,40.0,0,scene-1094_015,300,30,7,0.2333,4.0318,1.2376,16408,0.418,8,8,0,7,644,635,0,0,0,0,0,0,0,0,0,0,0,0,8,8,0,7,644,635,132.2484
eps,0.1,0.15,0.5,5,200,2.0,40.0,0,scene-1094_016,294,42,8,0.1905,2.9866,1.3171,16406,0.3918,6,6,0,4,533,471,0,0,0,0,0,0,0,0,0,0,0,0,6,6,0,4,533,471,98.0697
eps,0.1,0.15,0.5,5,200,2.0,40.0,0,scene-1094_017,268,41,6,0.1463,2.526,2.2427,16142,0.3538,5,5,0,5,177,176,0,0,0,0,0,0,0,0,0,0,0,0,5,5,0,5,177,176,125.4285
eps,0.1,0.15,0.5,5,200,2.0,40.0,0,scene-1094_018,252,36,2,0.0556,2.7948,2.0297,16385,0.3166,4,3,0,3,125,125,0,0,0,0,0,0,0,0,0,0,0,0,4,3,0,3,125,125,140.6955
eps,0.1,0.15,0.5,5,200,2.0,40.0,0,scene-1094_019,238,32,3,0.0938,2.9738,2.6123,16395,0.2796,4,4,0,3,166,166,0,0,0,0,0,0,0,0,0,0,0,0,4,4,0,3,166,166,137.5739
eps,0.1,0.15,0.5,5,200,2.0,40.0,0,scene-1094_020,217,22,4,0.1818,3.0179,1.8746,16618,0.2785,3,3,0,2,98,98,0,0,0,0,0,0,0,0,0,0,0,0,3,3,0,2,98,98,140.2277
eps,0.1,0.15,0.5,5,200,2.0,40.0,0,scene-1094_021,220,35,3,0.0857,2.9131,2.612,16710,0.2852,3,3,0,3,140,140,0,0,0,0,0,0,1,1,0,1,16,16,4,4,0,4,156,156,139.4503
eps,0.1,0.15,0.5,5,200,2.0,40.0,0,scene-1094_022,211,31,2,0.0645,2.3568,1.1517,16799,0.2728,2,2,0,2,51,51,0,0,0,0,0,0,0,0,0,0,0,0,2,2,0,2,51,51,150.5414
eps,0.1,0.15,0.5,5,200,2.0,40.0,0,scene-1094_023,227,38,2,0.0526,2.0036,1.147,16667,0.2483,2,2,0,2,79,79,0,0,0,0,0,0,0,0,0,0,0,0,2,2,0,2,79,79,141.3753
eps,0.1,0.15,0.5,5,200,2.0,40.0,0,scene-1094_024,259,37,2,0.0541,2.3064,1.441,16848,0.2802,1,1,0,1,22,22,1,0,1,1,11,11,0,0,0,0,0,0,2,1,1,2,33,33,124.6306
eps,0.1,0.15,0.5,5,200,2.0,40.0,0,scene-1094_025,232,30,4,0.1333,4.352,1.7087,16249,0.3331,1,1,0,1,28,28,1,1,0,1,16,16,0,0,0,0,0,0,2,2,0,2,44,44,119.9896
eps,0.1,0.15,0.5,5,200,2.0,40.0,0,scene-1094_026,220,27,5,0.1852,2.6664,1.9849,15982,0.3476,1,1,0,1,30,30,0,0,0,0,0,0,0,0,0,0,0,0,1,1,0,1,30,30,132.7549
eps,0.1,0.15,0.5,5,200,2.0,40.0,0,scene-1094_027,213,34,6,0.1765,2.6616,3.186,15542,0.3441,1,1,0,1,29,28,2,2,0,2,32,30,0,0,0,0,0,0,3,3,0,3,61,58,120.7709
eps,0.1,0.15,0.5,5,200,2.0,40.0,0,scene-1094_028,236,42,4,0.0952,2.3364,2.1652,15809,0.3497,0,0,0,0,0,0,1,1,0,1,33,33,0,0,0,0,0,0,1,1,0,1,33,33,134.0428
eps,0.1,0.15,0.5,5,200,2.0,40.0,0,scene-1094_029,282,42,3,0.0714,2.5239,1.7315,15667,0.3615,3,3,0,3,68,68,1,1,0,1,19,16,0,0,0,0,0,0,4,4,0,4,87,84,129.5309
eps,0.1,0.15,0.5,5,200,2.0,40.0,0,scene-1094_030,298,38,2,0.0526,3.031,1.0649,15055,0.4207,0,0,0,0,0,0,1,1,0,1,33,31,0,0,0,0,0,0,1,1,0,1,33,31,129.7878
eps,0.1,0.15,0.5,5,200,2.0,40.0,0,scene-1094_031,289,35,2,0.0571,3.9853,1.0691,14945,0.4183,1,1,0,0,44,43,0,0,0,0,0,0,0,0,0,0,0,0,1,1,0,0,44,43,117.4191
eps,0.1,0.15,0.5,5,200,2.0,40.0,0,scene-1094_032,276,26,2,0.0769,2.7334,1.2354,14615,0.4636,1,1,0,0,117,117,0,0,0,0,0,0,0,0,0,0,0,0,1,1,0,0,117,117,108.0198
eps,0.1,0.15,0.5,5,200,2.0,40.0,0,scene-1094_033,235,23,4,0.1739,4.1044,1.3151,14421,0.5046,2,2,0,2,352,340,0,0,0,0,0,0,0,0,0,0,0,0,2,2,0,2,352,340,92.8225
eps,0.1,0.15,0.5,5,200,2.0,40.0,0,scene-1094_034,235,26,2,0.0769,3.5235,1.2346,14617,0.4654,0,0,0,0,0,0,1,1,0,1,11,11,0,0,0,0,0,0,1,1,0,1,11,11,118.7202
eps,0.1,0.15,0.5,5,200,2.0,40.0,0,scene-1094_035,209,29,1,0.0345,2.7863,0.9134,15014,0.4088,0,0,0,0,0,0,0,0,0,0,0,0,0,0,0,0,0,0,0,0,0,0,0,0,123.038
eps,0.1,0.15,0.5,5,200,2.0,40.0,0,scene-1094_036,258,29,2,0.069,2.4763,1.7668,15610,0.3414,1,1,0,1,17,17,0,0,0,0,0,0,0,0,0,0,0,0,1,1,0,1,17,17,132.348
eps,0.1,0.15,0.5,5,200,2.0,40.0,0,scene-1094_037,285,30,1,0.0333,2.1588,1.4537,16210,0.3522,0,0,0,0,0,0,0,0,0,0,0,0,1,1,0,1,21,21,1,1,0,1,21,21,139.1977
eps,0.1,0.15,0.5,5,200,2.0,40.0,0,scene-1094_038,290,34,3,0.0882,2.6532,1.7938,16449,0.4025,2,2,0,2,61,56,0,0,0,0,0,0,0,0,0,0,0,0,2,2,0,2,61,56,110.045
eps,0.1,0.15,0.5,5,200,2.0,40.0,0,scene-1094_039,297,18,4,0.2222,2.6562,1.482,16473,0.3484,1,1,0,1,10,10,1,1,0,1,11,11,0,0,0,0,0,0,2,2,0,2,21,21,117.6563
eps,0.1,0.15,0.8,5,200,2.0,40.0,0,scene-0103_000,76,23,2,0.087,4.1917,2.0528,10839,0.5055,0,0,0,0,0,0,0,0,0,0,0,0,0,0,0,0,0,0,0,0,0,0,0,0,95.1619
eps,0.1,0.15,0.8,5,200,2.0,40.0,0,scene-0103_001,88,34,4,0.1176,4.1317,2.0054,11299,0.4979,0,0,0,0,0,0,1,1,0,1,15,15,0,0,0,0,0,0,1,1,0,1,15,15,105.2538
eps,0.1,0.15,0.8,5,200,2.0,40.0,0,scene-0103_002,100,48,4,0.0833,3.9517,2.2435,11919,0.4671,0,0,0,0,0,0,1,1,0,1,11,9,0,0,0,0,0,0,1,1,0,1,11,9,102.7752
eps,0.1,0.15,0.8,5,200,2.0,40.0,0,scene-0103_003,87,22,7,0.3182,4.4658,2.2901,12741,0.4833,1,1,0,1,14,14,1,1,0,1,13,13,0,0,0,0,0,0,2,2,0,2,27,27,101.2005
eps,0.1,0.15,0.8,5,200,2.0,40.0,0,scene-0103_004,88,32,8,0.25,4.9883,3.029,13054,0.488,1,1,0,1,49,49,2,2,0,2,25,25,0,0,0,0,0,0,3,3,0,3,74,74,72.507
eps,0.1,0.15,0.8,5,200,2.0,40.0,0,scene-0103_005,116,21,5,0.2381,4.7839,3.2799,13310,0.4927,1,1,0,1,329,327,1,1,0,1,13,13,0,0,0,0,0,0,2,2,0,2,342,340,106.9006
eps,0.1,0.15,0.8,5,200,2.0,40.0,0,scene-0103_006,111,18,3,0.1667,3.9712,2.9897,14276,0.4735,2,1,1,2,32,32,1,1,0,1,10,10,0,0,0,0,0,0,3,2,1,3,42,42,107.048
eps,0.1,0.15,0.8,5,200,2.0,40.0,0,scene-0103_007,119,15,5,0.3333,4.9381,2.1093,15107,0.4888,2,1,1,2,92,92,0,0,0,0,0,0,0,0,0,0,0,0,2,1,1,2,92,92,111.5789
eps,0.1,0.15,0.8,5,200,2.0,40.0,0,scene-0103_008,94,11,2,0.1818,3.288,1.41,15526,0.4463,2,2,0,2,583,557,0,0,0,0,0,0,0,0,0,0,0,0,2,2,0,2,583,557,109.4852
eps,0.1,0.15,0.8,5,200,2.0,40.0,0,scene-0103_009,103,26,4,0.1538,5.2695,1.5766,16190,0.4368,3,3,0,3,124,124,1,0,1,1,10,10,0,0,0,0,0,0,4,3,1,4,134,134,121.2662
eps,0.1,0.15,0.8,5,200,2.0,40.0,0,scene-0103_010,132,31,4,0.129,5.5688,2.1805,16539,0.4636,4,4,0,4,280,278,1,0,1,1,17,17,0,0,0,0,0,0,5,4,1,5,297,295,125.7092
eps,0.1,0.15,0.8,5,200,2.0,40.0,0,scene-0103_011,112,14,3,0.2143,5.6801,3.572,16733,0.4344,3,3,0,3,109,106,1,0,1,1,36,36,0,0,0,0,0,0,4,3,1,4,145,142,102.9974
eps,0.1,0.15,0.8,5,200,2.0,40.0,0,scene-0103_012,103,17,5,0.2941,6.6571,2.8656,16950,0.4352,3,3,0,3,109,109,0,0,0,0,0,0,0,0,0,0,0,0,3,3,0,3,109,109,120.1269
eps,0.1,0.15,0.8,5,200,2.0,40.0,0,scene-0103_013,117,22,4,0.1818,4.8917,3.3157,17141,0.4195,3,3,0,3,168,162,0,0,0,0,0,0,0,0,0,0,0,0,3,3,0,3,168,162,110.8922
eps,0.1,0.15,0.8,5,200,2.0,40.0,0,scene-0103_014,120,19,4,0.2105,3.7936,3.3019,17323,0.4003,3,3,0,3,225,216,0,0,0,0,0,0,0,0,0,0,0,0,3,3,0,3,225,216,119.0559
eps,0.1,0.15,0.8,5,200,2.0,40.0,0,scene-0103_015,97,14,3,0.2143,5.1026,2.9358,17427,0.4338,3,2,1,3,321,317,0,0,0,0,0,0,0,0,0,0,0,0,3,2,1,3,321,317,116.4365
eps,0.1,0.15,0.8,5,200,2.0,40.0,0,scene-0103_016,103,18,2,0.1111,4.0962,2.7937,17596,0.4114,2,1,1,2,326,312,0,0,0,0,0,0,0,0,0,0,0,0,2,1,1,2,326,312,117.4455
eps,0.1,0.15,0.8,5,200,2.0,40.0,0,scene-0103_017,106,29,5,0.1724,7.6537,2.3048,17591,0.4062,3,3,0,3,351,351,0,0,0,0,0,0,0,0,0,0,0,0,3,3,0,3,351,351,136.6476
eps,0.1,0.15,0.8,5,200,2.0,40.0,0,scene-0103_018,107,24,4,0.1667,5.3557,2.3955,17575,0.4255,4,4,0,4,413,396,0,0,0,0,0,0,0,0,0,0,0,0,4,4,0,4,413,396,130.3964
eps,0.1,0.15,0.8,5,200,2.0,40.0,0,scene-0103_019,111,31,5,0.1613,6.0283,2.3019,17620,0.4216,4,4,0,4,466,452,0,0,0,0,0,0,0,0,0,0,0,0,4,4,0,4,466,452,146.8341
eps,0.1,0.15,0.8,5,200,2.0,40.0,0,scene-0103_020,111,32,5,0.1562,4.8635,2.4643,17569,0.4075,5,5,0,5,542,523,0,0,0,0,0,0,0,0,0,0,0,0,5,5,0,5,542,523,109.0368
eps,0.1,0.15,0.8,5,200,2.0,40.0,0,scene-0103_021,125,38,6,0.1579,4.3685,2.2616,17517,0.4021,5,5,0,5,667,659,0,0,0,0,0,0,0,0,0,0,0,0,5,5,0,5,667,659,104.9984
eps,0.1,0.15,0.8,5,200,2.0,40.0,0,scene-0103_022,129,31,4,0.129,3.7341,2.8876,17235,0.4089,2,2,0,2,163,163,0,0,0,0,0,0,0,0,0,0,0,0,2,2,0,2,163,163,131.4383
eps,0.1,0.15,0.8,5,200,2.0,40.0,0,scene-0103_023,142,35,4,0.1143,3.4517,3.0247,16903,0.3956,3,3,0,3,234,234,0,0,0,0,0,0,0,0,0,0,0,0,3,3,0,3,234,234,174.9342
eps,0.1,0.15,0.8,5,200,2.0,40.0,0,scene-0103_024,131,36,6,0.1667,3.1047,2.6259,16530,0.388,4,4,0,4,311,306,0,0,0,0,0,0,0,0,0,0,0,0,4,4,0,4,311,306,190.1818
eps,0.1,0.15,0.8,5,200,2.0,40.0,0,scene-0103_025,113,39,2,0.0513,3.4141,2.8356,16278,0.4047,4,3,1,4,425,410,0,0,0,0,0,0,0,0,0,0,0,0,4,3,1,4,425,410,142.5166
eps,0.1,0.15,0.8,5,200,2.0,40.0,0,scene-0103_026,100,32,7,0.2188,4.3301,2.8325,16152,0.4357,2,2,0,2,45,42,0,0,0,0,0,0,0,0,0,0,0,0,2,2,0,2,45,42,139.888
eps,0.1,0.15,0.8,5,200,2.0,40.0,0,scene-0103_027,129,37,8,0.2162,4.6196,2.5987,16074,0.424,2,2,0,2,85,74,0,0,0,0,0,0,0,0,0,0,0,0,2,2,0,2,85,74,177.4744
eps,0.1,0.15,0.8,5,200,2.0,40.0,0,scene-0103_028,124,36,8,0.2222,4.115,2.6447,16187,0.4448,4,4,0,4,195,189,0,0,0,0,0,0,0,0,0,0,0,0,4,4,0,4,195,189,186.4437
eps,0.1,0.15,0.8,5,200,2.0,40.0,0,scene-0103_029,100,29,7,0.2414,5.4422,2.094,16457,0.4414,3,3,0,1,79,70,0,0,0,0,0,0,0,0,0,0,0,0,3,3,0,1,79,70,119.8512
eps,0.1,0.15,0.8,5,200,2.0,40.0,0,scene-0103_030,126,33,10,0.303,5.4312,2.5148,16542,0.4628,4,4,0,4,152,151,0,0,0,0,0,0,0,0,0,0,0,0,4,4,0,4,152,151,123.9515
eps,0.1,0.15,0.8,5,200,2.0,40.0,0,scene-0103_031,113,28,12,0.4286,5.1442,2.3995,16558,0.4255,6,6,0,6,254,226,0,0,0,0,0,0,0,0,0,0,0,0,6,6,0,6,254,226,156.8581
eps,0.1,0.15,0.8,5,200,2.0,40.0,0,scene-0103_032,108,25,9,0.36,7.3049,2.0951,16614,0.4028,7,7,0,7,420,406,0,0,0,0,0,0,1,0,1,1,16,14,8,7,1,8,436,420,135.2681
eps,0.1,0.15,0.8,5,200,2.0,40.0,0,scene-0103_033,123,17,5,0.2941,5.2308,3.0189,16612,0.3752,5,4,1,5,452,391,0,0,0,0,0,0,1,0,1,1,38,33,6,4,2,6,490,424,116.1711
eps,0.1,0.15,0.8,5,200,2.0,40.0,0,scene-0103_034,132,23,9,0.3913,4.4157,2.115,16532,0.3719,6,6,0,6,868,830,0,0,0,0,0,0,0,0,0,0,0,0,6,6,0,6,868,830,114.8081
eps,0.1,0.15,0.8,5,200,2.0,40.0,0,scene-0103_035,132,16,8,0.5,4.3859,2.5169,16062,0.3461,7,7,0,7,893,829,0,0,0,0,0,0,0,0,0,0,0,0,7,7,0,7,893,829,106.7795
eps,0.1,0.15,0.8,5,200,2.0,40.0,0,scene-0103_036,122,16,9,0.5625,4.2829,3.1132,16148,0.3417,6,6,0,6,861,809,0,0,0,0,0,0,0,0,0,0,0,0,6,6,0,6,861,809,125.8172
eps,0.1,0.15,0.8,5,200,2.0,40.0,0,scene-0103_037,115,18,8,0.4444,3.1641,2.1826,15946,0.3312,6,5,1,6,798,742,0,0,0,0,0,0,0,0,0,0,0,0,6,5,1,6,798,742,112.4806
eps,0.1,0.15,0.8,5,200,2.0,40.0,0,scene-0103_038,97,20,5,0.25,3.763,3.4797,15621,0.3197,6,5,1,6,798,734,0,0,0,0,0,0,1,0,1,0,11,6,7,5,2,6,809,740,113.5148
eps,0.1,0.15,0.8,5,200,2.0,40.0,0,scene-0103_039,96,19,6,0.3158,2.7961,2.5064,15467,0.3068,4,4,0,3,225,192,0,0,0,0,0,0,0,0,0,0,0,0,4,4,0,3,225,192,115.4712
eps,0.1,0.15,0.8,5,200,2.0,40.0,0,scene-1094_000,194,46,8,0.1739,2.0032,2.8882,14470,0.2446,3,3,0,3,334,265,1,0,1,1,11,9,0,0,0,0,0,0,4,3,1,4,345,274,112.2088
eps,0.1,0.15,0.8,5,200,2.0,40.0,0,scene-1094_001,188,49,7,0.1429,2.0359,2.2222,15030,0.2758,4,4,0,3,322,260,1,0,1,1,15,11,0,0,0,0,0,0,5,4,1,4,337,271,113.377
eps,0.1,0.15,0.8,5,200,2.0,40.0,0,scene-1094_002,181,40,11,0.275,2.033,2.0522,15546,0.2895,4,4,0,3,337,323,2,2,0,2,26,22,0,0,0,0,0,0,6,6,0,5,363,345,117.0074
eps,0.1,0.15,0.8,5,200,2.0,40.0,0,scene-1094_003,195,42,9,0.2143,2.0055,1.8433,15847,0.2965,5,3,2,5,595,506,2,2,0,2,21,18,0,0,0,0,0,0,7,5,2,7,616,524,114.0183
eps,0.1,0.15,0.8,5,200,2.0,40.0,0,scene-1094_004,194,43,7,0.1628,2.0082,1.9401,16028,0.2819,5,3,2,5,527,449,0,0,0,0,0,0,0,0,0,0,0,0,5,3,2,5,527,449,117.9801
eps,0.1,0.15,0.8,5,200,2.0,40.0,0,scene-1094_005,207,38,6,0.1579,2.0003,1.6252,16227,0.28,5,4,0,4,484,401,0,0,0,0,0,0,0,0,0,0,0,0,5,4,0,4,484,401,117.9429
eps,0.1,0.15,0.8,5,200,2.0,40.0,0,scene-1094_006,219,38,8,0.2105,2.0134,2.2498,16400,0.2869,4,4,0,4,404,370,0,0,0,0,0,0,0,0,0,0,0,0,4,4,0,4,404,370,113.1034
eps,0.1,0.15,0.8,5,200,2.0,40.0,0,scene-1094_007,210,31,8,0.2581,2.0015,1.8272,16642,0.2902,3,3,0,3,411,374,0,0,0,0,0,0,0,0,0,0,0,0,3,3,0,3,411,374,115.2401
eps,0.1,0.15,0.8,5,200,2.0,40.0,0,scene-1094_008,208,23,5,0.2174,2.0088,0.8229,16649,0.3108,4,4,0,4,448,427,1,1,0,1,18,18,0,0,0,0,0,0,5,5,0,5,466,445,120.1905
eps,0.1,0.15,0.8,5,200,2.0,40.0,0,scene-1094_009,214,38,9,0.2368,2.006,0.4796,16547,0.3282,4,4,0,4,396,392,1,1,0,1,20,20,0,0,0,0,0,0,5,5,0,5,416,412,117.4952
eps,0.1,0.15,0.8,5,200,2.0,40.0,0,scene-1094_010,220,33,9,0.2727,2.0007,0.9636,16400,0.3744,5,5,0,5,450,448,2,2,0,2,41,39,0,0,0,0,0,0,7,7,0,7,491,487,134.1918
eps,0.1,0.15,0.8,5,200,2.0,40.0,0,scene-1094_011,210,27,7,0.2593,2.0028,0.973,16548,0.3936,5,5,0,5,481,478,1,1,0,1,34,34,0,0,0,0,0,0,6,6,0,6,515,512,128.0817
eps,0.1,0.15,0.8,5,200,2.0,40.0,0,scene-1094_012,213,25,8,0.32,2.0083,1.3914,16434,0.4164,6,6,0,6,477,473,1,1,0,1,37,37,0,0,0,0,0,0,7,7,0,7,514,510,152.571
eps,0.1,0.15,0.8,5,200,2.0,40.0,0,scene-1094_013,195,18,8,0.4444,2.0025,1.7628,16344,0.4241,7,6,1,7,479,477,0,0,0,0,0,0,0,0,0,0,0,0,7,6,1,7,479,477,126.8656
eps,0.1,0.15,0.8,5,200,2.0,40.0,0,scene-1094_014,204,13,9,0.6923,2.0045,1.5501,16415,0.425,8,8,0,8,512,512,0,0,0,0,0,0,0,0,0,0,0,0,8,8,0,8,512,512,114.0964
eps,0.1,0.15,0.8,5,200,2.0,40.0,0,scene-1094_015,205,20,7,0.35,4.0318,1.2376,16408,0.418,8,8,0,8,644,635,0,0,0,0,0,0,0,0,0,0,0,0,8,8,0,8,644,635,119.3718
eps,0.1,0.15,0.8,5,200,2.0,40.0,0,scene-1094_016,180,29,8,0.2759,2.9866,1.3171,16406,0.3918,6,6,0,6,533,471,0,0,0,0,0,0,0,0,0,0,0,0,6,6,0,6,533,471,151.005
eps,0.1,0.15,0.8,5,200,2.0,40.0,0,scene-1094_017,186,26,6,0.2308,2.526,2.2427,16142,0.3538,5,5,0,5,177,176,0,0,0,0,0,0,0,0,0,0,0,0,5,5,0,5,177,176,163.0559
eps,0.1,0.15,0.8,5,200,2.0,40.0,0,scene-1094_018,180,13,3,0.2308,2.7948,2.0297,16385,0.3166,4,4,0,4,125,125,0,0,0,0,0,0,0,0,0,0,0,0,4,4,0,4,125,125,136.6119
eps,0.1,0.15,0.8,5,200,2.0,40.0,0,scene-1094_019,179,19,3,0.1579,2.9738,2.6123,16395,0.2796,4,4,0,4,166,166,0,0,0,0,0,0,0,0,0,0,0,0,4,4,0,4,166,166,151.8026
eps,0.1,0.15,0.8,5,200,2.0,40.0,0,scene-1094_020,160,24,4,0.1667,3.0179,1.8746,16618,0.2785,3,3,0,3,98,98,0,0,0,0,0,0,0,0,0,0,0,0,3,3,0,3,98,98,163.9985
eps,0.1,0.15,0.8,5,200,2.0,40.0,0,scene-1094_021,158,27,3,0.1111,2.9131,2.612,16710,0.2852,3,3,0,3,140,140,0,0,0,0,0,0,1,1,0,1,16,16,4,4,0,4,156,156,134.7208
eps,0.1,0.15,0.8,5,200,2.0,40.0,0,scene-1094_022,124,24,2,0.0833,2.3568,1.1517,16799,0.2728,2,2,0,2,51,51,0,0,0,0,0,0,0,0,0,0,0,0,2,2,0,2,51,51,141.9877
eps,0.1,0.15,0.8,5,200,2.0,40.0,0,scene-1094_023,134,27,1,0.037,2.0036,1.147,16667,0.2483,2,2,0,2,79,79,0,0,0,0,0,0,0,0,0,0,0,0,2,2,0,2,79,79,146.7918
eps,0.1,0.15,0.8,5,200,2.0,40.0,0,scene-1094_024,144,29,1,0.0345,2.3064,1.441,16848,0.2802,1,1,0,1,22,22,1,0,1,1,11,11,0,0,0,0,0,0,2,1,1,2,33,33,131.8795
eps,0.1,0.15,0.8,5,200,2.0,40.0,0,scene-1094_025,177,33,3,0.0909,4.352,1.7087,16249,0.3331,1,1,0,1,28,28,1,1,0,1,16,16,0,0,0,0,0,0,2,2,0,2,44,44,121.5204
eps,0.1,0.15,0.8,5,200,2.0,40.0,0,scene-1094_026,184,30,4,0.1333,2.6664,1.9849,15982,0.3476,1,1,0,1,30,30,0,0,0,0,0,0,0,0,0,0,0,0,1,1,0,1,30,30,109.9991
eps,0.1,0.15,0.8,5,200,2.0,40.0,0,scene-1094_027,175,36,4,0.1111,2.6616,3.186,15542,0.3441,1,1,0,1,29,28,2,2,0,2,32,30,0,0,0,0,0,0,3,3,0,3,61,58,110.7866
eps,0.1,0.15,0.8,5,200,2.0,40.0,0,scene-1094_028,182,44,5,0.1136,2.3364,2.1652,15809,0.3497,0,0,0,0,0,0,1,1,0,1,33,33,0,0,0,0,0,0,1,1,0,1,33,33,114.872
eps,0.1,0.15,0.8,5,200,2.0,40.0,0,scene-1094_029,186,43,2,0.0465,2.5239,1.7315,15667,0.3615,3,3,0,3,68,68,1,1,0,1,19,16,0,0,0,0,0,0,4,4,0,4,87,84,125.2332
eps,0.1,0.15,0.8,5,200,2.0,40.0,0,scene-1094_030,218,39,3,0.0769,3.031,1.0649,15055,0.4207,0,0,0,0,0,0,1,1,0,1,33,31,0,0,0,0,0,0,1,1,0,1,33,31,104.1573
eps,0.1,0.15,0.8,5,200,2.0,40.0,0,scene-1094_031,194,30,2,0.0667,3.8783,1.0691,14945,0.4183,1,1,0,0,44,43,0,0,0,0,0,0,0,0,0,0,0,0,1,1,0,0,44,43,102.8849
eps,0.1,0.15,0.8,5,200,2.0,40.0,0,scene-1094_032,215,33,5,0.1515,2.7334,1.2354,14615,0.4636,1,1,0,1,117,117,0,0,0,0,0,0,0,0,0,0,0,0,1,1,0,1,117,117,100.0757
eps,0.1,0.15,0.8,5,200,2.0,40.0,0,scene-1094_033,216,33,2,0.0606,4.1044,1.3151,14421,0.5046,2,2,0,2,352,340,0,0,0,0,0,0,0,0,0,0,0,0,2,2,0,2,352,340,97.2191
eps,0.1,0.15,0.8,5,200,2.0,40.0,0,scene-1094_034,187,29,2,0.069,3.1425,1.2346,14617,0.4654,0,0,0,0,0,0,1,1,0,1,11,11,0,0,0,0,0,0,1,1,0,1,11,11,104.3956
eps,0.1,0.15,0.8,5,200,2.0,40.0,0,scene-1094_035,175,38,1,0.0263,2.7863,0.9134,15014,0.4088,0,0,0,0,0,0,0,0,0,0,0,0,0,0,0,0,0,0,0,0,0,0,0,0,100.107
eps,0.1,0.15,0.8,5,200,2.0,40.0,0,scene-1094_036,200,33,1,0.0303,2.4763,1.7668,15610,0.3414,1,1,0,1,17,17,0,0,0,0,0,0,0,0,0,0,0,0,1,1,0,1,17,17,111.0288
eps,0.1,0.15,0.8,5,200,2.0,40.0,0,scene-1094_037,226,35,1,0.0286,2.1588,1.4537,16210,0.3522,0,0,0,0,0,0,0,0,0,0,0,0,1,1,0,1,21,21,1,1,0,1,21,21,116.3577
eps,0.1,0.15,0.8,5,200,2.0,40.0,0,scene-1094_038,216,35,4,0.1143,2.6532,1.7938,16449,0.4025,2,2,0,2,61,56,0,0,0,0,0,0,0,0,0,0,0,0,2,2,0,2,61,56,111.1319
eps,0.1,0.15,0.8,5,200,2.0,40.0,0,scene-1094_039,224,18,3,0.1667,2.6562,1.482,16473,0.3484,1,1,0,1,10,10,1,1,0,1,11,11,0,0,0,0,0,0,2,2,0,2,21,21,111.1379
eps,0.1,0.15,1.2,5,200,2.0,40.0,0,scene-0103_000,50,17,1,0.0588,4.1917,2.0528,10839,0.5055,0,0,0,0,0,0,0,0,0,0,0,0,0,0,0,0,0,0,0,0,0,0,0,0,85.1667
eps,0.1,0.15,1.2,5,200,2.0,40.0,0,scene-0103_001,58,21,4,0.1905,4.1317,2.0054,11299,0.4979,0,0,0,0,0,0,1,1,0,1,15,15,0,0,0,0,0,0,1,1,0,1,15,15,101.0531
eps,0.1,0.15,1.2,5,200,2.0,40.0,0,scene-0103_002,50,15,1,0.0667,3.9517,2.2435,11919,0.4671,0,0,0,0,0,0,1,1,0,1,11,9,0,0,0,0,0,0,1,1,0,1,11,9,102.3286
eps,0.1,0.15,1.2,5,200,2.0,40.0,0,scene-0103_003,69,24,7,0.2917,4.4658,2.2901,12741,0.4833,1,1,0,1,14,14,1,1,0,1,13,13,0,0,0,0,0,0,2,2,0,2,27,27,98.0491
eps,0.1,0.15,1.2,5,200,2.0,40.0,0,scene-0103_004,72,22,5,0.2273,4.9883,3.029,13054,0.488,1,1,0,1,49,49,2,2,0,2,25,25,0,0,0,0,0,0,3,3,0,3,74,74,91.5389
eps,0.1,0.15,1.2,5,200,2.0,40.0,0,scene-0103_005,64,9,3,0.3333,4.7839,3.2799,13310,0.4927,1,1,0,1,329,327,1,1,0,1,13,13,0,0,0,0,0,0,2,2,0,2,342,340,90.9433
eps,0.1,0.15,1.2,5,200,2.0,40.0,0,scene-0103_006,69,8,3,0.375,3.9712,2.9897,14276,0.4735,2,1,1,2,32,32,1,1,0,1,10,10,0,0,0,0,0,0,3,2,1,3,42,42,105.6619
eps,0.1,0.15,1.2,5,200,2.0,40.0,0,scene-0103_007,75,10,6,0.6,4.9381,2.1093,15107,0.4888,2,1,1,2,92,92,0,0,0,0,0,0,0,0,0,0,0,0,2,1,1,2,92,92,109.9074
eps,0.1,0.15,1.2,5,200,2.0,40.0,0,scene-0103_008,64,5,3,0.6,3.288,1.41,15526,0.4463,2,2,0,2,583,557,0,0,0,0,0,0,0,0,0,0,0,0,2,2,0,2,583,557,115.0839
eps,0.1,0.15,1.2,5,200,2.0,40.0,0,scene-0103_009,63,8,3,0.375,5.2695,1.5766,16190,0.4368,3,3,0,3,124,124,1,0,1,1,10,10,0,0,0,0,0,0,4,3,1,4,134,134,119.1007
eps,0.1,0.15,1.2,5,200,2.0,40.0,0,scene-0103_010,79,13,5,0.3846,5.5688,2.1805,16539,0.4636,4,4,0,4,280,278,1,0,1,1,17,17,0,0,0,0,0,0,5,4,1,5,297,295,134.4087
eps,0.1,0.15,1.2,5,200,2.0,40.0,0,scene-0103_011,72,13,3,0.2308,5.6801,3.572,16733,0.4344,3,3,0,3,109,106,1,0,1,1,36,36,0,0,0,0,0,0,4,3,1,4,145,142,182.4978
eps,0.1,0.15,1.2,5,200,2.0,40.0,0,scene-0103_012,63,11,2,0.1818,6.6571,2.8656,16950,0.4352,3,2,1,3,109,109,0,0,0,0,0,0,0,0,0,0,0,0,3,2,1,3,109,109,133.0466
eps,0.1,0.15,1.2,5,200,2.0,40.0,0,scene-0103_013,71,12,3,0.25,4.8917,3.3157,17141,0.4195,3,3,0,3,168,162,0,0,0,0,0,0,0,0,0,0,0,0,3,3,0,3,168,162,124.4134
eps,0.1,0.15,1.2,5,200,2.0,40.0,0,scene-0103_014,68,13,2,0.1538,3.7936,3.3019,17323,0.4003,3,2,1,3,225,216,0,0,0,0,0,0,0,0,0,0,0,0,3,2,1,3,225,216,126.2586
eps,0.1,0.15,1.2,5,200,2.0,40.0,0,scene-0103_015,68,14,2,0.1429,5.1026,2.9358,17427,0.4338,3,2,1,3,321,317,0,0,0,0,0,0,0,0,0,0,0,0,3,2,1,3,321,317,124.1137
eps,0.1,0.15,1.2,5,200,2.0,40.0,0,scene-0103_016,65,12,2,0.1667,4.0962,2.7937,17596,0.4114,2,1,1,2,326,312,0,0,0,0,0,0,0,0,0,0,0,0,2,1,1,2,326,312,118.7251
eps,0.1,0.15,1.2,5,200,2.0,40.0,0,scene-0103_017,65,19,3,0.1579,7.6537,2.3048,17591,0.4062,3,3,0,3,351,351,0,0,0,0,0,0,0,0,0,0,0,0,3,3,0,3,351,351,123.1917
eps,0.1,0.15,1.2,5,200,2.0,40.0,0,scene-0103_018,76,17,4,0.2353,5.3557,2.3955,17575,0.4255,4,4,0,4,413,396,0,0,0,0,0,0,0,0,0,0,0,0,4,4,0,4,413,396,123.317
eps,0.1,0.15,1.2,5,200,2.0,40.0,0,scene-0103_019,72,20,4,0.2,6.0283,2.3019,17620,0.4216,4,4,0,4,466,452,0,0,0,0,0,0,0,0,0,0,0,0,4,4,0,4,466,452,129.5208
eps,0.1,0.15,1.2,5,200,2.0,40.0,0,scene-0103_020,66,15,2,0.1333,4.8635,2.4643,17569,0.4075,5,3,2,5,542,523,0,0,0,0,0,0,0,0,0,0,0,0,5,3,2,5,542,523,167.7631
eps,0.1,0.15,1.2,5,200,2.0,40.0,0,scene-0103_021,74,25,6,0.24,4.3685,2.2616,17517,0.4021,5,4,1,5,667,659,0,0,0,0,0,0,0,0,0,0,0,0,5,4,1,5,667,659,125.0841
eps,0.1,0.15,1.2,5,200,2.0,40.0,0,scene-0103_022,77,22,3,0.1364,3.7341,2.8876,17235,0.4089,2,2,0,2,163,163,0,0,0,0,0,0,0,0,0,0,0,0,2,2,0,2,163,163,146.0463
eps,0.1,0.15,1.2,5,200,2.0,40.0,0,scene-0103_023,78,21,4,0.1905,3.4517,3.0247,16903,0.3956,3,3,0,3,234,234,0,0,0,0,0,0,0,0,0,0,0,0,3,3,0,3,234,234,116.5117
eps,0.1,0.15,1.2,5,200,2.0,40.0,0,scene-0103_024,78,22,7,0.3182,3.1047,2.6259,16530,0.388,4,4,0,4,311,306,0,0,0,0,0,0,0,0,0,0,0,0,4,4,0,4,311,306,121.0817
eps,0.1,0.15,1.2,5,200,2.0,40.0,0,scene-0103_025,68,19,2,0.1053,3.4141,2.8356,16278,0.4047,4,3,1,4,425,410,0,0,0,0,0,0,0,0,0,0,0,0,4,3,1,4,425,410,119.8627
eps,0.1,0.15,1.2,5,200,2.0,40.0,0,scene-0103_026,74,23,7,0.3043,4.3301,2.8325,16152,0.4357,2,2,0,2,45,42,0,0,0,0,0,0,0,0,0,0,0,0,2,2,0,2,45,42,111.6105
eps,0.1,0.15,1.2,5,200,2.0,40.0,0,scene-0103_027,78,21,8,0.381,4.6196,2.5987,16074,0.424,2,1,1,2,85,74,0,0,0,0,0,0,0,0,0,0,0,0,2,1,1,2,85,74,109.0377
eps,0.1,0.15,1.2,5,200,2.0,40.0,0,scene-0103_028,81,28,6,0.2143,4.115,2.6447,16187,0.4448,4,3,1,4,195,189,0,0,0,0,0,0,0,0,0,0,0,0,4,3,1,4,195,189,105.787
eps,0.1,0.15,1.2,5,200,2.0,40.0,0,scene-0103_029,67,22,7,0.3182,5.4422,2.094,16457,0.4414,3,3,0,2,79,70,0,0,0,0,0,0,0,0,0,0,0,0,3,3,0,2,79,70,106.4615
eps,0.1,0.15,1.2,5,200,2.0,40.0,0,scene-0103_030,73,24,5,0.2083,5.4312,2.5148,16542,0.4628,4,4,0,4,152,151,0,0,0,0,0,0,0,0,0,0,0,0,4,4,0,4,152,151,99.213
eps,0.1,0.15,1.2,5,200,2.0,40.0,0,scene-0103_031,72,23,9,0.3913,5.1442,2.3995,16558,0.4255,6,6,0,6,254,226,0,0,0,0,0,0,0,0,0,0,0,0,6,6,0,6,254,226,107.3194
eps,0.1,0.15,1.2,5,200,2.0,40.0,0,scene-0103_032,63,13,6,0.4615,7.1705,2.0951,16614,0.4028,7,6,1,7,420,406,0,0,0,0,0,0,1,0,1,1,16,14,8,6,2,8,436,420,106.9933
eps,0.1,0.15,1.2,5,200,2.0,40.0,0,scene-0103_033,56,8,1,0.125,5.2308,3.0189,16612,0.3752,5,1,4,5,452,391,0,0,0,0,0,0,1,0,1,1,38,33,6,1,5,6,490,424,103.2916
eps,0.1,0.15,1.2,5,200,2.0,40.0,0,scene-0103_034,61,14,7,0.5,4.4157,2.115,16532,0.3719,6,5,1,6,868,830,0,0,0,0,0,0,0,0,0,0,0,0,6,5,1,6,868,830,117.9853
eps,0.1,0.15,1.2,5,200,2.0,40.0,0,scene-0103_035,63,15,8,0.5333,4.3859,2.5169,16062,0.3461,7,6,1,7,893,829,0,0,0,0,0,0,0,0,0,0,0,0,7,6,1,7,893,829,106.0924
eps,0.1,0.15,1.2,5,200,2.0,40.0,0,scene-0103_036,67,14,7,0.5,4.2829,3.1132,16148,0.3417,6,4,2,6,861,809,0,0,0,0,0,0,0,0,0,0,0,0,6,4,2,6,861,809,110.1681
eps,0.1,0.15,1.2,5,200,2.0,40.0,0,scene-0103_037,65,15,5,0.3333,3.1641,2.1826,15946,0.3312,6,4,2,6,798,742,0,0,0,0,0,0,0,0,0,0,0,0,6,4,2,6,798,742,112.1426
eps,0.1,0.15,1.2,5,200,2.0,40.0,0,scene-0103_038,58,14,3,0.2143,3.763,3.4797,15621,0.3197,6,4,2,6,798,734,0,0,0,0,0,0,1,0,1,1,11,6,7,4,3,7,809,740,122.3435
eps,0.1,0.15,1.2,5,200,2.0,40.0,0,scene-0103_039,72,10,5,0.5,2.7961,2.5064,15467,0.3068,4,2,2,3,225,192,0,0,0,0,0,0,0,0,0,0,0,0,4,2,2,3,225,192,125.1868
eps,0.1,0.15,1.2,5,200,2.0,40.0,0,scene-1094_000,113,24,5,0.2083,2.0032,2.8882,14470,0.2446,3,3,0,3,334,265,1,0,1,1,11,9,0,0,0,0,0,0,4,3,1,4,345,274,119.1054
eps,0.1,0.15,1.2,5,200,2.0,40.0,0,scene-1094_001,107,24,6,0.25,2.0359,2.2222,15030,0.2758,4,4,0,3,322,260,1,0,1,1,15,11,0,0,0,0,0,0,5,4,1,4,337,271,119.3995
eps,0.1,0.15,1.2,5,200,2.0,40.0,0,scene-1094_002,108,19,4,0.2105,2.033,2.0522,15546,0.2895,4,3,1,3,337,323,2,0,2,2,26,22,0,0,0,0,0,0,6,3,3,5,363,345,120.879
eps,0.1,0.15,1.2,5,200,2.0,40.0,0,scene-1094_003,116,25,6,0.24,2.0055,1.8433,15847,0.2965,5,3,2,5,595,506,2,0,2,2,21,18,0,0,0,0,0,0,7,3,4,7,616,524,145.477
eps,0.1,0.15,1.2,5,200,2.0,40.0,0,scene-1094_004,111,21,6,0.2857,2.0082,1.9401,16028,0.2819,5,3,2,5,527,449,0,0,0,0,0,0,0,0,0,0,0,0,5,3,2,5,527,449,155.8335
eps,0.1,0.15,1.2,5,200,2.0,40.0,0,scene-1094_005,118,21,5,0.2381,2.0003,1.6252,16227,0.28,5,4,0,4,484,401,0,0,0,0,0,0,0,0,0,0,0,0,5,4,0,4,484,401,149.7443
eps,0.1,0.15,1.2,5,200,2.0,40.0,0,scene-1094_006,126,22,5,0.2273,2.0134,2.2498,16400,0.2869,4,3,1,4,404,370,0,0,0,0,0,0,0,0,0,0,0,0,4,3,1,4,404,370,136.1629
eps,0.1,0.15,1.2,5,200,2.0,40.0,0,scene-1094_007,108,13,6,0.4615,2.0015,1.8272,16642,0.2902,3,3,0,3,411,374,0,0,0,0,0,0,0,0,0,0,0,0,3,3,0,3,411,374,128.3295
eps,0.1,0.15,1.2,5,200,2.0,40.0,0,scene-1094_008,115,17,5,0.2941,2.0088,0.8229,16649,0.3108,4,4,0,4,448,427,1,1,0,1,18,18,0,0,0,0,0,0,5,5,0,5,466,445,128.9026
eps,0.1,0.15,1.2,5,200,2.0,40.0,0,scene-1094_009,118,19,6,0.3158,2.006,0.4796,16547,0.3282,4,2,2,4,396,392,1,1,0,1,20,20,0,0,0,0,0,0,5,3,2,5,416,412,121.2438
eps,0.1,0.15,1.2,5,200,2.0,40.0,0,scene-1094_010,131,18,5,0.2778,2.0007,0.9636,16400,0.3744,5,4,1,5,450,448,2,2,0,2,41,39,0,0,0,0,0,0,7,6,1,7,491,487,123.6917
eps,0.1,0.15,1.2,5,200,2.0,40.0,0,scene-1094_011,124,17,5,0.2941,2.0028,0.973,16548,0.3936,5,4,1,5,481,478,1,1,0,1,34,34,0,0,0,0,0,0,6,5,1,6,515,512,113.8498
eps,0.1,0.15,1.2,5,200,2.0,40.0,0,scene-1094_012,119,15,6,0.4,2.0083,1.3914,16434,0.4164,6,5,1,6,477,473,1,1,0,1,37,37,0,0,0,0,0,0,7,6,1,7,514,510,121.9414
eps,0.1,0.15,1.2,5,200,2.0,40.0,0,scene-1094_013,122,11,7,0.6364,2.0025,1.7628,16344,0.4241,7,5,2,7,479,477,0,0,0,0,0,0,0,0,0,0,0,0,7,5,2,7,479,477,123.0537
eps,0.1,0.15,1.2,5,200,2.0,40.0,0,scene-1094_014,116,8,7,0.875,2.0045,1.5501,16415,0.425,8,7,1,8,512,512,0,0,0,0,0,0,0,0,0,0,0,0,8,7,1,8,512,512,112.057
eps,0.1,0.15,1.2,5,200,2.0,40.0,0,scene-1094_015,123,13,7,0.5385,3.4463,1.2376,16408,0.418,8,7,1,8,644,635,0,0,0,0,0,0,0,0,0,0,0,0,8,7,1,8,644,635,117.9024
eps,0.1,0.15,1.2,5,200,2.0,40.0,0,scene-1094_016,107,16,7,0.4375,2.9866,1.3171,16406,0.3918,6,6,0,6,533,471,0,0,0,0,0,0,0,0,0,0,0,0,6,6,0,6,533,471,109.8171
eps,0.1,0.15,1.2,5,200,2.0,40.0,0,scene-1094_017,99,16,6,0.375,2.526,2.2427,16142,0.3538,5,5,0,5,177,176,0,0,0,0,0,0,0,0,0,0,0,0,5,5,0,5,177,176,118.2659
eps,0.1,0.15,1.2,5,200,2.0,40.0,0,scene-1094_018,94,10,3,0.3,2.7948,2.0297,16385,0.3166,4,4,0,4,125,125,0,0,0,0,0,0,0,0,0,0,0,0,4,4,0,4,125,125,133.4024
eps,0.1,0.15,1.2,5,200,2.0,40.0,0,scene-1094_019,103,14,3,0.2143,2.9738,2.6123,16395,0.2796,4,4,0,4,166,166,0,0,0,0,0,0,0,0,0,0,0,0,4,4,0,4,166,166,130.18
eps,0.1,0.15,1.2,5,200,2.0,40.0,0,scene-1094_020,92,20,5,0.25,3.0179,1.8746,16618,0.2785,3,3,0,3,98,98,0,0,0,0,0,0,0,0,0,0,0,0,3,3,0,3,98,98,132.8161
eps,0.1,0.15,1.2,5,200,2.0,40.0,0,scene-1094_021,86,17,2,0.1176,2.9131,2.612,16710,0.2852,3,3,0,3,140,140,0,0,0,0,0,0,1,0,1,1,16,16,4,3,1,4,156,156,129.5299
eps,0.1,0.15,1.2,5,200,2.0,40.0,0,scene-1094_022,88,22,2,0.0909,2.3568,1.1517,16799,0.2728,2,2,0,2,51,51,0,0,0,0,0,0,0,0,0,0,0,0,2,2,0,2,51,51,152.9145
eps,0.1,0.15,1.2,5,200,2.0,40.0,0,scene-1094_023,87,22,1,0.0455,2.0036,1.147,16667,0.2483,2,2,0,2,79,79,0,0,0,0,0,0,0,0,0,0,0,0,2,2,0,2,79,79,163.8041
eps,0.1,0.15,1.2,5,200,2.0,40.0,0,scene-1094_024,98,22,2,0.0909,2.3064,1.441,16848,0.2802,1,1,0,1,22,22,1,0,1,1,11,11,0,0,0,0,0,0,2,1,1,2,33,33,182.4036
eps,0.1,0.15,1.2,5,200,2.0,40.0,0,scene-1094_025,100,21,2,0.0952,4.352,1.7087,16249,0.3331,1,1,0,1,28,28,1,0,1,1,16,16,0,0,0,0,0,0,2,1,1,2,44,44,129.2759
eps,0.1,0.15,1.2,5,200,2.0,40.0,0,scene-1094_026,109,26,4,0.1538,2.6664,1.9849,15982,0.3476,1,1,0,1,30,30,0,0,0,0,0,0,0,0,0,0,0,0,1,1,0,1,30,30,114.0343
eps,0.1,0.15,1.2,5,200,2.0,40.0,0,scene-1094_027,96,19,1,0.0526,2.6616,3.186,15542,0.3441,1,0,1,1,29,28,2,1,1,2,32,30,0,0,0,0,0,0,3,1,2,3,61,58,111.5248
eps,0.1,0.15,1.2,5,200,2.0,40.0,0,scene-1094_028,115,33,4,0.1212,2.3364,2.1652,15809,0.3497,0,0,0,0,0,0,1,0,1,1,33,33,0,0,0,0,0,0,1,0,1,1,33,33,124.173
eps,0.1,0.15,1.2,5,200,2.0,40.0,0,scene-1094_029,120,29,2,0.069,2.5239,1.7315,15667,0.3615,3,3,0,3,68,68,1,1,0,1,19,16,0,0,0,0,0,0,4,4,0,4,87,84,122.3409
eps,0.1,0.15,1.2,5,200,2.0,40.0,0,scene-1094_030,137,29,3,0.1034,3.031,1.0649,15055,0.4207,0,0,0,0,0,0,1,1,0,1,33,31,0,0,0,0,0,0,1,1,0,1,33,31,101.2256
eps,0.1,0.15,1.2,5,200,2.0,40.0,0,scene-1094_031,135,28,4,0.1429,3.2223,1.0691,14945,0.4183,1,1,0,1,44,43,0,0,0,0,0,0,0,0,0,0,0,0,1,1,0,1,44,43,100.0555
eps,0.1,0.15,1.2,5,200,2.0,40.0,0,scene-1094_032,132,29,2,0.069,2.7334,1.2354,14615,0.4636,1,1,0,1,117,117,0,0,0,0,0,0,0,0,0,0,0,0,1,1,0,1,117,117,96.4155
eps,0.1,0.15,1.2,5,200,2.0,40.0,0,scene-1094_033,144,23,1,0.0435,4.1044,1.3151,14421,0.5046,2,2,0,2,352,340,0,0,0,0,0,0,0,0,0,0,0,0,2,2,0,2,352,340,95.473
eps,0.1,0.15,1.2,5,200,2.0,40.0,0,scene-1094_034,123,29,2,0.069,3.1425,1.2346,14617,0.4654,0,0,0,0,0,0,1,1,0,1,11,11,0,0,0,0,0,0,1,1,0,1,11,11,99.1847
eps,0.1,0.15,1.2,5,200,2.0,40.0,0,scene-1094_035,121,26,1,0.0385,2.7863,0.9134,15014,0.4088,0,0,0,0,0,0,0,0,0,0,0,0,0,0,0,0,0,0,0,0,0,0,0,0,109.9713
eps,0.1,0.15,1.2,5,200,2.0,40.0,0,scene-1094_036,140,24,2,0.0833,2.4763,1.7668,15610,0.3414,1,1,0,1,17,17,0,0,0,0,0,0,0,0,0,0,0,0,1,1,0,1,17,17,122.461
eps,0.1,0.15,1.2,5,200,2.0,40.0,0,scene-1094_037,142,30,1,0.0333,2.1588,1.4537,16210,0.3522,0,0,0,0,0,0,0,0,0,0,0,0,1,1,0,1,21,21,1,1,0,1,21,21,128.3275
eps,0.1,0.15,1.2,5,200,2.0,40.0,0,scene-1094_038,138,28,3,0.1071,2.6532,1.7938,16449,0.4025,2,2,0,2,61,56,0,0,0,0,0,0,0,0,0,0,0,0,2,2,0,2,61,56,114.2032
eps,0.1,0.15,1.2,5,200,2.0,40.0,0,scene-1094_039,131,12,2,0.1667,2.6562,1.482,16473,0.3484,1,1,0,1,10,10,1,0,1,1,11,11,0,0,0,0,0,0,2,1,1,2,21,21,132.8019
