sweep,voxel_size,distance_threshold,eps,min_points,ransac_iters,min_range,max_range,seed,frame,type,group,range_m,n_body,n_body_kept,valid,detected,merged,covered
baseline,0.1,0.15,0.5,5,200,2.0,40.0,0,000001,Truck,Car,69.442,0,0,False,False,False,False
baseline,0.1,0.15,0.5,5,200,2.0,40.0,0,000001,Car,Car,60.781,0,0,False,False,False,False
baseline,0.1,0.15,0.5,5,200,2.0,40.0,0,000001,Cyclist,Cyclist,46.069,0,0,False,False,False,False
baseline,0.1,0.15,0.5,5,200,2.0,40.0,0,000004,Car,Car,41.36,17,10,False,True,False,True
baseline,0.1,0.15,0.5,5,200,2.0,40.0,0,000004,Car,Car,53.58,0,0,False,False,False,False
baseline,0.1,0.15,0.5,5,200,2.0,40.0,0,000007,Car,Car,25.02,140,140,True,True,False,True
baseline,0.1,0.15,0.5,5,200,2.0,40.0,0,000007,Car,Car,48.127,0,0,False,False,False,False
baseline,0.1,0.15,0.5,5,200,2.0,40.0,0,000007,Car,Car,60.703,0,0,False,False,False,False
baseline,0.1,0.15,0.5,5,200,2.0,40.0,0,000007,Cyclist,Cyclist,36.354,25,25,True,True,False,True
baseline,0.1,0.15,0.5,5,200,2.0,40.0,0,000008,Car,Car,4.564,948,948,True,False,True,True
baseline,0.1,0.15,0.5,5,200,2.0,40.0,0,000008,Car,Car,7.947,652,652,True,False,True,True
baseline,0.1,0.15,0.5,5,200,2.0,40.0,0,000008,Car,Car,7.235,304,304,True,True,False,True
baseline,0.1,0.15,0.5,5,200,2.0,40.0,0,000008,Car,Car,14.48,402,402,True,True,False,True
baseline,0.1,0.15,0.5,5,200,2.0,40.0,0,000008,Car,Car,33.98,42,42,True,False,True,True
baseline,0.1,0.15,0.5,5,200,2.0,40.0,0,000008,Car,Car,21.687,155,132,True,True,False,True
baseline,0.1,0.15,0.5,5,200,2.0,40.0,0,000009,Car,Car,23.89,148,134,True,True,False,True
baseline,0.1,0.15,0.5,5,200,2.0,40.0,0,000009,Car,Car,66.37,0,0,False,False,False,False
baseline,0.1,0.15,0.5,5,200,2.0,40.0,0,000009,Car,Car,68.285,0,0,False,False,False,False
baseline,0.1,0.15,0.5,5,200,2.0,40.0,0,000010,Car,Car,6.831,511,415,True,False,True,True
baseline,0.1,0.15,0.5,5,200,2.0,40.0,0,000010,Car,Car,12.04,560,560,True,False,True,True
baseline,0.1,0.15,0.5,5,200,2.0,40.0,0,000010,Pedestrian,Pedestrian,24.942,19,19,True,True,False,True
baseline,0.1,0.15,0.5,5,200,2.0,40.0,0,000010,Car,Car,17.506,228,198,True,True,False,True
baseline,0.1,0.15,0.5,5,200,2.0,40.0,0,000010,Car,Car,23.095,45,37,True,True,False,True
baseline,0.1,0.15,0.5,5,200,2.0,40.0,0,000010,Car,Car,23.643,176,173,True,True,False,True
baseline,0.1,0.15,0.5,5,200,2.0,40.0,0,000010,Car,Car,29.077,50,50,True,True,False,True
baseline,0.1,0.15,0.5,5,200,2.0,40.0,0,000010,Car,Car,29.598,21,15,True,True,False,True
baseline,0.1,0.15,0.5,5,200,2.0,40.0,0,000010,Car,Car,43.086,0,0,False,False,False,False
baseline,0.1,0.15,0.5,5,200,2.0,40.0,0,000011,Pedestrian,Pedestrian,13.411,96,94,True,True,False,True
baseline,0.1,0.15,0.5,5,200,2.0,40.0,0,000011,Pedestrian,Pedestrian,14.482,18,15,True,True,False,True
baseline,0.1,0.15,0.5,5,200,2.0,40.0,0,000011,Car,Car,27.096,162,151,True,True,False,True
baseline,0.1,0.15,0.5,5,200,2.0,40.0,0,000011,Pedestrian,Pedestrian,34.151,39,35,True,True,False,True
baseline,0.1,0.15,0.5,5,200,2.0,40.0,0,000011,Car,Car,6.578,797,783,True,True,False,True
baseline,0.1,0.15,0.5,5,200,2.0,40.0,0,000011,Pedestrian,Pedestrian,17.808,59,59,True,True,False,True
baseline,0.1,0.15,0.5,5,200,2.0,40.0,0,000012,Car,Car,59.083,0,0,False,False,False,False
baseline,0.1,0.15,0.5,5,200,2.0,40.0,0,000012,Van,Car,66.311,0,0,False,False,False,False
baseline,0.1,0.15,0.5,5,200,2.0,40.0,0,000015,Car,Car,4.937,1019,979,True,True,False,True
baseline,0.1,0.15,0.5,5,200,2.0,40.0,0,000015,Pedestrian,Pedestrian,8.954,133,132,True,True,False,True
baseline,0.1,0.15,0.5,5,200,2.0,40.0,0,000015,Pedestrian,Pedestrian,24.265,50,47,True,True,False,True
baseline,0.1,0.15,0.5,5,200,2.0,40.0,0,000015,Pedestrian,Pedestrian,24.444,62,59,True,True,False,True
baseline,0.1,0.15,0.5,5,200,2.0,40.0,0,000015,Pedestrian,Pedestrian,23.369,56,56,True,False,True,True
baseline,0.1,0.15,0.5,5,200,2.0,40.0,0,000016,Car,Car,44.607,0,0,False,False,False,False
baseline,0.1,0.15,0.5,5,200,2.0,40.0,0,000016,Truck,Car,28.06,1888,1819,True,True,False,True
baseline,0.1,0.15,0.5,5,200,2.0,40.0,0,000016,Car,Car,33.445,59,53,True,True,False,True
baseline,0.1,0.15,0.5,5,200,2.0,40.0,0,000016,Car,Car,7.076,562,531,True,True,False,True
baseline,0.1,0.15,0.5,5,200,2.0,40.0,0,000016,Car,Car,47.177,0,0,False,False,False,False
baseline,0.1,0.15,0.5,5,200,2.0,40.0,0,000016,Tram,Car,90.963,0,0,False,False,False,False
baseline,0.1,0.15,0.5,5,200,2.0,40.0,0,000019,Truck,Car,6.314,1921,1881,True,True,False,True
baseline,0.1,0.15,0.5,5,200,2.0,40.0,0,000019,Car,Car,10.126,457,427,True,True,False,True
baseline,0.1,0.15,0.5,5,200,2.0,40.0,0,000019,Van,Car,35.423,95,95,True,True,False,True
baseline,0.1,0.15,0.5,5,200,2.0,40.0,0,000019,Car,Car,59.714,0,0,False,False,False,False
baseline,0.1,0.15,0.5,5,200,2.0,40.0,0,000021,Cyclist,Cyclist,4.174,291,268,True,True,False,True
baseline,0.1,0.15,0.5,5,200,2.0,40.0,0,000021,Car,Car,13.641,491,473,True,True,False,True
baseline,0.1,0.15,0.5,5,200,2.0,40.0,0,000021,Car,Car,17.779,182,173,True,True,False,True
baseline,0.1,0.15,0.5,5,200,2.0,40.0,0,000021,Van,Car,23.927,761,761,True,True,False,True
baseline,0.1,0.15,0.5,5,200,2.0,40.0,0,000021,Car,Car,26.482,133,132,True,True,False,True
baseline,0.1,0.15,0.5,5,200,2.0,40.0,0,000021,Car,Car,26.879,94,92,True,True,False,True
baseline,0.1,0.15,0.5,5,200,2.0,40.0,0,000021,Car,Car,32.609,44,44,True,True,False,True
baseline,0.1,0.15,0.5,5,200,2.0,40.0,0,000021,Car,Car,31.8,28,28,True,True,False,True
baseline,0.1,0.15,0.5,5,200,2.0,40.0,0,000023,Truck,Car,69.291,0,0,False,False,False,False
baseline,0.1,0.15,0.5,5,200,2.0,40.0,0,000023,Car,Car,57.518,0,0,False,False,False,False
baseline,0.1,0.15,0.5,5,200,2.0,40.0,0,000023,Cyclist,Cyclist,44.994,0,0,False,False,False,False
baseline,0.1,0.15,0.5,5,200,2.0,40.0,0,000025,Car,Car,3.97,326,324,True,True,False,True
baseline,0.1,0.15,0.5,5,200,2.0,40.0,0,000025,Car,Car,10.652,490,490,True,True,False,True
baseline,0.1,0.15,0.5,5,200,2.0,40.0,0,000025,Car,Car,30.19,55,55,True,False,True,True
baseline,0.1,0.15,0.5,5,200,2.0,40.0,0,000025,Car,Car,17.855,214,214,True,True,False,True
baseline,0.1,0.15,0.5,5,200,2.0,40.0,0,000025,Cyclist,Cyclist,44.716,0,0,False,False,False,False
baseline,0.1,0.15,0.5,5,200,2.0,40.0,0,000025,Car,Car,22.698,40,40,True,True,False,True
baseline,0.1,0.15,0.5,5,200,2.0,40.0,0,000031,Car,Car,12.608,544,528,True,True,False,True
baseline,0.1,0.15,0.5,5,200,2.0,40.0,0,000031,Car,Car,9.038,402,385,True,True,False,True
baseline,0.1,0.15,0.5,5,200,2.0,40.0,0,000031,Car,Car,13.456,328,315,True,True,False,True
baseline,0.1,0.15,0.5,5,200,2.0,40.0,0,000031,Truck,Car,22.54,306,306,True,True,False,True
baseline,0.1,0.15,0.5,5,200,2.0,40.0,0,000031,Car,Car,26.549,125,119,True,True,False,True
baseline,0.1,0.15,0.5,5,200,2.0,40.0,0,000031,Van,Car,51.929,0,0,False,False,False,False
baseline,0.1,0.15,0.5,5,200,2.0,40.0,0,000032,Car,Car,9.653,630,628,True,True,False,True
baseline,0.1,0.15,0.5,5,200,2.0,40.0,0,000032,Car,Car,9.138,520,499,True,True,False,True
baseline,0.1,0.15,0.5,5,200,2.0,40.0,0,000032,Van,Car,14.807,569,565,True,True,False,True
baseline,0.1,0.15,0.5,5,200,2.0,40.0,0,000032,Car,Car,13.809,259,249,True,True,False,True
baseline,0.1,0.15,0.5,5,200,2.0,40.0,0,000032,Car,Car,20.174,56,53,True,True,False,True
baseline,0.1,0.15,0.5,5,200,2.0,40.0,0,000032,Van,Car,25.411,530,530,True,True,False,True
baseline,0.1,0.15,0.5,5,200,2.0,40.0,0,000032,Car,Car,25.844,67,67,True,True,False,True
baseline,0.1,0.15,0.5,5,200,2.0,40.0,0,000032,Van,Car,44.722,0,0,False,False,False,False
baseline,0.1,0.15,0.5,5,200,2.0,40.0,0,000032,Van,Car,41.091,60,60,False,True,False,True
baseline,0.1,0.15,0.5,5,200,2.0,40.0,0,000032,Car,Car,45.146,0,0,False,False,False,False
baseline,0.1,0.15,0.5,5,200,2.0,40.0,0,000043,Pedestrian,Pedestrian,12.751,102,97,True,True,False,True
baseline,0.1,0.15,0.5,5,200,2.0,40.0,0,000043,Pedestrian,Pedestrian,12.632,100,96,True,True,False,True
baseline,0.1,0.15,0.5,5,200,2.0,40.0,0,000043,Pedestrian,Pedestrian,20.65,70,63,True,False,True,True
baseline,0.1,0.15,0.5,5,200,2.0,40.0,0,000043,Pedestrian,Pedestrian,20.57,76,68,True,False,True,True
baseline,0.1,0.15,0.5,5,200,2.0,40.0,0,000048,Pedestrian,Pedestrian,16.89,94,93,True,True,False,True
baseline,0.1,0.15,0.5,5,200,2.0,40.0,0,000048,Pedestrian,Pedestrian,17.165,101,98,True,True,False,True
baseline,0.1,0.15,0.5,5,200,2.0,40.0,0,000048,Pedestrian,Pedestrian,16.576,81,81,True,True,False,True
baseline,0.1,0.15,0.5,5,200,2.0,40.0,0,000048,Cyclist,Cyclist,30.423,39,39,True,True,False,True
baseline,0.1,0.15,0.5,5,200,2.0,40.0,0,000049,Car,Car,21.555,161,161,True,True,False,True
baseline,0.1,0.15,0.5,5,200,2.0,40.0,0,000049,Car,Car,14.348,581,574,True,True,False,True
baseline,0.1,0.15,0.5,5,200,2.0,40.0,0,000049,Car,Car,22.289,109,108,True,True,False,True
baseline,0.1,0.15,0.5,5,200,2.0,40.0,0,000049,Car,Car,25.201,66,66,True,True,False,True
baseline,0.1,0.15,0.5,5,200,2.0,40.0,0,000049,Car,Car,32.781,19,19,True,True,False,True
baseline,0.1,0.15,0.5,5,200,2.0,40.0,0,000049,Van,Car,45.861,0,0,False,False,False,False
baseline,0.1,0.15,0.5,5,200,2.0,40.0,0,000049,Pedestrian,Pedestrian,5.464,236,236,True,False,True,True
baseline,0.1,0.15,0.5,5,200,2.0,40.0,0,000049,Car,Car,10.398,310,309,True,True,False,True
baseline,0.1,0.15,0.5,5,200,2.0,40.0,0,000049,Car,Car,15.444,315,315,True,True,False,True
baseline,0.1,0.15,0.5,5,200,2.0,40.0,0,000049,Car,Car,20.644,216,209,True,True,False,True
baseline,0.1,0.15,0.5,5,200,2.0,40.0,0,000049,Pedestrian,Pedestrian,32.79,41,36,True,True,False,True
baseline,0.1,0.15,0.5,5,200,2.0,40.0,0,000049,Car,Car,33.246,75,75,True,True,False,True
baseline,0.1,0.15,0.5,5,200,2.0,40.0,0,000049,Car,Car,14.422,297,297,True,True,False,True
baseline,0.1,0.15,0.5,5,200,2.0,40.0,0,000049,Car,Car,19.022,265,264,True,True,False,True
baseline,0.1,0.15,0.5,5,200,2.0,40.0,0,000049,Car,Car,35.674,9,9,False,True,False,True
baseline,0.1,0.15,0.5,5,200,2.0,40.0,0,000049,Car,Car,23.202,25,25,True,True,False,True
baseline,0.1,0.15,0.5,5,200,2.0,40.0,0,000049,Van,Car,35.571,266,266,True,True,False,True
baseline,0.1,0.15,0.5,5,200,2.0,40.0,0,000049,Car,Car,22.381,54,54,True,True,False,True
baseline,0.1,0.15,0.5,5,200,2.0,40.0,0,000061,Van,Car,18.81,634,634,True,False,True,True
baseline,0.1,0.15,0.5,5,200,2.0,40.0,0,000061,Car,Car,14.653,275,201,True,False,True,True
baseline,0.1,0.15,0.5,5,200,2.0,40.0,0,000061,Car,Car,40.91,3,3,False,False,False,False
baseline,0.1,0.15,0.5,5,200,2.0,40.0,0,000061,Car,Car,21.145,112,90,True,False,True,True
baseline,0.1,0.15,0.5,5,200,2.0,40.0,0,000061,Misc,,37.185,86,86,False,True,False,True
baseline,0.1,0.15,0.5,5,200,2.0,40.0,0,000061,Van,Car,43.673,0,0,False,False,False,False
distance_threshold,0.1,0.05,0.5,5,200,2.0,40.0,0,000001,Truck,Car,69.442,0,0,False,False,False,False
distance_threshold,0.1,0.05,0.5,5,200,2.0,40.0,0,000001,Car,Car,60.781,0,0,False,False,False,False
distance_threshold,0.1,0.05,0.5,5,200,2.0,40.0,0,000001,Cyclist,Cyclist,46.069,0,0,False,False,False,False
distance_threshold,0.1,0.05,0.5,5,200,2.0,40.0,0,000004,Car,Car,41.36,17,10,False,True,False,True
distance_threshold,0.1,0.05,0.5,5,200,2.0,40.0,0,000004,Car,Car,53.58,0,0,False,False,False,False
distance_threshold,0.1,0.05,0.5,5,200,2.0,40.0,0,000007,Car,Car,25.02,140,140,True,False,True,True
distance_threshold,0.1,0.05,0.5,5,200,2.0,40.0,0,000007,Car,Car,48.127,0,0,False,False,False,False
distance_threshold,0.1,0.05,0.5,5,200,2.0,40.0,0,000007,Car,Car,60.703,0,0,False,False,False,False
distance_threshold,0.1,0.05,0.5,5,200,2.0,40.0,0,000007,Cyclist,Cyclist,36.354,25,25,True,True,False,True
distance_threshold,0.1,0.05,0.5,5,200,2.0,40.0,0,000008,Car,Car,4.564,948,889,True,False,True,True
distance_threshold,0.1,0.05,0.5,5,200,2.0,40.0,0,000008,Car,Car,7.947,652,629,True,False,True,True
distance_threshold,0.1,0.05,0.5,5,200,2.0,40.0,0,000008,Car,Car,7.235,304,270,True,False,True,True
distance_threshold,0.1,0.05,0.5,5,200,2.0,40.0,0,000008,Car,Car,14.48,402,376,True,True,False,True
distance_threshold,0.1,0.05,0.5,5,200,2.0,40.0,0,000008,Car,Car,33.98,42,42,True,False,True,True
distance_threshold,0.1,0.05,0.5,5,200,2.0,40.0,0,000008,Car,Car,21.687,155,138,True,True,False,True
distance_threshold,0.1,0.05,0.5,5,200,2.0,40.0,0,000009,Car,Car,23.89,148,146,True,True,False,True
distance_threshold,0.1,0.05,0.5,5,200,2.0,40.0,0,000009,Car,Car,66.37,0,0,False,False,False,False
distance_threshold,0.1,0.05,0.5,5,200,2.0,40.0,0,000009,Car,Car,68.285,0,0,False,False,False,False
distance_threshold,0.1,0.05,0.5,5,200,2.0,40.0,0,000010,Car,Car,6.831,511,511,True,False,True,True
distance_threshold,0.1,0.05,0.5,5,200,2.0,40.0,0,000010,Car,Car,12.04,560,560,True,False,True,True
distance_threshold,0.1,0.05,0.5,5,200,2.0,40.0,0,000010,Pedestrian,Pedestrian,24.942,19,19,True,True,False,True
distance_threshold,0.1,0.05,0.5,5,200,2.0,40.0,0,000010,Car,Car,17.506,228,228,True,True,False,True
distance_threshold,0.1,0.05,0.5,5,200,2.0,40.0,0,000010,Car,Car,23.095,45,45,True,True,False,True
distance_threshold,0.1,0.05,0.5,5,200,2.0,40.0,0,000010,Car,Car,23.643,176,176,True,True,False,True
distance_threshold,0.1,0.05,0.5,5,200,2.0,40.0,0,000010,Car,Car,29.077,50,50,True,True,False,True
distance_threshold,0.1,0.05,0.5,5,200,2.0,40.0,0,000010,Car,Car,29.598,21,21,True,True,False,True
distance_threshold,0.1,0.05,0.5,5,200,2.0,40.0,0,000010,Car,Car,43.086,0,0,False,False,False,False
distance_threshold,0.1,0.05,0.5,5,200,2.0,40.0,0,000011,Pedestrian,Pedestrian,13.411,96,96,True,False,True,True
distance_threshold,0.1,0.05,0.5,5,200,2.0,40.0,0,000011,Pedestrian,Pedestrian,14.482,18,18,True,True,False,True
distance_threshold,0.1,0.05,0.5,5,200,2.0,40.0,0,000011,Car,Car,27.096,162,160,True,True,False,True
distance_threshold,0.1,0.05,0.5,5,200,2.0,40.0,0,000011,Pedestrian,Pedestrian,34.151,39,37,True,True,False,True
distance_threshold,0.1,0.05,0.5,5,200,2.0,40.0,0,000011,Car,Car,6.578,797,797,True,False,True,True
distance_threshold,0.1,0.05,0.5,5,200,2.0,40.0,0,000011,Pedestrian,Pedestrian,17.808,59,59,True,False,True,True
distance_threshold,0.1,0.05,0.5,5,200,2.0,40.0,0,000012,Car,Car,59.083,0,0,False,False,False,False
distance_threshold,0.1,0.05,0.5,5,200,2.0,40.0,0,000012,Van,Car,66.311,0,0,False,False,False,False
distance_threshold,0.1,0.05,0.5,5,200,2.0,40.0,0,000015,Car,Car,4.937,1019,1019,True,False,True,True
distance_threshold,0.1,0.05,0.5,5,200,2.0,40.0,0,000015,Pedestrian,Pedestrian,8.954,133,133,True,False,True,True
distance_threshold,0.1,0.05,0.5,5,200,2.0,40.0,0,000015,Pedestrian,Pedestrian,24.265,50,50,True,True,False,True
distance_threshold,0.1,0.05,0.5,5,200,2.0,40.0,0,000015,Pedestrian,Pedestrian,24.444,62,62,True,True,False,True
distance_threshold,0.1,0.05,0.5,5,200,2.0,40.0,0,000015,Pedestrian,Pedestrian,23.369,56,56,True,False,True,True
distance_threshold,0.1,0.05,0.5,5,200,2.0,40.0,0,000016,Car,Car,44.607,0,0,False,False,False,False
distance_threshold,0.1,0.05,0.5,5,200,2.0,40.0,0,000016,Truck,Car,28.06,1888,1855,True,True,False,True
distance_threshold,0.1,0.05,0.5,5,200,2.0,40.0,0,000016,Car,Car,33.445,59,53,True,True,False,True
distance_threshold,0.1,0.05,0.5,5,200,2.0,40.0,0,000016,Car,Car,7.076,562,562,True,True,False,True
distance_threshold,0.1,0.05,0.5,5,200,2.0,40.0,0,000016,Car,Car,47.177,0,0,False,False,False,False
distance_threshold,0.1,0.05,0.5,5,200,2.0,40.0,0,000016,Tram,Car,90.963,0,0,False,False,False,False
distance_threshold,0.1,0.05,0.5,5,200,2.0,40.0,0,000019,Truck,Car,6.314,1921,1920,True,False,True,True
distance_threshold,0.1,0.05,0.5,5,200,2.0,40.0,0,000019,Car,Car,10.126,457,456,True,False,True,True
distance_threshold,0.1,0.05,0.5,5,200,2.0,40.0,0,000019,Van,Car,35.423,95,95,True,True,False,True
distance_threshold,0.1,0.05,0.5,5,200,2.0,40.0,0,000019,Car,Car,59.714,0,0,False,False,False,False
distance_threshold,0.1,0.05,0.5,5,200,2.0,40.0,0,000021,Cyclist,Cyclist,4.174,291,291,True,False,True,True
distance_threshold,0.1,0.05,0.5,5,200,2.0,40.0,0,000021,Car,Car,13.641,491,491,True,False,True,True
distance_threshold,0.1,0.05,0.5,5,200,2.0,40.0,0,000021,Car,Car,17.779,182,180,True,True,False,True
distance_threshold,0.1,0.05,0.5,5,200,2.0,40.0,0,000021,Van,Car,23.927,761,761,True,True,False,True
distance_threshold,0.1,0.05,0.5,5,200,2.0,40.0,0,000021,Car,Car,26.482,133,133,True,True,False,True
distance_threshold,0.1,0.05,0.5,5,200,2.0,40.0,0,000021,Car,Car,26.879,94,94,True,True,False,True
distance_threshold,0.1,0.05,0.5,5,200,2.0,40.0,0,000021,Car,Car,32.609,44,44,True,True,False,True
distance_threshold,0.1,0.05,0.5,5,200,2.0,40.0,0,000021,Car,Car,31.8,28,28,True,True,False,True
distance_threshold,0.1,0.05,0.5,5,200,2.0,40.0,0,000023,Truck,Car,69.291,0,0,False,False,False,False
distance_threshold,0.1,0.05,0.5,5,200,2.0,40.0,0,000023,Car,Car,57.518,0,0,False,False,False,False
distance_threshold,0.1,0.05,0.5,5,200,2.0,40.0,0,000023,Cyclist,Cyclist,44.994,0,0,False,False,False,False
distance_threshold,0.1,0.05,0.5,5,200,2.0,40.0,0,000025,Car,Car,3.97,326,326,True,False,True,True
distance_threshold,0.1,0.05,0.5,5,200,2.0,40.0,0,000025,Car,Car,10.652,490,490,True,True,False,True
distance_threshold,0.1,0.05,0.5,5,200,2.0,40.0,0,000025,Car,Car,30.19,55,55,True,False,True,True
distance_threshold,0.1,0.05,0.5,5,200,2.0,40.0,0,000025,Car,Car,17.855,214,214,True,True,False,True
distance_threshold,0.1,0.05,0.5,5,200,2.0,40.0,0,000025,Cyclist,Cyclist,44.716,0,0,False,False,False,False
distance_threshold,0.1,0.05,0.5,5,200,2.0,40.0,0,000025,Car,Car,22.698,40,40,True,True,False,True
distance_threshold,0.1,0.05,0.5,5,200,2.0,40.0,0,000031,Car,Car,12.608,544,544,True,False,True,True
distance_threshold,0.1,0.05,0.5,5,200,2.0,40.0,0,000031,Car,Car,9.038,402,402,True,False,True,True
distance_threshold,0.1,0.05,0.5,5,200,2.0,40.0,0,000031,Car,Car,13.456,328,328,True,True,False,True
distance_threshold,0.1,0.05,0.5,5,200,2.0,40.0,0,000031,Truck,Car,22.54,306,306,True,True,False,True
distance_threshold,0.1,0.05,0.5,5,200,2.0,40.0,0,000031,Car,Car,26.549,125,125,True,True,False,True
distance_threshold,0.1,0.05,0.5,5,200,2.0,40.0,0,000031,Van,Car,51.929,0,0,False,False,False,False
distance_threshold,0.1,0.05,0.5,5,200,2.0,40.0,0,000032,Car,Car,9.653,630,630,True,False,True,True
distance_threshold,0.1,0.05,0.5,5,200,2.0,40.0,0,000032,Car,Car,9.138,520,520,True,False,True,True
distance_threshold,0.1,0.05,0.5,5,200,2.0,40.0,0,000032,Van,Car,14.807,569,569,True,True,False,True
distance_threshold,0.1,0.05,0.5,5,200,2.0,40.0,0,000032,Car,Car,13.809,259,259,True,True,False,True
distance_threshold,0.1,0.05,0.5,5,200,2.0,40.0,0,000032,Car,Car,20.174,56,56,True,True,False,True
distance_threshold,0.1,0.05,0.5,5,200,2.0,40.0,0,000032,Van,Car,25.411,530,530,True,True,False,True
distance_threshold,0.1,0.05,0.5,5,200,2.0,40.0,0,000032,Car,Car,25.844,67,67,True,True,False,True
distance_threshold,0.1,0.05,0.5,5,200,2.0,40.0,0,000032,Van,Car,44.722,0,0,False,False,False,False
distance_threshold,0.1,0.05,0.5,5,200,2.0,40.0,0,000032,Van,Car,41.091,60,60,False,True,False,True
distance_threshold,0.1,0.05,0.5,5,200,2.0,40.0,0,000032,Car,Car,45.146,0,0,False,False,False,False
distance_threshold,0.1,0.05,0.5,5,200,2.0,40.0,0,000043,Pedestrian,Pedestrian,12.751,102,102,True,False,True,True
distance_threshold,0.1,0.05,0.5,5,200,2.0,40.0,0,000043,Pedestrian,Pedestrian,12.632,100,100,True,False,True,True
distance_threshold,0.1,0.05,0.5,5,200,2.0,40.0,0,000043,Pedestrian,Pedestrian,20.65,70,66,True,False,True,True
distance_threshold,0.1,0.05,0.5,5,200,2.0,40.0,0,000043,Pedestrian,Pedestrian,20.57,76,72,True,False,True,True
distance_threshold,0.1,0.05,0.5,5,200,2.0,40.0,0,000048,Pedestrian,Pedestrian,16.89,94,94,True,True,False,True
distance_threshold,0.1,0.05,0.5,5,200,2.0,40.0,0,000048,Pedestrian,Pedestrian,17.165,101,101,True,True,False,True
distance_threshold,0.1,0.05,0.5,5,200,2.0,40.0,0,000048,Pedestrian,Pedestrian,16.576,81,81,True,True,False,True
distance_threshold,0.1,0.05,0.5,5,200,2.0,40.0,0,000048,Cyclist,Cyclist,30.423,39,39,True,False,True,True
distance_threshold,0.1,0.05,0.5,5,200,2.0,40.0,0,000049,Car,Car,21.555,161,161,True,True,False,True
distance_threshold,0.1,0.05,0.5,5,200,2.0,40.0,0,000049,Car,Car,14.348,581,581,True,True,False,True
distance_threshold,0.1,0.05,0.5,5,200,2.0,40.0,0,000049,Car,Car,22.289,109,109,True,True,False,True
distance_threshold,0.1,0.05,0.5,5,200,2.0,40.0,0,000049,Car,Car,25.201,66,66,True,True,False,True
distance_threshold,0.1,0.05,0.5,5,200,2.0,40.0,0,000049,Car,Car,32.781,19,19,True,True,False,True
distance_threshold,0.1,0.05,0.5,5,200,2.0,40.0,0,000049,Van,Car,45.861,0,0,False,False,False,False
distance_threshold,0.1,0.05,0.5,5,200,2.0,40.0,0,000049,Pedestrian,Pedestrian,5.464,236,236,True,False,True,True
distance_threshold,0.1,0.05,0.5,5,200,2.0,40.0,0,000049,Car,Car,10.398,310,310,True,True,False,True
distance_threshold,0.1,0.05,0.5,5,200,2.0,40.0,0,000049,Car,Car,15.444,315,315,True,True,False,True
distance_threshold,0.1,0.05,0.5,5,200,2.0,40.0,0,000049,Car,Car,20.644,216,216,True,True,False,True
distance_threshold,0.1,0.05,0.5,5,200,2.0,40.0,0,000049,Pedestrian,Pedestrian,32.79,41,41,True,True,False,True
distance_threshold,0.1,0.05,0.5,5,200,2.0,40.0,0,000049,Car,Car,33.246,75,75,True,True,False,True
distance_threshold,0.1,0.05,0.5,5,200,2.0,40.0,0,000049,Car,Car,14.422,297,297,True,True,False,True
distance_threshold,0.1,0.05,0.5,5,200,2.0,40.0,0,000049,Car,Car,19.022,265,265,True,True,False,True
distance_threshold,0.1,0.05,0.5,5,200,2.0,40.0,0,000049,Car,Car,35.674,9,9,False,True,False,True
distance_threshold,0.1,0.05,0.5,5,200,2.0,40.0,0,000049,Car,Car,23.202,25,25,True,True,False,True
distance_threshold,0.1,0.05,0.5,5,200,2.0,40.0,0,000049,Van,Car,35.571,266,266,True,True,False,True
distance_threshold,0.1,0.05,0.5,5,200,2.0,40.0,0,000049,Car,Car,22.381,54,54,True,True,False,True
distance_threshold,0.1,0.05,0.5,5,200,2.0,40.0,0,000061,Van,Car,18.81,634,634,True,False,True,True
distance_threshold,0.1,0.05,0.5,5,200,2.0,40.0,0,000061,Car,Car,14.653,275,247,True,False,True,True
distance_threshold,0.1,0.05,0.5,5,200,2.0,40.0,0,000061,Car,Car,40.91,3,3,False,False,False,False
distance_threshold,0.1,0.05,0.5,5,200,2.0,40.0,0,000061,Car,Car,21.145,112,104,True,False,True,True
distance_threshold,0.1,0.05,0.5,5,200,2.0,40.0,0,000061,Misc,,37.185,86,86,False,True,False,True
distance_threshold,0.1,0.05,0.5,5,200,2.0,40.0,0,000061,Van,Car,43.673,0,0,False,False,False,False
distance_threshold,0.1,0.1,0.5,5,200,2.0,40.0,0,000001,Truck,Car,69.442,0,0,False,False,False,False
distance_threshold,0.1,0.1,0.5,5,200,2.0,40.0,0,000001,Car,Car,60.781,0,0,False,False,False,False
distance_threshold,0.1,0.1,0.5,5,200,2.0,40.0,0,000001,Cyclist,Cyclist,46.069,0,0,False,False,False,False
distance_threshold,0.1,0.1,0.5,5,200,2.0,40.0,0,000004,Car,Car,41.36,17,11,False,True,False,True
distance_threshold,0.1,0.1,0.5,5,200,2.0,40.0,0,000004,Car,Car,53.58,0,0,False,False,False,False
distance_threshold,0.1,0.1,0.5,5,200,2.0,40.0,0,000007,Car,Car,25.02,140,140,True,True,False,True
distance_threshold,0.1,0.1,0.5,5,200,2.0,40.0,0,000007,Car,Car,48.127,0,0,False,False,False,False
distance_threshold,0.1,0.1,0.5,5,200,2.0,40.0,0,000007,Car,Car,60.703,0,0,False,False,False,False
distance_threshold,0.1,0.1,0.5,5,200,2.0,40.0,0,000007,Cyclist,Cyclist,36.354,25,25,True,True,False,True
distance_threshold,0.1,0.1,0.5,5,200,2.0,40.0,0,000008,Car,Car,4.564,948,865,True,False,True,True
distance_threshold,0.1,0.1,0.5,5,200,2.0,40.0,0,000008,Car,Car,7.947,652,589,True,False,True,True
distance_threshold,0.1,0.1,0.5,5,200,2.0,40.0,0,000008,Car,Car,7.235,304,234,True,False,True,True
distance_threshold,0.1,0.1,0.5,5,200,2.0,40.0,0,000008,Car,Car,14.48,402,346,True,False,True,True
distance_threshold,0.1,0.1,0.5,5,200,2.0,40.0,0,000008,Car,Car,33.98,42,23,True,True,False,True
distance_threshold,0.1,0.1,0.5,5,200,2.0,40.0,0,000008,Car,Car,21.687,155,137,True,True,False,True
distance_threshold,0.1,0.1,0.5,5,200,2.0,40.0,0,000009,Car,Car,23.89,148,138,True,True,False,True
distance_threshold,0.1,0.1,0.5,5,200,2.0,40.0,0,000009,Car,Car,66.37,0,0,False,False,False,False
distance_threshold,0.1,0.1,0.5,5,200,2.0,40.0,0,000009,Car,Car,68.285,0,0,False,False,False,False
distance_threshold,0.1,0.1,0.5,5,200,2.0,40.0,0,000010,Car,Car,6.831,511,469,True,False,True,True
distance_threshold,0.1,0.1,0.5,5,200,2.0,40.0,0,000010,Car,Car,12.04,560,560,True,False,True,True
distance_threshold,0.1,0.1,0.5,5,200,2.0,40.0,0,000010,Pedestrian,Pedestrian,24.942,19,19,True,True,False,True
distance_threshold,0.1,0.1,0.5,5,200,2.0,40.0,0,000010,Car,Car,17.506,228,204,True,True,False,True
distance_threshold,0.1,0.1,0.5,5,200,2.0,40.0,0,000010,Car,Car,23.095,45,39,True,True,False,True
distance_threshold,0.1,0.1,0.5,5,200,2.0,40.0,0,000010,Car,Car,23.643,176,173,True,True,False,True
distance_threshold,0.1,0.1,0.5,5,200,2.0,40.0,0,000010,Car,Car,29.077,50,50,True,True,False,True
distance_threshold,0.1,0.1,0.5,5,200,2.0,40.0,0,000010,Car,Car,29.598,21,17,True,True,False,True
distance_threshold,0.1,0.1,0.5,5,200,2.0,40.0,0,000010,Car,Car,43.086,0,0,False,False,False,False
distance_threshold,0.1,0.1,0.5,5,200,2.0,40.0,0,000011,Pedestrian,Pedestrian,13.411,96,96,True,True,False,True
distance_threshold,0.1,0.1,0.5,5,200,2.0,40.0,0,000011,Pedestrian,Pedestrian,14.482,18,15,True,True,False,True
distance_threshold,0.1,0.1,0.5,5,200,2.0,40.0,0,000011,Car,Car,27.096,162,157,True,True,False,True
distance_threshold,0.1,0.1,0.5,5,200,2.0,40.0,0,000011,Pedestrian,Pedestrian,34.151,39,35,True,True,False,True
distance_threshold,0.1,0.1,0.5,5,200,2.0,40.0,0,000011,Car,Car,6.578,797,797,True,True,False,True
distance_threshold,0.1,0.1,0.5,5,200,2.0,40.0,0,000011,Pedestrian,Pedestrian,17.808,59,59,True,True,False,True
distance_threshold,0.1,0.1,0.5,5,200,2.0,40.0,0,000012,Car,Car,59.083,0,0,False,False,False,False
distance_threshold,0.1,0.1,0.5,5,200,2.0,40.0,0,000012,Van,Car,66.311,0,0,False,False,False,False
distance_threshold,0.1,0.1,0.5,5,200,2.0,40.0,0,000015,Car,Car,4.937,1019,1009,True,True,False,True
distance_threshold,0.1,0.1,0.5,5,200,2.0,40.0,0,000015,Pedestrian,Pedestrian,8.954,133,133,True,True,False,True
distance_threshold,0.1,0.1,0.5,5,200,2.0,40.0,0,000015,Pedestrian,Pedestrian,24.265,50,49,True,True,False,True
distance_threshold,0.1,0.1,0.5,5,200,2.0,40.0,0,000015,Pedestrian,Pedestrian,24.444,62,59,True,True,False,True
distance_threshold,0.1,0.1,0.5,5,200,2.0,40.0,0,000015,Pedestrian,Pedestrian,23.369,56,56,True,False,True,True
distance_threshold,0.1,0.1,0.5,5,200,2.0,40.0,0,000016,Car,Car,44.607,0,0,False,False,False,False
distance_threshold,0.1,0.1,0.5,5,200,2.0,40.0,0,000016,Truck,Car,28.06,1888,1829,True,True,False,True
distance_threshold,0.1,0.1,0.5,5,200,2.0,40.0,0,000016,Car,Car,33.445,59,52,True,True,False,True
distance_threshold,0.1,0.1,0.5,5,200,2.0,40.0,0,000016,Car,Car,7.076,562,521,True,True,False,True
distance_threshold,0.1,0.1,0.5,5,200,2.0,40.0,0,000016,Car,Car,47.177,0,0,False,False,False,False
distance_threshold,0.1,0.1,0.5,5,200,2.0,40.0,0,000016,Tram,Car,90.963,0,0,False,False,False,False
distance_threshold,0.1,0.1,0.5,5,200,2.0,40.0,0,000019,Truck,Car,6.314,1921,1910,True,True,False,True
distance_threshold,0.1,0.1,0.5,5,200,2.0,40.0,0,000019,Car,Car,10.126,457,454,True,False,True,True
distance_threshold,0.1,0.1,0.5,5,200,2.0,40.0,0,000019,Van,Car,35.423,95,95,True,True,False,True
distance_threshold,0.1,0.1,0.5,5,200,2.0,40.0,0,000019,Car,Car,59.714,0,0,False,False,False,False
distance_threshold,0.1,0.1,0.5,5,200,2.0,40.0,0,000021,Cyclist,Cyclist,4.174,291,278,True,True,False,True
distance_threshold,0.1,0.1,0.5,5,200,2.0,40.0,0,000021,Car,Car,13.641,491,487,True,True,False,True
distance_threshold,0.1,0.1,0.5,5,200,2.0,40.0,0,000021,Car,Car,17.779,182,176,True,True,False,True
distance_threshold,0.1,0.1,0.5,5,200,2.0,40.0,0,000021,Van,Car,23.927,761,761,True,True,False,True
distance_threshold,0.1,0.1,0.5,5,200,2.0,40.0,0,000021,Car,Car,26.482,133,133,True,True,False,True
distance_threshold,0.1,0.1,0.5,5,200,2.0,40.0,0,000021,Car,Car,26.879,94,94,True,True,False,True
distance_threshold,0.1,0.1,0.5,5,200,2.0,40.0,0,000021,Car,Car,32.609,44,44,True,True,False,True
distance_threshold,0.1,0.1,0.5,5,200,2.0,40.0,0,000021,Car,Car,31.8,28,28,True,True,False,True
distance_threshold,0.1,0.1,0.5,5,200,2.0,40.0,0,000023,Truck,Car,69.291,0,0,False,False,False,False
distance_threshold,0.1,0.1,0.5,5,200,2.0,40.0,0,000023,Car,Car,57.518,0,0,False,False,False,False
distance_threshold,0.1,0.1,0.5,5,200,2.0,40.0,0,000023,Cyclist,Cyclist,44.994,0,0,False,False,False,False
distance_threshold,0.1,0.1,0.5,5,200,2.0,40.0,0,000025,Car,Car,3.97,326,326,True,True,False,True
distance_threshold,0.1,0.1,0.5,5,200,2.0,40.0,0,000025,Car,Car,10.652,490,490,True,True,False,True
distance_threshold,0.1,0.1,0.5,5,200,2.0,40.0,0,000025,Car,Car,30.19,55,55,True,False,True,True
distance_threshold,0.1,0.1,0.5,5,200,2.0,40.0,0,000025,Car,Car,17.855,214,214,True,True,False,True
distance_threshold,0.1,0.1,0.5,5,200,2.0,40.0,0,000025,Cyclist,Cyclist,44.716,0,0,False,False,False,False
distance_threshold,0.1,0.1,0.5,5,200,2.0,40.0,0,000025,Car,Car,22.698,40,40,True,True,False,True
distance_threshold,0.1,0.1,0.5,5,200,2.0,40.0,0,000031,Car,Car,12.608,544,537,True,True,False,True
distance_threshold,0.1,0.1,0.5,5,200,2.0,40.0,0,000031,Car,Car,9.038,402,400,True,False,True,True
distance_threshold,0.1,0.1,0.5,5,200,2.0,40.0,0,000031,Car,Car,13.456,328,324,True,True,False,True
distance_threshold,0.1,0.1,0.5,5,200,2.0,40.0,0,000031,Truck,Car,22.54,306,306,True,True,False,True
distance_threshold,0.1,0.1,0.5,5,200,2.0,40.0,0,000031,Car,Car,26.549,125,125,True,True,False,True
distance_threshold,0.1,0.1,0.5,5,200,2.0,40.0,0,000031,Van,Car,51.929,0,0,False,False,False,False
distance_threshold,0.1,0.1,0.5,5,200,2.0,40.0,0,000032,Car,Car,9.653,630,630,True,True,False,True
distance_threshold,0.1,0.1,0.5,5,200,2.0,40.0,0,000032,Car,Car,9.138,520,520,True,True,False,True
distance_threshold,0.1,0.1,0.5,5,200,2.0,40.0,0,000032,Van,Car,14.807,569,569,True,True,False,True
distance_threshold,0.1,0.1,0.5,5,200,2.0,40.0,0,000032,Car,Car,13.809,259,259,True,True,False,True
distance_threshold,0.1,0.1,0.5,5,200,2.0,40.0,0,000032,Car,Car,20.174,56,56,True,True,False,True
distance_threshold,0.1,0.1,0.5,5,200,2.0,40.0,0,000032,Van,Car,25.411,530,530,True,True,False,True
distance_threshold,0.1,0.1,0.5,5,200,2.0,40.0,0,000032,Car,Car,25.844,67,67,True,True,False,True
distance_threshold,0.1,0.1,0.5,5,200,2.0,40.0,0,000032,Van,Car,44.722,0,0,False,False,False,False
distance_threshold,0.1,0.1,0.5,5,200,2.0,40.0,0,000032,Van,Car,41.091,60,60,False,True,False,True
distance_threshold,0.1,0.1,0.5,5,200,2.0,40.0,0,000032,Car,Car,45.146,0,0,False,False,False,False
distance_threshold,0.1,0.1,0.5,5,200,2.0,40.0,0,000043,Pedestrian,Pedestrian,12.751,102,101,True,False,True,True
distance_threshold,0.1,0.1,0.5,5,200,2.0,40.0,0,000043,Pedestrian,Pedestrian,12.632,100,98,True,False,True,True
distance_threshold,0.1,0.1,0.5,5,200,2.0,40.0,0,000043,Pedestrian,Pedestrian,20.65,70,63,True,False,True,True
distance_threshold,0.1,0.1,0.5,5,200,2.0,40.0,0,000043,Pedestrian,Pedestrian,20.57,76,68,True,False,True,True
distance_threshold,0.1,0.1,0.5,5,200,2.0,40.0,0,000048,Pedestrian,Pedestrian,16.89,94,94,True,True,False,True
distance_threshold,0.1,0.1,0.5,5,200,2.0,40.0,0,000048,Pedestrian,Pedestrian,17.165,101,100,True,True,False,True
distance_threshold,0.1,0.1,0.5,5,200,2.0,40.0,0,000048,Pedestrian,Pedestrian,16.576,81,81,True,True,False,True
distance_threshold,0.1,0.1,0.5,5,200,2.0,40.0,0,000048,Cyclist,Cyclist,30.423,39,39,True,True,False,True
distance_threshold,0.1,0.1,0.5,5,200,2.0,40.0,0,000049,Car,Car,21.555,161,161,True,True,False,True
distance_threshold,0.1,0.1,0.5,5,200,2.0,40.0,0,000049,Car,Car,14.348,581,580,True,True,False,True
distance_threshold,0.1,0.1,0.5,5,200,2.0,40.0,0,000049,Car,Car,22.289,109,108,True,True,False,True
distance_threshold,0.1,0.1,0.5,5,200,2.0,40.0,0,000049,Car,Car,25.201,66,66,True,True,False,True
distance_threshold,0.1,0.1,0.5,5,200,2.0,40.0,0,000049,Car,Car,32.781,19,19,True,True,False,True
distance_threshold,0.1,0.1,0.5,5,200,2.0,40.0,0,000049,Van,Car,45.861,0,0,False,False,False,False
distance_threshold,0.1,0.1,0.5,5,200,2.0,40.0,0,000049,Pedestrian,Pedestrian,5.464,236,236,True,False,True,True
distance_threshold,0.1,0.1,0.5,5,200,2.0,40.0,0,000049,Car,Car,10.398,310,310,True,True,False,True
distance_threshold,0.1,0.1,0.5,5,200,2.0,40.0,0,000049,Car,Car,15.444,315,315,True,True,False,True
distance_threshold,0.1,0.1,0.5,5,200,2.0,40.0,0,000049,Car,Car,20.644,216,216,True,True,False,True
distance_threshold,0.1,0.1,0.5,5,200,2.0,40.0,0,000049,Pedestrian,Pedestrian,32.79,41,41,True,True,False,True
distance_threshold,0.1,0.1,0.5,5,200,2.0,40.0,0,000049,Car,Car,33.246,75,75,True,True,False,True
distance_threshold,0.1,0.1,0.5,5,200,2.0,40.0,0,000049,Car,Car,14.422,297,297,True,True,False,True
distance_threshold,0.1,0.1,0.5,5,200,2.0,40.0,0,000049,Car,Car,19.022,265,265,True,True,False,True
distance_threshold,0.1,0.1,0.5,5,200,2.0,40.0,0,000049,Car,Car,35.674,9,9,False,True,False,True
distance_threshold,0.1,0.1,0.5,5,200,2.0,40.0,0,000049,Car,Car,23.202,25,25,True,True,False,True
distance_threshold,0.1,0.1,0.5,5,200,2.0,40.0,0,000049,Van,Car,35.571,266,266,True,True,False,True
distance_threshold,0.1,0.1,0.5,5,200,2.0,40.0,0,000049,Car,Car,22.381,54,54,True,True,False,True
distance_threshold,0.1,0.1,0.5,5,200,2.0,40.0,0,000061,Van,Car,18.81,634,634,True,False,True,True
distance_threshold,0.1,0.1,0.5,5,200,2.0,40.0,0,000061,Car,Car,14.653,275,218,True,False,True,True
distance_threshold,0.1,0.1,0.5,5,200,2.0,40.0,0,000061,Car,Car,40.91,3,3,False,False,False,False
distance_threshold,0.1,0.1,0.5,5,200,2.0,40.0,0,000061,Car,Car,21.145,112,95,True,False,True,True
distance_threshold,0.1,0.1,0.5,5,200,2.0,40.0,0,000061,Misc,,37.185,86,86,False,True,False,True
distance_threshold,0.1,0.1,0.5,5,200,2.0,40.0,0,000061,Van,Car,43.673,0,0,False,False,False,False
distance_threshold,0.1,0.15,0.5,5,200,2.0,40.0,0,000001,Truck,Car,69.442,0,0,False,False,False,False
distance_threshold,0.1,0.15,0.5,5,200,2.0,40.0,0,000001,Car,Car,60.781,0,0,False,False,False,False
distance_threshold,0.1,0.15,0.5,5,200,2.0,40.0,0,000001,Cyclist,Cyclist,46.069,0,0,False,False,False,False
distance_threshold,0.1,0.15,0.5,5,200,2.0,40.0,0,000004,Car,Car,41.36,17,10,False,True,False,True
distance_threshold,0.1,0.15,0.5,5,200,2.0,40.0,0,000004,Car,Car,53.58,0,0,False,False,False,False
distance_threshold,0.1,0.15,0.5,5,200,2.0,40.0,0,000007,Car,Car,25.02,140,140,True,True,False,True
distance_threshold,0.1,0.15,0.5,5,200,2.0,40.0,0,000007,Car,Car,48.127,0,0,False,False,False,False
distance_threshold,0.1,0.15,0.5,5,200,2.0,40.0,0,000007,Car,Car,60.703,0,0,False,False,False,False
distance_threshold,0.1,0.15,0.5,5,200,2.0,40.0,0,000007,Cyclist,Cyclist,36.354,25,25,True,True,False,True
distance_threshold,0.1,0.15,0.5,5,200,2.0,40.0,0,000008,Car,Car,4.564,948,948,True,False,True,True
distance_threshold,0.1,0.15,0.5,5,200,2.0,40.0,0,000008,Car,Car,7.947,652,652,True,False,True,True
distance_threshold,0.1,0.15,0.5,5,200,2.0,40.0,0,000008,Car,Car,7.235,304,304,True,True,False,True
distance_threshold,0.1,0.15,0.5,5,200,2.0,40.0,0,000008,Car,Car,14.48,402,402,True,True,False,True
distance_threshold,0.1,0.15,0.5,5,200,2.0,40.0,0,000008,Car,Car,33.98,42,42,True,False,True,True
distance_threshold,0.1,0.15,0.5,5,200,2.0,40.0,0,000008,Car,Car,21.687,155,132,True,True,False,True
distance_threshold,0.1,0.15,0.5,5,200,2.0,40.0,0,000009,Car,Car,23.89,148,134,True,True,False,True
distance_threshold,0.1,0.15,0.5,5,200,2.0,40.0,0,000009,Car,Car,66.37,0,0,False,False,False,False
distance_threshold,0.1,0.15,0.5,5,200,2.0,40.0,0,000009,Car,Car,68.285,0,0,False,False,False,False
distance_threshold,0.1,0.15,0.5,5,200,2.0,40.0,0,000010,Car,Car,6.831,511,415,True,False,True,True
distance_threshold,0.1,0.15,0.5,5,200,2.0,40.0,0,000010,Car,Car,12.04,560,560,True,False,True,True
distance_threshold,0.1,0.15,0.5,5,200,2.0,40.0,0,000010,Pedestrian,Pedestrian,24.942,19,19,True,True,False,True
distance_threshold,0.1,0.15,0.5,5,200,2.0,40.0,0,000010,Car,Car,17.506,228,198,True,True,False,True
distance_threshold,0.1,0.15,0.5,5,200,2.0,40.0,0,000010,Car,Car,23.095,45,37,True,True,False,True
distance_threshold,0.1,0.15,0.5,5,200,2.0,40.0,0,000010,Car,Car,23.643,176,173,True,True,False,True
distance_threshold,0.1,0.15,0.5,5,200,2.0,40.0,0,000010,Car,Car,29.077,50,50,True,True,False,True
distance_threshold,0.1,0.15,0.5,5,200,2.0,40.0,0,000010,Car,Car,29.598,21,15,True,True,False,True
distance_threshold,0.1,0.15,0.5,5,200,2.0,40.0,0,000010,Car,Car,43.086,0,0,False,False,False,False
distance_threshold,0.1,0.15,0.5,5,200,2.0,40.0,0,000011,Pedestrian,Pedestrian,13.411,96,94,True,True,False,True
distance_threshold,0.1,0.15,0.5,5,200,2.0,40.0,0,000011,Pedestrian,Pedestrian,14.482,18,15,True,True,False,True
distance_threshold,0.1,0.15,0.5,5,200,2.0,40.0,0,000011,Car,Car,27.096,162,151,True,True,False,True
distance_threshold,0.1,0.15,0.5,5,200,2.0,40.0,0,000011,Pedestrian,Pedestrian,34.151,39,35,True,True,False,True
distance_threshold,0.1,0.15,0.5,5,200,2.0,40.0,0,000011,Car,Car,6.578,797,783,True,True,False,True
distance_threshold,0.1,0.15,0.5,5,200,2.0,40.0,0,000011,Pedestrian,Pedestrian,17.808,59,59,True,True,False,True
distance_threshold,0.1,0.15,0.5,5,200,2.0,40.0,0,000012,Car,Car,59.083,0,0,False,False,False,False
distance_threshold,0.1,0.15,0.5,5,200,2.0,40.0,0,000012,Van,Car,66.311,0,0,False,False,False,False
distance_threshold,0.1,0.15,0.5,5,200,2.0,40.0,0,000015,Car,Car,4.937,1019,979,True,True,False,True
distance_threshold,0.1,0.15,0.5,5,200,2.0,40.0,0,000015,Pedestrian,Pedestrian,8.954,133,132,True,True,False,True
distance_threshold,0.1,0.15,0.5,5,200,2.0,40.0,0,000015,Pedestrian,Pedestrian,24.265,50,47,True,True,False,True
distance_threshold,0.1,0.15,0.5,5,200,2.0,40.0,0,000015,Pedestrian,Pedestrian,24.444,62,59,True,True,False,True
distance_threshold,0.1,0.15,0.5,5,200,2.0,40.0,0,000015,Pedestrian,Pedestrian,23.369,56,56,True,False,True,True
distance_threshold,0.1,0.15,0.5,5,200,2.0,40.0,0,000016,Car,Car,44.607,0,0,False,False,False,False
distance_threshold,0.1,0.15,0.5,5,200,2.0,40.0,0,000016,Truck,Car,28.06,1888,1819,True,True,False,True
distance_threshold,0.1,0.15,0.5,5,200,2.0,40.0,0,000016,Car,Car,33.445,59,53,True,True,False,True
distance_threshold,0.1,0.15,0.5,5,200,2.0,40.0,0,000016,Car,Car,7.076,562,531,True,True,False,True
distance_threshold,0.1,0.15,0.5,5,200,2.0,40.0,0,000016,Car,Car,47.177,0,0,False,False,False,False
distance_threshold,0.1,0.15,0.5,5,200,2.0,40.0,0,000016,Tram,Car,90.963,0,0,False,False,False,False
distance_threshold,0.1,0.15,0.5,5,200,2.0,40.0,0,000019,Truck,Car,6.314,1921,1881,True,True,False,True
distance_threshold,0.1,0.15,0.5,5,200,2.0,40.0,0,000019,Car,Car,10.126,457,427,True,True,False,True
distance_threshold,0.1,0.15,0.5,5,200,2.0,40.0,0,000019,Van,Car,35.423,95,95,True,True,False,True
distance_threshold,0.1,0.15,0.5,5,200,2.0,40.0,0,000019,Car,Car,59.714,0,0,False,False,False,False
distance_threshold,0.1,0.15,0.5,5,200,2.0,40.0,0,000021,Cyclist,Cyclist,4.174,291,268,True,True,False,True
distance_threshold,0.1,0.15,0.5,5,200,2.0,40.0,0,000021,Car,Car,13.641,491,473,True,True,False,True
distance_threshold,0.1,0.15,0.5,5,200,2.0,40.0,0,000021,Car,Car,17.779,182,173,True,True,False,True
distance_threshold,0.1,0.15,0.5,5,200,2.0,40.0,0,000021,Van,Car,23.927,761,761,True,True,False,True
distance_threshold,0.1,0.15,0.5,5,200,2.0,40.0,0,000021,Car,Car,26.482,133,132,True,True,False,True
distance_threshold,0.1,0.15,0.5,5,200,2.0,40.0,0,000021,Car,Car,26.879,94,92,True,True,False,True
distance_threshold,0.1,0.15,0.5,5,200,2.0,40.0,0,000021,Car,Car,32.609,44,44,True,True,False,True
distance_threshold,0.1,0.15,0.5,5,200,2.0,40.0,0,000021,Car,Car,31.8,28,28,True,True,False,True
distance_threshold,0.1,0.15,0.5,5,200,2.0,40.0,0,000023,Truck,Car,69.291,0,0,False,False,False,False
distance_threshold,0.1,0.15,0.5,5,200,2.0,40.0,0,000023,Car,Car,57.518,0,0,False,False,False,False
distance_threshold,0.1,0.15,0.5,5,200,2.0,40.0,0,000023,Cyclist,Cyclist,44.994,0,0,False,False,False,False
distance_threshold,0.1,0.15,0.5,5,200,2.0,40.0,0,000025,Car,Car,3.97,326,324,True,True,False,True
distance_threshold,0.1,0.15,0.5,5,200,2.0,40.0,0,000025,Car,Car,10.652,490,490,True,True,False,True
distance_threshold,0.1,0.15,0.5,5,200,2.0,40.0,0,000025,Car,Car,30.19,55,55,True,False,True,True
distance_threshold,0.1,0.15,0.5,5,200,2.0,40.0,0,000025,Car,Car,17.855,214,214,True,True,False,True
distance_threshold,0.1,0.15,0.5,5,200,2.0,40.0,0,000025,Cyclist,Cyclist,44.716,0,0,False,False,False,False
distance_threshold,0.1,0.15,0.5,5,200,2.0,40.0,0,000025,Car,Car,22.698,40,40,True,True,False,True
distance_threshold,0.1,0.15,0.5,5,200,2.0,40.0,0,000031,Car,Car,12.608,544,528,True,True,False,True
distance_threshold,0.1,0.15,0.5,5,200,2.0,40.0,0,000031,Car,Car,9.038,402,385,True,True,False,True
distance_threshold,0.1,0.15,0.5,5,200,2.0,40.0,0,000031,Car,Car,13.456,328,315,True,True,False,True
distance_threshold,0.1,0.15,0.5,5,200,2.0,40.0,0,000031,Truck,Car,22.54,306,306,True,True,False,True
distance_threshold,0.1,0.15,0.5,5,200,2.0,40.0,0,000031,Car,Car,26.549,125,119,True,True,False,True
distance_threshold,0.1,0.15,0.5,5,200,2.0,40.0,0,000031,Van,Car,51.929,0,0,False,False,False,False
distance_threshold,0.1,0.15,0.5,5,200,2.0,40.0,0,000032,Car,Car,9.653,630,628,True,True,False,True
distance_threshold,0.1,0.15,0.5,5,200,2.0,40.0,0,000032,Car,Car,9.138,520,499,True,True,False,True
distance_threshold,0.1,0.15,0.5,5,200,2.0,40.0,0,000032,Van,Car,14.807,569,565,True,True,False,True
distance_threshold,0.1,0.15,0.5,5,200,2.0,40.0,0,000032,Car,Car,13.809,259,249,True,True,False,True
distance_threshold,0.1,0.15,0.5,5,200,2.0,40.0,0,000032,Car,Car,20.174,56,53,True,True,False,True
distance_threshold,0.1,0.15,0.5,5,200,2.0,40.0,0,000032,Van,Car,25.411,530,530,True,True,False,True
distance_threshold,0.1,0.15,0.5,5,200,2.0,40.0,0,000032,Car,Car,25.844,67,67,True,True,False,True
distance_threshold,0.1,0.15,0.5,5,200,2.0,40.0,0,000032,Van,Car,44.722,0,0,False,False,False,False
distance_threshold,0.1,0.15,0.5,5,200,2.0,40.0,0,000032,Van,Car,41.091,60,60,False,True,False,True
distance_threshold,0.1,0.15,0.5,5,200,2.0,40.0,0,000032,Car,Car,45.146,0,0,False,False,False,False
distance_threshold,0.1,0.15,0.5,5,200,2.0,40.0,0,000043,Pedestrian,Pedestrian,12.751,102,97,True,True,False,True
distance_threshold,0.1,0.15,0.5,5,200,2.0,40.0,0,000043,Pedestrian,Pedestrian,12.632,100,96,True,True,False,True
distance_threshold,0.1,0.15,0.5,5,200,2.0,40.0,0,000043,Pedestrian,Pedestrian,20.65,70,63,True,False,True,True
distance_threshold,0.1,0.15,0.5,5,200,2.0,40.0,0,000043,Pedestrian,Pedestrian,20.57,76,68,True,False,True,True
distance_threshold,0.1,0.15,0.5,5,200,2.0,40.0,0,000048,Pedestrian,Pedestrian,16.89,94,93,True,True,False,True
distance_threshold,0.1,0.15,0.5,5,200,2.0,40.0,0,000048,Pedestrian,Pedestrian,17.165,101,98,True,True,False,True
distance_threshold,0.1,0.15,0.5,5,200,2.0,40.0,0,000048,Pedestrian,Pedestrian,16.576,81,81,True,True,False,True
distance_threshold,0.1,0.15,0.5,5,200,2.0,40.0,0,000048,Cyclist,Cyclist,30.423,39,39,True,True,False,True
distance_threshold,0.1,0.15,0.5,5,200,2.0,40.0,0,000049,Car,Car,21.555,161,161,True,True,False,True
distance_threshold,0.1,0.15,0.5,5,200,2.0,40.0,0,000049,Car,Car,14.348,581,574,True,True,False,True
distance_threshold,0.1,0.15,0.5,5,200,2.0,40.0,0,000049,Car,Car,22.289,109,108,True,True,False,True
distance_threshold,0.1,0.15,0.5,5,200,2.0,40.0,0,000049,Car,Car,25.201,66,66,True,True,False,True
distance_threshold,0.1,0.15,0.5,5,200,2.0,40.0,0,000049,Car,Car,32.781,19,19,True,True,False,True
distance_threshold,0.1,0.15,0.5,5,200,2.0,40.0,0,000049,Van,Car,45.861,0,0,False,False,False,False
distance_threshold,0.1,0.15,0.5,5,200,2.0,40.0,0,000049,Pedestrian,Pedestrian,5.464,236,236,True,False,True,True
distance_threshold,0.1,0.15,0.5,5,200,2.0,40.0,0,000049,Car,Car,10.398,310,309,True,True,False,True
distance_threshold,0.1,0.15,0.5,5,200,2.0,40.0,0,000049,Car,Car,15.444,315,315,True,True,False,True
distance_threshold,0.1,0.15,0.5,5,200,2.0,40.0,0,000049,Car,Car,20.644,216,209,True,True,False,True
distance_threshold,0.1,0.15,0.5,5,200,2.0,40.0,0,000049,Pedestrian,Pedestrian,32.79,41,36,True,True,False,True
distance_threshold,0.1,0.15,0.5,5,200,2.0,40.0,0,000049,Car,Car,33.246,75,75,True,True,False,True
distance_threshold,0.1,0.15,0.5,5,200,2.0,40.0,0,000049,Car,Car,14.422,297,297,True,True,False,True
distance_threshold,0.1,0.15,0.5,5,200,2.0,40.0,0,000049,Car,Car,19.022,265,264,True,True,False,True
distance_threshold,0.1,0.15,0.5,5,200,2.0,40.0,0,000049,Car,Car,35.674,9,9,False,True,False,True
distance_threshold,0.1,0.15,0.5,5,200,2.0,40.0,0,000049,Car,Car,23.202,25,25,True,True,False,True
distance_threshold,0.1,0.15,0.5,5,200,2.0,40.0,0,000049,Van,Car,35.571,266,266,True,True,False,True
distance_threshold,0.1,0.15,0.5,5,200,2.0,40.0,0,000049,Car,Car,22.381,54,54,True,True,False,True
distance_threshold,0.1,0.15,0.5,5,200,2.0,40.0,0,000061,Van,Car,18.81,634,634,True,False,True,True
distance_threshold,0.1,0.15,0.5,5,200,2.0,40.0,0,000061,Car,Car,14.653,275,201,True,False,True,True
distance_threshold,0.1,0.15,0.5,5,200,2.0,40.0,0,000061,Car,Car,40.91,3,3,False,False,False,False
distance_threshold,0.1,0.15,0.5,5,200,2.0,40.0,0,000061,Car,Car,21.145,112,90,True,False,True,True
distance_threshold,0.1,0.15,0.5,5,200,2.0,40.0,0,000061,Misc,,37.185,86,86,False,True,False,True
distance_threshold,0.1,0.15,0.5,5,200,2.0,40.0,0,000061,Van,Car,43.673,0,0,False,False,False,False
distance_threshold,0.1,0.2,0.5,5,200,2.0,40.0,0,000001,Truck,Car,69.442,0,0,False,False,False,False
distance_threshold,0.1,0.2,0.5,5,200,2.0,40.0,0,000001,Car,Car,60.781,0,0,False,False,False,False
distance_threshold,0.1,0.2,0.5,5,200,2.0,40.0,0,000001,Cyclist,Cyclist,46.069,0,0,False,False,False,False
distance_threshold,0.1,0.2,0.5,5,200,2.0,40.0,0,000004,Car,Car,41.36,17,17,False,True,False,True
distance_threshold,0.1,0.2,0.5,5,200,2.0,40.0,0,000004,Car,Car,53.58,0,0,False,False,False,False
distance_threshold,0.1,0.2,0.5,5,200,2.0,40.0,0,000007,Car,Car,25.02,140,125,True,True,False,True
distance_threshold,0.1,0.2,0.5,5,200,2.0,40.0,0,000007,Car,Car,48.127,0,0,False,False,False,False
distance_threshold,0.1,0.2,0.5,5,200,2.0,40.0,0,000007,Car,Car,60.703,0,0,False,False,False,False
distance_threshold,0.1,0.2,0.5,5,200,2.0,40.0,0,000007,Cyclist,Cyclist,36.354,25,24,True,True,False,True
distance_threshold,0.1,0.2,0.5,5,200,2.0,40.0,0,000008,Car,Car,4.564,948,903,True,False,True,True
distance_threshold,0.1,0.2,0.5,5,200,2.0,40.0,0,000008,Car,Car,7.947,652,652,True,True,False,True
distance_threshold,0.1,0.2,0.5,5,200,2.0,40.0,0,000008,Car,Car,7.235,304,296,True,True,False,True
distance_threshold,0.1,0.2,0.5,5,200,2.0,40.0,0,000008,Car,Car,14.48,402,402,True,True,False,True
distance_threshold,0.1,0.2,0.5,5,200,2.0,40.0,0,000008,Car,Car,33.98,42,42,True,False,True,True
distance_threshold,0.1,0.2,0.5,5,200,2.0,40.0,0,000008,Car,Car,21.687,155,131,True,True,False,True
distance_threshold,0.1,0.2,0.5,5,200,2.0,40.0,0,000009,Car,Car,23.89,148,134,True,True,False,True
distance_threshold,0.1,0.2,0.5,5,200,2.0,40.0,0,000009,Car,Car,66.37,0,0,False,False,False,False
distance_threshold,0.1,0.2,0.5,5,200,2.0,40.0,0,000009,Car,Car,68.285,0,0,False,False,False,False
distance_threshold,0.1,0.2,0.5,5,200,2.0,40.0,0,000010,Car,Car,6.831,511,390,True,False,True,True
distance_threshold,0.1,0.2,0.5,5,200,2.0,40.0,0,000010,Car,Car,12.04,560,560,True,False,True,True
distance_threshold,0.1,0.2,0.5,5,200,2.0,40.0,0,000010,Pedestrian,Pedestrian,24.942,19,19,True,True,False,True
distance_threshold,0.1,0.2,0.5,5,200,2.0,40.0,0,000010,Car,Car,17.506,228,186,True,True,False,True
distance_threshold,0.1,0.2,0.5,5,200,2.0,40.0,0,000010,Car,Car,23.095,45,33,True,True,False,True
distance_threshold,0.1,0.2,0.5,5,200,2.0,40.0,0,000010,Car,Car,23.643,176,173,True,True,False,True
distance_threshold,0.1,0.2,0.5,5,200,2.0,40.0,0,000010,Car,Car,29.077,50,48,True,True,False,True
distance_threshold,0.1,0.2,0.5,5,200,2.0,40.0,0,000010,Car,Car,29.598,21,12,True,True,False,False
distance_threshold,0.1,0.2,0.5,5,200,2.0,40.0,0,000010,Car,Car,43.086,0,0,False,False,False,False
distance_threshold,0.1,0.2,0.5,5,200,2.0,40.0,0,000011,Pedestrian,Pedestrian,13.411,96,91,True,True,False,True
distance_threshold,0.1,0.2,0.5,5,200,2.0,40.0,0,000011,Pedestrian,Pedestrian,14.482,18,13,True,True,False,True
distance_threshold,0.1,0.2,0.5,5,200,2.0,40.0,0,000011,Car,Car,27.096,162,133,True,True,False,True
distance_threshold,0.1,0.2,0.5,5,200,2.0,40.0,0,000011,Pedestrian,Pedestrian,34.151,39,35,True,True,False,True
distance_threshold,0.1,0.2,0.5,5,200,2.0,40.0,0,000011,Car,Car,6.578,797,730,True,True,False,True
distance_threshold,0.1,0.2,0.5,5,200,2.0,40.0,0,000011,Pedestrian,Pedestrian,17.808,59,55,True,True,False,True
distance_threshold,0.1,0.2,0.5,5,200,2.0,40.0,0,000012,Car,Car,59.083,0,0,False,False,False,False
distance_threshold,0.1,0.2,0.5,5,200,2.0,40.0,0,000012,Van,Car,66.311,0,0,False,False,False,False
distance_threshold,0.1,0.2,0.5,5,200,2.0,40.0,0,000015,Car,Car,4.937,1019,943,True,True,False,True
distance_threshold,0.1,0.2,0.5,5,200,2.0,40.0,0,000015,Pedestrian,Pedestrian,8.954,133,129,True,True,False,True
distance_threshold,0.1,0.2,0.5,5,200,2.0,40.0,0,000015,Pedestrian,Pedestrian,24.265,50,47,True,True,False,True
distance_threshold,0.1,0.2,0.5,5,200,2.0,40.0,0,000015,Pedestrian,Pedestrian,24.444,62,58,True,True,False,True
distance_threshold,0.1,0.2,0.5,5,200,2.0,40.0,0,000015,Pedestrian,Pedestrian,23.369,56,56,True,False,True,True
distance_threshold,0.1,0.2,0.5,5,200,2.0,40.0,0,000016,Car,Car,44.607,0,0,False,False,False,False
distance_threshold,0.1,0.2,0.5,5,200,2.0,40.0,0,000016,Truck,Car,28.06,1888,1771,True,True,False,True
distance_threshold,0.1,0.2,0.5,5,200,2.0,40.0,0,000016,Car,Car,33.445,59,46,True,True,False,True
distance_threshold,0.1,0.2,0.5,5,200,2.0,40.0,0,000016,Car,Car,7.076,562,461,True,True,False,True
distance_threshold,0.1,0.2,0.5,5,200,2.0,40.0,0,000016,Car,Car,47.177,0,0,False,False,False,False
distance_threshold,0.1,0.2,0.5,5,200,2.0,40.0,0,000016,Tram,Car,90.963,0,0,False,False,False,False
distance_threshold,0.1,0.2,0.5,5,200,2.0,40.0,0,000019,Truck,Car,6.314,1921,1856,True,True,False,True
distance_threshold,0.1,0.2,0.5,5,200,2.0,40.0,0,000019,Car,Car,10.126,457,408,True,True,False,True
distance_threshold,0.1,0.2,0.5,5,200,2.0,40.0,0,000019,Van,Car,35.423,95,95,True,True,False,True
distance_threshold,0.1,0.2,0.5,5,200,2.0,40.0,0,000019,Car,Car,59.714,0,0,False,False,False,False
distance_threshold,0.1,0.2,0.5,5,200,2.0,40.0,0,000021,Cyclist,Cyclist,4.174,291,213,True,False,True,True
distance_threshold,0.1,0.2,0.5,5,200,2.0,40.0,0,000021,Car,Car,13.641,491,390,True,False,True,True
distance_threshold,0.1,0.2,0.5,5,200,2.0,40.0,0,000021,Car,Car,17.779,182,142,True,True,False,True
distance_threshold,0.1,0.2,0.5,5,200,2.0,40.0,0,000021,Van,Car,23.927,761,679,True,True,False,True
distance_threshold,0.1,0.2,0.5,5,200,2.0,40.0,0,000021,Car,Car,26.482,133,89,True,True,False,True
distance_threshold,0.1,0.2,0.5,5,200,2.0,40.0,0,000021,Car,Car,26.879,94,49,True,True,False,False
distance_threshold,0.1,0.2,0.5,5,200,2.0,40.0,0,000021,Car,Car,32.609,44,35,True,True,False,True
distance_threshold,0.1,0.2,0.5,5,200,2.0,40.0,0,000021,Car,Car,31.8,28,21,True,True,False,True
distance_threshold,0.1,0.2,0.5,5,200,2.0,40.0,0,000023,Truck,Car,69.291,0,0,False,False,False,False
distance_threshold,0.1,0.2,0.5,5,200,2.0,40.0,0,000023,Car,Car,57.518,0,0,False,False,False,False
distance_threshold,0.1,0.2,0.5,5,200,2.0,40.0,0,000023,Cyclist,Cyclist,44.994,0,0,False,False,False,False
distance_threshold,0.1,0.2,0.5,5,200,2.0,40.0,0,000025,Car,Car,3.97,326,226,True,True,False,True
distance_threshold,0.1,0.2,0.5,5,200,2.0,40.0,0,000025,Car,Car,10.652,490,306,True,False,True,True
distance_threshold,0.1,0.2,0.5,5,200,2.0,40.0,0,000025,Car,Car,30.19,55,55,True,False,True,True
distance_threshold,0.1,0.2,0.5,5,200,2.0,40.0,0,000025,Car,Car,17.855,214,193,True,False,True,True
distance_threshold,0.1,0.2,0.5,5,200,2.0,40.0,0,000025,Cyclist,Cyclist,44.716,0,0,False,False,False,False
distance_threshold,0.1,0.2,0.5,5,200,2.0,40.0,0,000025,Car,Car,22.698,40,40,True,False,True,True
distance_threshold,0.1,0.2,0.5,5,200,2.0,40.0,0,000031,Car,Car,12.608,544,510,True,True,False,True
distance_threshold,0.1,0.2,0.5,5,200,2.0,40.0,0,000031,Car,Car,9.038,402,378,True,True,False,True
distance_threshold,0.1,0.2,0.5,5,200,2.0,40.0,0,000031,Car,Car,13.456,328,307,True,True,False,True
distance_threshold,0.1,0.2,0.5,5,200,2.0,40.0,0,000031,Truck,Car,22.54,306,306,True,True,False,True
distance_threshold,0.1,0.2,0.5,5,200,2.0,40.0,0,000031,Car,Car,26.549,125,110,True,True,False,True
distance_threshold,0.1,0.2,0.5,5,200,2.0,40.0,0,000031,Van,Car,51.929,0,0,False,False,False,False
distance_threshold,0.1,0.2,0.5,5,200,2.0,40.0,0,000032,Car,Car,9.653,630,623,True,True,False,True
distance_threshold,0.1,0.2,0.5,5,200,2.0,40.0,0,000032,Car,Car,9.138,520,481,True,True,False,True
distance_threshold,0.1,0.2,0.5,5,200,2.0,40.0,0,000032,Van,Car,14.807,569,558,True,True,False,True
distance_threshold,0.1,0.2,0.5,5,200,2.0,40.0,0,000032,Car,Car,13.809,259,237,True,True,False,True
distance_threshold,0.1,0.2,0.5,5,200,2.0,40.0,0,000032,Car,Car,20.174,56,53,True,True,False,True
distance_threshold,0.1,0.2,0.5,5,200,2.0,40.0,0,000032,Van,Car,25.411,530,530,True,True,False,True
distance_threshold,0.1,0.2,0.5,5,200,2.0,40.0,0,000032,Car,Car,25.844,67,67,True,True,False,True
distance_threshold,0.1,0.2,0.5,5,200,2.0,40.0,0,000032,Van,Car,44.722,0,0,False,False,False,False
distance_threshold,0.1,0.2,0.5,5,200,2.0,40.0,0,000032,Van,Car,41.091,60,60,False,True,False,True
distance_threshold,0.1,0.2,0.5,5,200,2.0,40.0,0,000032,Car,Car,45.146,0,0,False,False,False,False
distance_threshold,0.1,0.2,0.5,5,200,2.0,40.0,0,000043,Pedestrian,Pedestrian,12.751,102,96,True,True,False,True
distance_threshold,0.1,0.2,0.5,5,200,2.0,40.0,0,000043,Pedestrian,Pedestrian,12.632,100,94,True,True,False,True
distance_threshold,0.1,0.2,0.5,5,200,2.0,40.0,0,000043,Pedestrian,Pedestrian,20.65,70,61,True,False,True,True
distance_threshold,0.1,0.2,0.5,5,200,2.0,40.0,0,000043,Pedestrian,Pedestrian,20.57,76,68,True,False,True,True
distance_threshold,0.1,0.2,0.5,5,200,2.0,40.0,0,000048,Pedestrian,Pedestrian,16.89,94,91,True,True,False,True
distance_threshold,0.1,0.2,0.5,5,200,2.0,40.0,0,000048,Pedestrian,Pedestrian,17.165,101,96,True,True,False,True
distance_threshold,0.1,0.2,0.5,5,200,2.0,40.0,0,000048,Pedestrian,Pedestrian,16.576,81,81,True,True,False,True
distance_threshold,0.1,0.2,0.5,5,200,2.0,40.0,0,000048,Cyclist,Cyclist,30.423,39,36,True,True,False,True
distance_threshold,0.1,0.2,0.5,5,200,2.0,40.0,0,000049,Car,Car,21.555,161,137,True,True,False,True
distance_threshold,0.1,0.2,0.5,5,200,2.0,40.0,0,000049,Car,Car,14.348,581,542,True,True,False,True
distance_threshold,0.1,0.2,0.5,5,200,2.0,40.0,0,000049,Car,Car,22.289,109,105,True,True,False,True
distance_threshold,0.1,0.2,0.5,5,200,2.0,40.0,0,000049,Car,Car,25.201,66,66,True,True,False,True
distance_threshold,0.1,0.2,0.5,5,200,2.0,40.0,0,000049,Car,Car,32.781,19,19,True,True,False,True
distance_threshold,0.1,0.2,0.5,5,200,2.0,40.0,0,000049,Van,Car,45.861,0,0,False,False,False,False
distance_threshold,0.1,0.2,0.5,5,200,2.0,40.0,0,000049,Pedestrian,Pedestrian,5.464,236,203,True,False,True,True
distance_threshold,0.1,0.2,0.5,5,200,2.0,40.0,0,000049,Car,Car,10.398,310,251,True,True,False,True
distance_threshold,0.1,0.2,0.5,5,200,2.0,40.0,0,000049,Car,Car,15.444,315,280,True,True,False,True
distance_threshold,0.1,0.2,0.5,5,200,2.0,40.0,0,000049,Car,Car,20.644,216,200,True,True,False,True
distance_threshold,0.1,0.2,0.5,5,200,2.0,40.0,0,000049,Pedestrian,Pedestrian,32.79,41,34,True,True,False,True
distance_threshold,0.1,0.2,0.5,5,200,2.0,40.0,0,000049,Car,Car,33.246,75,74,True,True,False,True
distance_threshold,0.1,0.2,0.5,5,200,2.0,40.0,0,000049,Car,Car,14.422,297,291,True,True,False,True
distance_threshold,0.1,0.2,0.5,5,200,2.0,40.0,0,000049,Car,Car,19.022,265,248,True,True,False,True
distance_threshold,0.1,0.2,0.5,5,200,2.0,40.0,0,000049,Car,Car,35.674,9,9,False,True,False,True
distance_threshold,0.1,0.2,0.5,5,200,2.0,40.0,0,000049,Car,Car,23.202,25,25,True,True,False,True
distance_threshold,0.1,0.2,0.5,5,200,2.0,40.0,0,000049,Van,Car,35.571,266,266,True,True,False,True
distance_threshold,0.1,0.2,0.5,5,200,2.0,40.0,0,000049,Car,Car,22.381,54,54,True,True,False,True
distance_threshold,0.1,0.2,0.5,5,200,2.0,40.0,0,000061,Van,Car,18.81,634,634,True,False,True,True
distance_threshold,0.1,0.2,0.5,5,200,2.0,40.0,0,000061,Car,Car,14.653,275,220,True,True,False,True
distance_threshold,0.1,0.2,0.5,5,200,2.0,40.0,0,000061,Car,Car,40.91,3,3,False,False,False,False
distance_threshold,0.1,0.2,0.5,5,200,2.0,40.0,0,000061,Car,Car,21.145,112,78,True,True,False,True
distance_threshold,0.1,0.2,0.5,5,200,2.0,40.0,0,000061,Misc,,37.185,86,86,False,True,False,True
distance_threshold,0.1,0.2,0.5,5,200,2.0,40.0,0,000061,Van,Car,43.673,0,0,False,False,False,False
distance_threshold,0.1,0.3,0.5,5,200,2.0,40.0,0,000001,Truck,Car,69.442,0,0,False,False,False,False
distance_threshold,0.1,0.3,0.5,5,200,2.0,40.0,0,000001,Car,Car,60.781,0,0,False,False,False,False
distance_threshold,0.1,0.3,0.5,5,200,2.0,40.0,0,000001,Cyclist,Cyclist,46.069,0,0,False,False,False,False
distance_threshold,0.1,0.3,0.5,5,200,2.0,40.0,0,000004,Car,Car,41.36,17,17,False,True,False,True
distance_threshold,0.1,0.3,0.5,5,200,2.0,40.0,0,000004,Car,Car,53.58,0,0,False,False,False,False
distance_threshold,0.1,0.3,0.5,5,200,2.0,40.0,0,000007,Car,Car,25.02,140,125,True,True,False,True
distance_threshold,0.1,0.3,0.5,5,200,2.0,40.0,0,000007,Car,Car,48.127,0,0,False,False,False,False
distance_threshold,0.1,0.3,0.5,5,200,2.0,40.0,0,000007,Car,Car,60.703,0,0,False,False,False,False
distance_threshold,0.1,0.3,0.5,5,200,2.0,40.0,0,000007,Cyclist,Cyclist,36.354,25,22,True,True,False,True
distance_threshold,0.1,0.3,0.5,5,200,2.0,40.0,0,000008,Car,Car,4.564,948,795,True,True,False,True
distance_threshold,0.1,0.3,0.5,5,200,2.0,40.0,0,000008,Car,Car,7.947,652,619,True,True,False,True
distance_threshold,0.1,0.3,0.5,5,200,2.0,40.0,0,000008,Car,Car,7.235,304,259,True,True,False,True
distance_threshold,0.1,0.3,0.5,5,200,2.0,40.0,0,000008,Car,Car,14.48,402,398,True,True,False,True
distance_threshold,0.1,0.3,0.5,5,200,2.0,40.0,0,000008,Car,Car,33.98,42,42,True,False,True,True
distance_threshold,0.1,0.3,0.5,5,200,2.0,40.0,0,000008,Car,Car,21.687,155,131,True,True,False,True
distance_threshold,0.1,0.3,0.5,5,200,2.0,40.0,0,000009,Car,Car,23.89,148,113,True,True,False,True
distance_threshold,0.1,0.3,0.5,5,200,2.0,40.0,0,000009,Car,Car,66.37,0,0,False,False,False,False
distance_threshold,0.1,0.3,0.5,5,200,2.0,40.0,0,000009,Car,Car,68.285,0,0,False,False,False,False
distance_threshold,0.1,0.3,0.5,5,200,2.0,40.0,0,000010,Car,Car,6.831,511,285,True,True,False,True
distance_threshold,0.1,0.3,0.5,5,200,2.0,40.0,0,000010,Car,Car,12.04,560,451,True,True,False,True
distance_threshold,0.1,0.3,0.5,5,200,2.0,40.0,0,000010,Pedestrian,Pedestrian,24.942,19,19,True,True,False,True
distance_threshold,0.1,0.3,0.5,5,200,2.0,40.0,0,000010,Car,Car,17.506,228,160,True,True,False,True
distance_threshold,0.1,0.3,0.5,5,200,2.0,40.0,0,000010,Car,Car,23.095,45,31,True,True,False,True
distance_threshold,0.1,0.3,0.5,5,200,2.0,40.0,0,000010,Car,Car,23.643,176,147,True,True,False,True
distance_threshold,0.1,0.3,0.5,5,200,2.0,40.0,0,000010,Car,Car,29.077,50,44,True,True,False,True
distance_threshold,0.1,0.3,0.5,5,200,2.0,40.0,0,000010,Car,Car,29.598,21,12,True,True,False,False
distance_threshold,0.1,0.3,0.5,5,200,2.0,40.0,0,000010,Car,Car,43.086,0,0,False,False,False,False
distance_threshold,0.1,0.3,0.5,5,200,2.0,40.0,0,000011,Pedestrian,Pedestrian,13.411,96,81,True,True,False,True
distance_threshold,0.1,0.3,0.5,5,200,2.0,40.0,0,000011,Pedestrian,Pedestrian,14.482,18,10,True,True,False,True
distance_threshold,0.1,0.3,0.5,5,200,2.0,40.0,0,000011,Car,Car,27.096,162,129,True,True,False,True
distance_threshold,0.1,0.3,0.5,5,200,2.0,40.0,0,000011,Pedestrian,Pedestrian,34.151,39,31,True,True,False,True
distance_threshold,0.1,0.3,0.5,5,200,2.0,40.0,0,000011,Car,Car,6.578,797,671,True,True,False,True
distance_threshold,0.1,0.3,0.5,5,200,2.0,40.0,0,000011,Pedestrian,Pedestrian,17.808,59,49,True,True,False,True
distance_threshold,0.1,0.3,0.5,5,200,2.0,40.0,0,000012,Car,Car,59.083,0,0,False,False,False,False
distance_threshold,0.1,0.3,0.5,5,200,2.0,40.0,0,000012,Van,Car,66.311,0,0,False,False,False,False
distance_threshold,0.1,0.3,0.5,5,200,2.0,40.0,0,000015,Car,Car,4.937,1019,805,True,True,False,True
distance_threshold,0.1,0.3,0.5,5,200,2.0,40.0,0,000015,Pedestrian,Pedestrian,8.954,133,123,True,True,False,True
distance_threshold,0.1,0.3,0.5,5,200,2.0,40.0,0,000015,Pedestrian,Pedestrian,24.265,50,47,True,True,False,True
distance_threshold,0.1,0.3,0.5,5,200,2.0,40.0,0,000015,Pedestrian,Pedestrian,24.444,62,59,True,True,False,True
distance_threshold,0.1,0.3,0.5,5,200,2.0,40.0,0,000015,Pedestrian,Pedestrian,23.369,56,56,True,False,True,True
distance_threshold,0.1,0.3,0.5,5,200,2.0,40.0,0,000016,Car,Car,44.607,0,0,False,False,False,False
distance_threshold,0.1,0.3,0.5,5,200,2.0,40.0,0,000016,Truck,Car,28.06,1888,1677,True,True,False,True
distance_threshold,0.1,0.3,0.5,5,200,2.0,40.0,0,000016,Car,Car,33.445,59,46,True,True,False,True
distance_threshold,0.1,0.3,0.5,5,200,2.0,40.0,0,000016,Car,Car,7.076,562,369,True,True,False,True
distance_threshold,0.1,0.3,0.5,5,200,2.0,40.0,0,000016,Car,Car,47.177,0,0,False,False,False,False
distance_threshold,0.1,0.3,0.5,5,200,2.0,40.0,0,000016,Tram,Car,90.963,0,0,False,False,False,False
distance_threshold,0.1,0.3,0.5,5,200,2.0,40.0,0,000019,Truck,Car,6.314,1921,1817,True,True,False,True
distance_threshold,0.1,0.3,0.5,5,200,2.0,40.0,0,000019,Car,Car,10.126,457,409,True,True,False,True
distance_threshold,0.1,0.3,0.5,5,200,2.0,40.0,0,000019,Van,Car,35.423,95,94,True,True,False,True
distance_threshold,0.1,0.3,0.5,5,200,2.0,40.0,0,000019,Car,Car,59.714,0,0,False,False,False,False
distance_threshold,0.1,0.3,0.5,5,200,2.0,40.0,0,000021,Cyclist,Cyclist,4.174,291,184,True,True,False,True
distance_threshold,0.1,0.3,0.5,5,200,2.0,40.0,0,000021,Car,Car,13.641,491,348,True,True,False,True
distance_threshold,0.1,0.3,0.5,5,200,2.0,40.0,0,000021,Car,Car,17.779,182,130,True,True,False,True
distance_threshold,0.1,0.3,0.5,5,200,2.0,40.0,0,000021,Van,Car,23.927,761,638,True,True,False,True
distance_threshold,0.1,0.3,0.5,5,200,2.0,40.0,0,000021,Car,Car,26.482,133,59,True,True,False,False
distance_threshold,0.1,0.3,0.5,5,200,2.0,40.0,0,000021,Car,Car,26.879,94,34,True,True,False,False
distance_threshold,0.1,0.3,0.5,5,200,2.0,40.0,0,000021,Car,Car,32.609,44,30,True,True,False,True
distance_threshold,0.1,0.3,0.5,5,200,2.0,40.0,0,000021,Car,Car,31.8,28,17,True,True,False,False
distance_threshold,0.1,0.3,0.5,5,200,2.0,40.0,0,000023,Truck,Car,69.291,0,0,False,False,False,False
distance_threshold,0.1,0.3,0.5,5,200,2.0,40.0,0,000023,Car,Car,57.518,0,0,False,False,False,False
distance_threshold,0.1,0.3,0.5,5,200,2.0,40.0,0,000023,Cyclist,Cyclist,44.994,0,0,False,False,False,False
distance_threshold,0.1,0.3,0.5,5,200,2.0,40.0,0,000025,Car,Car,3.97,326,161,True,True,False,False
distance_threshold,0.1,0.3,0.5,5,200,2.0,40.0,0,000025,Car,Car,10.652,490,239,True,True,False,False
distance_threshold,0.1,0.3,0.5,5,200,2.0,40.0,0,000025,Car,Car,30.19,55,55,True,False,True,True
distance_threshold,0.1,0.3,0.5,5,200,2.0,40.0,0,000025,Car,Car,17.855,214,181,True,False,True,True
distance_threshold,0.1,0.3,0.5,5,200,2.0,40.0,0,000025,Cyclist,Cyclist,44.716,0,0,False,False,False,False
distance_threshold,0.1,0.3,0.5,5,200,2.0,40.0,0,000025,Car,Car,22.698,40,40,True,False,True,True
distance_threshold,0.1,0.3,0.5,5,200,2.0,40.0,0,000031,Car,Car,12.608,544,475,True,True,False,True
distance_threshold,0.1,0.3,0.5,5,200,2.0,40.0,0,000031,Car,Car,9.038,402,334,True,True,False,True
distance_threshold,0.1,0.3,0.5,5,200,2.0,40.0,0,000031,Car,Car,13.456,328,283,True,True,False,True
distance_threshold,0.1,0.3,0.5,5,200,2.0,40.0,0,000031,Truck,Car,22.54,306,306,True,True,False,True
distance_threshold,0.1,0.3,0.5,5,200,2.0,40.0,0,000031,Car,Car,26.549,125,104,True,True,False,True
distance_threshold,0.1,0.3,0.5,5,200,2.0,40.0,0,000031,Van,Car,51.929,0,0,False,False,False,False
distance_threshold,0.1,0.3,0.5,5,200,2.0,40.0,0,000032,Car,Car,9.653,630,525,True,True,False,True
distance_threshold,0.1,0.3,0.5,5,200,2.0,40.0,0,000032,Car,Car,9.138,520,403,True,True,False,True
distance_threshold,0.1,0.3,0.5,5,200,2.0,40.0,0,000032,Van,Car,14.807,569,520,True,True,False,True
distance_threshold,0.1,0.3,0.5,5,200,2.0,40.0,0,000032,Car,Car,13.809,259,197,True,True,False,True
distance_threshold,0.1,0.3,0.5,5,200,2.0,40.0,0,000032,Car,Car,20.174,56,51,True,True,False,True
distance_threshold,0.1,0.3,0.5,5,200,2.0,40.0,0,000032,Van,Car,25.411,530,530,True,True,False,True
distance_threshold,0.1,0.3,0.5,5,200,2.0,40.0,0,000032,Car,Car,25.844,67,67,True,True,False,True
distance_threshold,0.1,0.3,0.5,5,200,2.0,40.0,0,000032,Van,Car,44.722,0,0,False,False,False,False
distance_threshold,0.1,0.3,0.5,5,200,2.0,40.0,0,000032,Van,Car,41.091,60,60,False,True,False,True
distance_threshold,0.1,0.3,0.5,5,200,2.0,40.0,0,000032,Car,Car,45.146,0,0,False,False,False,False
distance_threshold,0.1,0.3,0.5,5,200,2.0,40.0,0,000043,Pedestrian,Pedestrian,12.751,102,87,True,True,False,True
distance_threshold,0.1,0.3,0.5,5,200,2.0,40.0,0,000043,Pedestrian,Pedestrian,12.632,100,81,True,True,False,True
distance_threshold,0.1,0.3,0.5,5,200,2.0,40.0,0,000043,Pedestrian,Pedestrian,20.65,70,49,True,True,False,True
distance_threshold,0.1,0.3,0.5,5,200,2.0,40.0,0,000043,Pedestrian,Pedestrian,20.57,76,55,True,True,False,True
distance_threshold,0.1,0.3,0.5,5,200,2.0,40.0,0,000048,Pedestrian,Pedestrian,16.89,94,82,True,True,False,True
distance_threshold,0.1,0.3,0.5,5,200,2.0,40.0,0,000048,Pedestrian,Pedestrian,17.165,101,85,True,True,False,True
distance_threshold,0.1,0.3,0.5,5,200,2.0,40.0,0,000048,Pedestrian,Pedestrian,16.576,81,72,True,True,False,True
distance_threshold,0.1,0.3,0.5,5,200,2.0,40.0,0,000048,Cyclist,Cyclist,30.423,39,28,True,True,False,True
distance_threshold,0.1,0.3,0.5,5,200,2.0,40.0,0,000049,Car,Car,21.555,161,136,True,True,False,True
distance_threshold,0.1,0.3,0.5,5,200,2.0,40.0,0,000049,Car,Car,14.348,581,486,True,True,False,True
distance_threshold,0.1,0.3,0.5,5,200,2.0,40.0,0,000049,Car,Car,22.289,109,103,True,True,False,True
distance_threshold,0.1,0.3,0.5,5,200,2.0,40.0,0,000049,Car,Car,25.201,66,61,True,True,False,True
distance_threshold,0.1,0.3,0.5,5,200,2.0,40.0,0,000049,Car,Car,32.781,19,19,True,True,False,True
distance_threshold,0.1,0.3,0.5,5,200,2.0,40.0,0,000049,Van,Car,45.861,0,0,False,False,False,False
distance_threshold,0.1,0.3,0.5,5,200,2.0,40.0,0,000049,Pedestrian,Pedestrian,5.464,236,185,True,False,True,True
distance_threshold,0.1,0.3,0.5,5,200,2.0,40.0,0,000049,Car,Car,10.398,310,218,True,True,False,True
distance_threshold,0.1,0.3,0.5,5,200,2.0,40.0,0,000049,Car,Car,15.444,315,258,True,True,False,True
distance_threshold,0.1,0.3,0.5,5,200,2.0,40.0,0,000049,Car,Car,20.644,216,188,True,True,False,True
distance_threshold,0.1,0.3,0.5,5,200,2.0,40.0,0,000049,Pedestrian,Pedestrian,32.79,41,30,True,True,False,True
distance_threshold,0.1,0.3,0.5,5,200,2.0,40.0,0,000049,Car,Car,33.246,75,74,True,True,False,True
distance_threshold,0.1,0.3,0.5,5,200,2.0,40.0,0,000049,Car,Car,14.422,297,274,True,True,False,True
distance_threshold,0.1,0.3,0.5,5,200,2.0,40.0,0,000049,Car,Car,19.022,265,230,True,True,False,True
distance_threshold,0.1,0.3,0.5,5,200,2.0,40.0,0,000049,Car,Car,35.674,9,9,False,True,False,True
distance_threshold,0.1,0.3,0.5,5,200,2.0,40.0,0,000049,Car,Car,23.202,25,25,True,True,False,True
distance_threshold,0.1,0.3,0.5,5,200,2.0,40.0,0,000049,Van,Car,35.571,266,266,True,True,False,True
distance_threshold,0.1,0.3,0.5,5,200,2.0,40.0,0,000049,Car,Car,22.381,54,54,True,True,False,True
distance_threshold,0.1,0.3,0.5,5,200,2.0,40.0,0,000061,Van,Car,18.81,634,601,True,True,False,True
distance_threshold,0.1,0.3,0.5,5,200,2.0,40.0,0,000061,Car,Car,14.653,275,183,True,True,False,True
distance_threshold,0.1,0.3,0.5,5,200,2.0,40.0,0,000061,Car,Car,40.91,3,3,False,False,False,False
distance_threshold,0.1,0.3,0.5,5,200,2.0,40.0,0,000061,Car,Car,21.145,112,60,True,True,False,True
distance_threshold,0.1,0.3,0.5,5,200,2.0,40.0,0,000061,Misc,,37.185,86,86,False,True,False,True
distance_threshold,0.1,0.3,0.5,5,200,2.0,40.0,0,000061,Van,Car,43.673,0,0,False,False,False,False
distance_threshold,0.1,0.5,0.5,5,200,2.0,40.0,0,000001,Truck,Car,69.442,0,0,False,False,False,False
distance_threshold,0.1,0.5,0.5,5,200,2.0,40.0,0,000001,Car,Car,60.781,0,0,False,False,False,False
distance_threshold,0.1,0.5,0.5,5,200,2.0,40.0,0,000001,Cyclist,Cyclist,46.069,0,0,False,False,False,False
distance_threshold,0.1,0.5,0.5,5,200,2.0,40.0,0,000004,Car,Car,41.36,17,10,False,True,False,True
distance_threshold,0.1,0.5,0.5,5,200,2.0,40.0,0,000004,Car,Car,53.58,0,0,False,False,False,False
distance_threshold,0.1,0.5,0.5,5,200,2.0,40.0,0,000007,Car,Car,25.02,140,107,True,True,False,True
distance_threshold,0.1,0.5,0.5,5,200,2.0,40.0,0,000007,Car,Car,48.127,0,0,False,False,False,False
distance_threshold,0.1,0.5,0.5,5,200,2.0,40.0,0,000007,Car,Car,60.703,0,0,False,False,False,False
distance_threshold,0.1,0.5,0.5,5,200,2.0,40.0,0,000007,Cyclist,Cyclist,36.354,25,18,True,True,False,True
distance_threshold,0.1,0.5,0.5,5,200,2.0,40.0,0,000008,Car,Car,4.564,948,286,True,True,False,False
distance_threshold,0.1,0.5,0.5,5,200,2.0,40.0,0,000008,Car,Car,7.947,652,113,True,True,False,False
distance_threshold,0.1,0.5,0.5,5,200,2.0,40.0,0,000008,Car,Car,7.235,304,64,True,True,False,False
distance_threshold,0.1,0.5,0.5,5,200,2.0,40.0,0,000008,Car,Car,14.48,402,83,True,True,False,False
distance_threshold,0.1,0.5,0.5,5,200,2.0,40.0,0,000008,Car,Car,33.98,42,40,True,True,False,True
distance_threshold,0.1,0.5,0.5,5,200,2.0,40.0,0,000008,Car,Car,21.687,155,91,True,True,False,True
distance_threshold,0.1,0.5,0.5,5,200,2.0,40.0,0,000009,Car,Car,23.89,148,79,True,True,False,False
distance_threshold,0.1,0.5,0.5,5,200,2.0,40.0,0,000009,Car,Car,66.37,0,0,False,False,False,False
distance_threshold,0.1,0.5,0.5,5,200,2.0,40.0,0,000009,Car,Car,68.285,0,0,False,False,False,False
distance_threshold,0.1,0.5,0.5,5,200,2.0,40.0,0,000010,Car,Car,6.831,511,151,True,True,False,False
distance_threshold,0.1,0.5,0.5,5,200,2.0,40.0,0,000010,Car,Car,12.04,560,214,True,True,False,False
distance_threshold,0.1,0.5,0.5,5,200,2.0,40.0,0,000010,Pedestrian,Pedestrian,24.942,19,19,True,True,False,True
distance_threshold,0.1,0.5,0.5,5,200,2.0,40.0,0,000010,Car,Car,17.506,228,91,True,True,False,False
distance_threshold,0.1,0.5,0.5,5,200,2.0,40.0,0,000010,Car,Car,23.095,45,20,True,True,False,False
distance_threshold,0.1,0.5,0.5,5,200,2.0,40.0,0,000010,Car,Car,23.643,176,55,True,True,False,False
distance_threshold,0.1,0.5,0.5,5,200,2.0,40.0,0,000010,Car,Car,29.077,50,17,True,True,False,False
distance_threshold,0.1,0.5,0.5,5,200,2.0,40.0,0,000010,Car,Car,29.598,21,5,True,True,False,False
distance_threshold,0.1,0.5,0.5,5,200,2.0,40.0,0,000010,Car,Car,43.086,0,0,False,False,False,False
distance_threshold,0.1,0.5,0.5,5,200,2.0,40.0,0,000011,Pedestrian,Pedestrian,13.411,96,65,True,True,False,True
distance_threshold,0.1,0.5,0.5,5,200,2.0,40.0,0,000011,Pedestrian,Pedestrian,14.482,18,6,True,False,True,False
distance_threshold,0.1,0.5,0.5,5,200,2.0,40.0,0,000011,Car,Car,27.096,162,131,True,True,False,True
distance_threshold,0.1,0.5,0.5,5,200,2.0,40.0,0,000011,Pedestrian,Pedestrian,34.151,39,31,True,True,False,True
distance_threshold,0.1,0.5,0.5,5,200,2.0,40.0,0,000011,Car,Car,6.578,797,518,True,True,False,True
distance_threshold,0.1,0.5,0.5,5,200,2.0,40.0,0,000011,Pedestrian,Pedestrian,17.808,59,49,True,True,False,True
distance_threshold,0.1,0.5,0.5,5,200,2.0,40.0,0,000012,Car,Car,59.083,0,0,False,False,False,False
distance_threshold,0.1,0.5,0.5,5,200,2.0,40.0,0,000012,Van,Car,66.311,0,0,False,False,False,False
distance_threshold,0.1,0.5,0.5,5,200,2.0,40.0,0,000015,Car,Car,4.937,1019,635,True,True,False,True
distance_threshold,0.1,0.5,0.5,5,200,2.0,40.0,0,000015,Pedestrian,Pedestrian,8.954,133,100,True,True,False,True
distance_threshold,0.1,0.5,0.5,5,200,2.0,40.0,0,000015,Pedestrian,Pedestrian,24.265,50,42,True,True,False,True
distance_threshold,0.1,0.5,0.5,5,200,2.0,40.0,0,000015,Pedestrian,Pedestrian,24.444,62,54,True,True,False,True
distance_threshold,0.1,0.5,0.5,5,200,2.0,40.0,0,000015,Pedestrian,Pedestrian,23.369,56,53,True,False,True,True
distance_threshold,0.1,0.5,0.5,5,200,2.0,40.0,0,000016,Car,Car,44.607,0,0,False,False,False,False
distance_threshold,0.1,0.5,0.5,5,200,2.0,40.0,0,000016,Truck,Car,28.06,1888,1335,True,True,False,True
distance_threshold,0.1,0.5,0.5,5,200,2.0,40.0,0,000016,Car,Car,33.445,59,17,True,True,False,False
distance_threshold,0.1,0.5,0.5,5,200,2.0,40.0,0,000016,Car,Car,7.076,562,175,True,True,False,False
distance_threshold,0.1,0.5,0.5,5,200,2.0,40.0,0,000016,Car,Car,47.177,0,0,False,False,False,False
distance_threshold,0.1,0.5,0.5,5,200,2.0,40.0,0,000016,Tram,Car,90.963,0,0,False,False,False,False
distance_threshold,0.1,0.5,0.5,5,200,2.0,40.0,0,000019,Truck,Car,6.314,1921,1499,True,True,False,True
distance_threshold,0.1,0.5,0.5,5,200,2.0,40.0,0,000019,Car,Car,10.126,457,266,True,True,False,True
distance_threshold,0.1,0.5,0.5,5,200,2.0,40.0,0,000019,Van,Car,35.423,95,95,True,True,False,True
distance_threshold,0.1,0.5,0.5,5,200,2.0,40.0,0,000019,Car,Car,59.714,0,0,False,False,False,False
distance_threshold,0.1,0.5,0.5,5,200,2.0,40.0,0,000021,Cyclist,Cyclist,4.174,291,85,True,True,False,False
distance_threshold,0.1,0.5,0.5,5,200,2.0,40.0,0,000021,Car,Car,13.641,491,86,True,True,False,False
distance_threshold,0.1,0.5,0.5,5,200,2.0,40.0,0,000021,Car,Car,17.779,182,101,True,True,False,True
distance_threshold,0.1,0.5,0.5,5,200,2.0,40.0,0,000021,Van,Car,23.927,761,574,True,True,False,True
distance_threshold,0.1,0.5,0.5,5,200,2.0,40.0,0,000021,Car,Car,26.482,133,24,True,True,False,False
distance_threshold,0.1,0.5,0.5,5,200,2.0,40.0,0,000021,Car,Car,26.879,94,14,True,True,False,False
distance_threshold,0.1,0.5,0.5,5,200,2.0,40.0,0,000021,Car,Car,32.609,44,21,True,True,False,False
distance_threshold,0.1,0.5,0.5,5,200,2.0,40.0,0,000021,Car,Car,31.8,28,11,True,True,False,False
distance_threshold,0.1,0.5,0.5,5,200,2.0,40.0,0,000023,Truck,Car,69.291,0,0,False,False,False,False
distance_threshold,0.1,0.5,0.5,5,200,2.0,40.0,0,000023,Car,Car,57.518,0,0,False,False,False,False
distance_threshold,0.1,0.5,0.5,5,200,2.0,40.0,0,000023,Cyclist,Cyclist,44.994,0,0,False,False,False,False
distance_threshold,0.1,0.5,0.5,5,200,2.0,40.0,0,000025,Car,Car,3.97,326,66,True,False,True,False
distance_threshold,0.1,0.5,0.5,5,200,2.0,40.0,0,000025,Car,Car,10.652,490,105,True,False,True,False
distance_threshold,0.1,0.5,0.5,5,200,2.0,40.0,0,000025,Car,Car,30.19,55,53,True,False,True,True
distance_threshold,0.1,0.5,0.5,5,200,2.0,40.0,0,000025,Car,Car,17.855,214,171,True,False,True,True
distance_threshold,0.1,0.5,0.5,5,200,2.0,40.0,0,000025,Cyclist,Cyclist,44.716,0,0,False,False,False,False
distance_threshold,0.1,0.5,0.5,5,200,2.0,40.0,0,000025,Car,Car,22.698,40,40,True,False,True,True
distance_threshold,0.1,0.5,0.5,5,200,2.0,40.0,0,000031,Car,Car,12.608,544,283,True,True,False,True
distance_threshold,0.1,0.5,0.5,5,200,2.0,40.0,0,000031,Car,Car,9.038,402,150,True,True,False,False
distance_threshold,0.1,0.5,0.5,5,200,2.0,40.0,0,000031,Car,Car,13.456,328,115,True,True,False,False
distance_threshold,0.1,0.5,0.5,5,200,2.0,40.0,0,000031,Truck,Car,22.54,306,264,True,True,False,True
distance_threshold,0.1,0.5,0.5,5,200,2.0,40.0,0,000031,Car,Car,26.549,125,19,True,True,False,False
distance_threshold,0.1,0.5,0.5,5,200,2.0,40.0,0,000031,Van,Car,51.929,0,0,False,False,False,False
distance_threshold,0.1,0.5,0.5,5,200,2.0,40.0,0,000032,Car,Car,9.653,630,344,True,True,False,True
distance_threshold,0.1,0.5,0.5,5,200,2.0,40.0,0,000032,Car,Car,9.138,520,241,True,True,False,False
distance_threshold,0.1,0.5,0.5,5,200,2.0,40.0,0,000032,Van,Car,14.807,569,466,True,True,False,True
distance_threshold,0.1,0.5,0.5,5,200,2.0,40.0,0,000032,Car,Car,13.809,259,168,True,True,False,True
distance_threshold,0.1,0.5,0.5,5,200,2.0,40.0,0,000032,Car,Car,20.174,56,51,True,True,False,True
distance_threshold,0.1,0.5,0.5,5,200,2.0,40.0,0,000032,Van,Car,25.411,530,530,True,True,False,True
distance_threshold,0.1,0.5,0.5,5,200,2.0,40.0,0,000032,Car,Car,25.844,67,67,True,True,False,True
distance_threshold,0.1,0.5,0.5,5,200,2.0,40.0,0,000032,Van,Car,44.722,0,0,False,False,False,False
distance_threshold,0.1,0.5,0.5,5,200,2.0,40.0,0,000032,Van,Car,41.091,60,60,False,True,False,True
distance_threshold,0.1,0.5,0.5,5,200,2.0,40.0,0,000032,Car,Car,45.146,0,0,False,False,False,False
distance_threshold,0.1,0.5,0.5,5,200,2.0,40.0,0,000043,Pedestrian,Pedestrian,12.751,102,50,True,True,False,False
distance_threshold,0.1,0.5,0.5,5,200,2.0,40.0,0,000043,Pedestrian,Pedestrian,12.632,100,48,True,True,False,False
distance_threshold,0.1,0.5,0.5,5,200,2.0,40.0,0,000043,Pedestrian,Pedestrian,20.65,70,35,True,False,True,True
distance_threshold,0.1,0.5,0.5,5,200,2.0,40.0,0,000043,Pedestrian,Pedestrian,20.57,76,44,True,True,False,True
distance_threshold,0.1,0.5,0.5,5,200,2.0,40.0,0,000048,Pedestrian,Pedestrian,16.89,94,62,True,True,False,True
distance_threshold,0.1,0.5,0.5,5,200,2.0,40.0,0,000048,Pedestrian,Pedestrian,17.165,101,59,True,True,False,True
distance_threshold,0.1,0.5,0.5,5,200,2.0,40.0,0,000048,Pedestrian,Pedestrian,16.576,81,52,True,True,False,True
distance_threshold,0.1,0.5,0.5,5,200,2.0,40.0,0,000048,Cyclist,Cyclist,30.423,39,23,True,True,False,True
distance_threshold,0.1,0.5,0.5,5,200,2.0,40.0,0,000049,Car,Car,21.555,161,39,True,True,False,False
distance_threshold,0.1,0.5,0.5,5,200,2.0,40.0,0,000049,Car,Car,14.348,581,107,True,True,False,False
distance_threshold,0.1,0.5,0.5,5,200,2.0,40.0,0,000049,Car,Car,22.289,109,19,True,True,False,False
distance_threshold,0.1,0.5,0.5,5,200,2.0,40.0,0,000049,Car,Car,25.201,66,19,True,True,False,False
distance_threshold,0.1,0.5,0.5,5,200,2.0,40.0,0,000049,Car,Car,32.781,19,0,True,False,False,False
distance_threshold,0.1,0.5,0.5,5,200,2.0,40.0,0,000049,Van,Car,45.861,0,0,False,False,False,False
distance_threshold,0.1,0.5,0.5,5,200,2.0,40.0,0,000049,Pedestrian,Pedestrian,5.464,236,74,True,False,True,False
distance_threshold,0.1,0.5,0.5,5,200,2.0,40.0,0,000049,Car,Car,10.398,310,97,True,True,False,False
distance_threshold,0.1,0.5,0.5,5,200,2.0,40.0,0,000049,Car,Car,15.444,315,60,True,True,False,False
distance_threshold,0.1,0.5,0.5,5,200,2.0,40.0,0,000049,Car,Car,20.644,216,87,True,True,False,False
distance_threshold,0.1,0.5,0.5,5,200,2.0,40.0,0,000049,Pedestrian,Pedestrian,32.79,41,16,True,True,False,False
distance_threshold,0.1,0.5,0.5,5,200,2.0,40.0,0,000049,Car,Car,33.246,75,24,True,True,False,False
distance_threshold,0.1,0.5,0.5,5,200,2.0,40.0,0,000049,Car,Car,14.422,297,46,True,True,False,False
distance_threshold,0.1,0.5,0.5,5,200,2.0,40.0,0,000049,Car,Car,19.022,265,39,True,True,False,False
distance_threshold,0.1,0.5,0.5,5,200,2.0,40.0,0,000049,Car,Car,35.674,9,0,False,False,False,False
distance_threshold,0.1,0.5,0.5,5,200,2.0,40.0,0,000049,Car,Car,23.202,25,16,True,True,False,True
distance_threshold,0.1,0.5,0.5,5,200,2.0,40.0,0,000049,Van,Car,35.571,266,186,True,True,False,True
distance_threshold,0.1,0.5,0.5,5,200,2.0,40.0,0,000049,Car,Car,22.381,54,16,True,True,False,False
distance_threshold,0.1,0.5,0.5,5,200,2.0,40.0,0,000061,Van,Car,18.81,634,487,True,True,False,True
distance_threshold,0.1,0.5,0.5,5,200,2.0,40.0,0,000061,Car,Car,14.653,275,113,True,True,False,False
distance_threshold,0.1,0.5,0.5,5,200,2.0,40.0,0,000061,Car,Car,40.91,3,3,False,False,False,False
distance_threshold,0.1,0.5,0.5,5,200,2.0,40.0,0,000061,Car,Car,21.145,112,23,True,True,False,False
distance_threshold,0.1,0.5,0.5,5,200,2.0,40.0,0,000061,Misc,,37.185,86,86,False,True,False,True
distance_threshold,0.1,0.5,0.5,5,200,2.0,40.0,0,000061,Van,Car,43.673,0,0,False,False,False,False
voxel_size,0.05,0.15,0.5,5,200,2.0,40.0,0,000001,Truck,Car,69.442,0,0,False,False,False,False
voxel_size,0.05,0.15,0.5,5,200,2.0,40.0,0,000001,Car,Car,60.781,0,0,False,False,False,False
voxel_size,0.05,0.15,0.5,5,200,2.0,40.0,0,000001,Cyclist,Cyclist,46.069,0,0,False,False,False,False
voxel_size,0.05,0.15,0.5,5,200,2.0,40.0,0,000004,Car,Car,41.36,17,17,False,True,False,True
voxel_size,0.05,0.15,0.5,5,200,2.0,40.0,0,000004,Car,Car,53.58,0,0,False,False,False,False
voxel_size,0.05,0.15,0.5,5,200,2.0,40.0,0,000007,Car,Car,25.02,170,170,True,True,False,True
voxel_size,0.05,0.15,0.5,5,200,2.0,40.0,0,000007,Car,Car,48.127,0,0,False,False,False,False
voxel_size,0.05,0.15,0.5,5,200,2.0,40.0,0,000007,Car,Car,60.703,0,0,False,False,False,False
voxel_size,0.05,0.15,0.5,5,200,2.0,40.0,0,000007,Cyclist,Cyclist,36.354,25,25,True,True,False,True
voxel_size,0.05,0.15,0.5,5,200,2.0,40.0,0,000008,Car,Car,4.564,2660,2559,True,True,False,True
voxel_size,0.05,0.15,0.5,5,200,2.0,40.0,0,000008,Car,Car,7.947,1189,1189,True,True,False,True
voxel_size,0.05,0.15,0.5,5,200,2.0,40.0,0,000008,Car,Car,7.235,612,583,True,True,False,True
voxel_size,0.05,0.15,0.5,5,200,2.0,40.0,0,000008,Car,Car,14.48,582,582,True,True,False,True
voxel_size,0.05,0.15,0.5,5,200,2.0,40.0,0,000008,Car,Car,33.98,43,41,True,True,False,True
voxel_size,0.05,0.15,0.5,5,200,2.0,40.0,0,000008,Car,Car,21.687,199,168,True,True,False,True
voxel_size,0.05,0.15,0.5,5,200,2.0,40.0,0,000009,Car,Car,23.89,185,168,True,True,False,True
voxel_size,0.05,0.15,0.5,5,200,2.0,40.0,0,000009,Car,Car,66.37,0,0,False,False,False,False
voxel_size,0.05,0.15,0.5,5,200,2.0,40.0,0,000009,Car,Car,68.285,0,0,False,False,False,False
voxel_size,0.05,0.15,0.5,5,200,2.0,40.0,0,000010,Car,Car,6.831,1127,998,True,False,True,True
voxel_size,0.05,0.15,0.5,5,200,2.0,40.0,0,000010,Car,Car,12.04,877,877,True,False,True,True
voxel_size,0.05,0.15,0.5,5,200,2.0,40.0,0,000010,Pedestrian,Pedestrian,24.942,23,23,True,True,False,True
voxel_size,0.05,0.15,0.5,5,200,2.0,40.0,0,000010,Car,Car,17.506,321,292,True,True,False,True
voxel_size,0.05,0.15,0.5,5,200,2.0,40.0,0,000010,Car,Car,23.095,47,41,True,True,False,True
voxel_size,0.05,0.15,0.5,5,200,2.0,40.0,0,000010,Car,Car,23.643,205,204,True,True,False,True
voxel_size,0.05,0.15,0.5,5,200,2.0,40.0,0,000010,Car,Car,29.077,50,50,True,True,False,True
voxel_size,0.05,0.15,0.5,5,200,2.0,40.0,0,000010,Car,Car,29.598,22,18,True,True,False,True
voxel_size,0.05,0.15,0.5,5,200,2.0,40.0,0,000010,Car,Car,43.086,0,0,False,False,False,False
voxel_size,0.05,0.15,0.5,5,200,2.0,40.0,0,000011,Pedestrian,Pedestrian,13.411,144,140,True,True,False,True
voxel_size,0.05,0.15,0.5,5,200,2.0,40.0,0,000011,Pedestrian,Pedestrian,14.482,22,18,True,True,False,True
voxel_size,0.05,0.15,0.5,5,200,2.0,40.0,0,000011,Car,Car,27.096,176,164,True,True,False,True
voxel_size,0.05,0.15,0.5,5,200,2.0,40.0,0,000011,Pedestrian,Pedestrian,34.151,40,36,True,True,False,True
voxel_size,0.05,0.15,0.5,5,200,2.0,40.0,0,000011,Car,Car,6.578,1875,1795,True,True,False,True
voxel_size,0.05,0.15,0.5,5,200,2.0,40.0,0,000011,Pedestrian,Pedestrian,17.808,76,74,True,True,False,True
voxel_size,0.05,0.15,0.5,5,200,2.0,40.0,0,000012,Car,Car,59.083,0,0,False,False,False,False
voxel_size,0.05,0.15,0.5,5,200,2.0,40.0,0,000012,Van,Car,66.311,0,0,False,False,False,False
voxel_size,0.05,0.15,0.5,5,200,2.0,40.0,0,000015,Car,Car,4.937,2613,2605,True,True,False,True
voxel_size,0.05,0.15,0.5,5,200,2.0,40.0,0,000015,Pedestrian,Pedestrian,8.954,265,265,True,False,True,True
voxel_size,0.05,0.15,0.5,5,200,2.0,40.0,0,000015,Pedestrian,Pedestrian,24.265,56,56,True,True,False,True
voxel_size,0.05,0.15,0.5,5,200,2.0,40.0,0,000015,Pedestrian,Pedestrian,24.444,70,70,True,True,False,True
voxel_size,0.05,0.15,0.5,5,200,2.0,40.0,0,000015,Pedestrian,Pedestrian,23.369,63,63,True,False,True,True
voxel_size,0.05,0.15,0.5,5,200,2.0,40.0,0,000016,Car,Car,44.607,0,0,False,False,False,False
voxel_size,0.05,0.15,0.5,5,200,2.0,40.0,0,000016,Truck,Car,28.06,1980,1914,True,True,False,True
voxel_size,0.05,0.15,0.5,5,200,2.0,40.0,0,000016,Car,Car,33.445,64,60,True,True,False,True
voxel_size,0.05,0.15,0.5,5,200,2.0,40.0,0,000016,Car,Car,7.076,1307,1202,True,True,False,True
voxel_size,0.05,0.15,0.5,5,200,2.0,40.0,0,000016,Car,Car,47.177,0,0,False,False,False,False
voxel_size,0.05,0.15,0.5,5,200,2.0,40.0,0,000016,Tram,Car,90.963,0,0,False,False,False,False
voxel_size,0.05,0.15,0.5,5,200,2.0,40.0,0,000019,Truck,Car,6.314,4810,4760,True,True,False,True
voxel_size,0.05,0.15,0.5,5,200,2.0,40.0,0,000019,Car,Car,10.126,827,817,True,False,True,True
voxel_size,0.05,0.15,0.5,5,200,2.0,40.0,0,000019,Van,Car,35.423,100,99,True,True,False,True
voxel_size,0.05,0.15,0.5,5,200,2.0,40.0,0,000019,Car,Car,59.714,0,0,False,False,False,False
voxel_size,0.05,0.15,0.5,5,200,2.0,40.0,0,000021,Cyclist,Cyclist,4.174,645,554,True,True,False,True
voxel_size,0.05,0.15,0.5,5,200,2.0,40.0,0,000021,Car,Car,13.641,711,661,True,False,True,True
voxel_size,0.05,0.15,0.5,5,200,2.0,40.0,0,000021,Car,Car,17.779,214,187,True,True,False,True
voxel_size,0.05,0.15,0.5,5,200,2.0,40.0,0,000021,Van,Car,23.927,934,863,True,True,False,True
voxel_size,0.05,0.15,0.5,5,200,2.0,40.0,0,000021,Car,Car,26.482,150,113,True,True,False,True
voxel_size,0.05,0.15,0.5,5,200,2.0,40.0,0,000021,Car,Car,26.879,108,73,True,True,False,True
voxel_size,0.05,0.15,0.5,5,200,2.0,40.0,0,000021,Car,Car,32.609,45,39,True,True,False,True
voxel_size,0.05,0.15,0.5,5,200,2.0,40.0,0,000021,Car,Car,31.8,29,22,True,True,False,True
voxel_size,0.05,0.15,0.5,5,200,2.0,40.0,0,000023,Truck,Car,69.291,0,0,False,False,False,False
voxel_size,0.05,0.15,0.5,5,200,2.0,40.0,0,000023,Car,Car,57.518,0,0,False,False,False,False
voxel_size,0.05,0.15,0.5,5,200,2.0,40.0,0,000023,Cyclist,Cyclist,44.994,0,0,False,False,False,False
voxel_size,0.05,0.15,0.5,5,200,2.0,40.0,0,000025,Car,Car,3.97,704,636,True,False,True,True
voxel_size,0.05,0.15,0.5,5,200,2.0,40.0,0,000025,Car,Car,10.652,875,875,True,True,False,True
voxel_size,0.05,0.15,0.5,5,200,2.0,40.0,0,000025,Car,Car,30.19,57,55,True,True,False,True
voxel_size,0.05,0.15,0.5,5,200,2.0,40.0,0,000025,Car,Car,17.855,303,232,True,False,True,True
voxel_size,0.05,0.15,0.5,5,200,2.0,40.0,0,000025,Cyclist,Cyclist,44.716,0,0,False,False,False,False
voxel_size,0.05,0.15,0.5,5,200,2.0,40.0,0,000025,Car,Car,22.698,43,33,True,True,False,True
voxel_size,0.05,0.15,0.5,5,200,2.0,40.0,0,000031,Car,Car,12.608,868,865,True,True,False,True
voxel_size,0.05,0.15,0.5,5,200,2.0,40.0,0,000031,Car,Car,9.038,695,661,True,True,False,True
voxel_size,0.05,0.15,0.5,5,200,2.0,40.0,0,000031,Car,Car,13.456,460,445,True,True,False,True
voxel_size,0.05,0.15,0.5,5,200,2.0,40.0,0,000031,Truck,Car,22.54,371,371,True,True,False,True
voxel_size,0.05,0.15,0.5,5,200,2.0,40.0,0,000031,Car,Car,26.549,146,138,True,True,False,True
voxel_size,0.05,0.15,0.5,5,200,2.0,40.0,0,000031,Van,Car,51.929,0,0,False,False,False,False
voxel_size,0.05,0.15,0.5,5,200,2.0,40.0,0,000032,Car,Car,9.653,1111,1106,True,True,False,True
voxel_size,0.05,0.15,0.5,5,200,2.0,40.0,0,000032,Car,Car,9.138,955,955,True,True,False,True
voxel_size,0.05,0.15,0.5,5,200,2.0,40.0,0,000032,Van,Car,14.807,760,748,True,True,False,True
voxel_size,0.05,0.15,0.5,5,200,2.0,40.0,0,000032,Car,Car,13.809,364,364,True,True,False,True
voxel_size,0.05,0.15,0.5,5,200,2.0,40.0,0,000032,Car,Car,20.174,69,69,True,True,False,True
voxel_size,0.05,0.15,0.5,5,200,2.0,40.0,0,000032,Van,Car,25.411,603,603,True,True,False,True
voxel_size,0.05,0.15,0.5,5,200,2.0,40.0,0,000032,Car,Car,25.844,73,73,True,True,False,True
voxel_size,0.05,0.15,0.5,5,200,2.0,40.0,0,000032,Van,Car,44.722,0,0,False,False,False,False
voxel_size,0.05,0.15,0.5,5,200,2.0,40.0,0,000032,Van,Car,41.091,61,61,False,True,False,True
voxel_size,0.05,0.15,0.5,5,200,2.0,40.0,0,000032,Car,Car,45.146,0,0,False,False,False,False
voxel_size,0.05,0.15,0.5,5,200,2.0,40.0,0,000043,Pedestrian,Pedestrian,12.751,157,152,True,True,False,True
voxel_size,0.05,0.15,0.5,5,200,2.0,40.0,0,000043,Pedestrian,Pedestrian,12.632,170,163,True,True,False,True
voxel_size,0.05,0.15,0.5,5,200,2.0,40.0,0,000043,Pedestrian,Pedestrian,20.65,82,75,True,False,True,True
voxel_size,0.05,0.15,0.5,5,200,2.0,40.0,0,000043,Pedestrian,Pedestrian,20.57,88,80,True,False,True,True
voxel_size,0.05,0.15,0.5,5,200,2.0,40.0,0,000048,Pedestrian,Pedestrian,16.89,130,123,True,True,False,True
voxel_size,0.05,0.15,0.5,5,200,2.0,40.0,0,000048,Pedestrian,Pedestrian,17.165,145,134,True,True,False,True
voxel_size,0.05,0.15,0.5,5,200,2.0,40.0,0,000048,Pedestrian,Pedestrian,16.576,110,106,True,True,False,True
voxel_size,0.05,0.15,0.5,5,200,2.0,40.0,0,000048,Cyclist,Cyclist,30.423,39,29,True,True,False,True
voxel_size,0.05,0.15,0.5,5,200,2.0,40.0,0,000049,Car,Car,21.555,204,204,True,True,False,True
voxel_size,0.05,0.15,0.5,5,200,2.0,40.0,0,000049,Car,Car,14.348,893,872,True,True,False,True
voxel_size,0.05,0.15,0.5,5,200,2.0,40.0,0,000049,Car,Car,22.289,139,136,True,True,False,True
voxel_size,0.05,0.15,0.5,5,200,2.0,40.0,0,000049,Car,Car,25.201,73,73,True,True,False,True
voxel_size,0.05,0.15,0.5,5,200,2.0,40.0,0,000049,Car,Car,32.781,20,20,True,True,False,True
voxel_size,0.05,0.15,0.5,5,200,2.0,40.0,0,000049,Van,Car,45.861,0,0,False,False,False,False
voxel_size,0.05,0.15,0.5,5,200,2.0,40.0,0,000049,Pedestrian,Pedestrian,5.464,572,556,True,False,True,True
voxel_size,0.05,0.15,0.5,5,200,2.0,40.0,0,000049,Car,Car,10.398,485,472,True,True,False,True
voxel_size,0.05,0.15,0.5,5,200,2.0,40.0,0,000049,Car,Car,15.444,421,412,True,True,False,True
voxel_size,0.05,0.15,0.5,5,200,2.0,40.0,0,000049,Car,Car,20.644,246,239,True,True,False,True
voxel_size,0.05,0.15,0.5,5,200,2.0,40.0,0,000049,Pedestrian,Pedestrian,32.79,43,35,True,True,False,True
voxel_size,0.05,0.15,0.5,5,200,2.0,40.0,0,000049,Car,Car,33.246,80,80,True,True,False,True
voxel_size,0.05,0.15,0.5,5,200,2.0,40.0,0,000049,Car,Car,14.422,450,442,True,True,False,True
voxel_size,0.05,0.15,0.5,5,200,2.0,40.0,0,000049,Car,Car,19.022,313,305,True,True,False,True
voxel_size,0.05,0.15,0.5,5,200,2.0,40.0,0,000049,Car,Car,35.674,9,9,False,True,False,True
voxel_size,0.05,0.15,0.5,5,200,2.0,40.0,0,000049,Car,Car,23.202,28,28,True,True,False,True
voxel_size,0.05,0.15,0.5,5,200,2.0,40.0,0,000049,Van,Car,35.571,275,275,True,True,False,True
voxel_size,0.05,0.15,0.5,5,200,2.0,40.0,0,000049,Car,Car,22.381,59,59,True,True,False,True
voxel_size,0.05,0.15,0.5,5,200,2.0,40.0,0,000061,Van,Car,18.81,929,929,True,False,True,True
voxel_size,0.05,0.15,0.5,5,200,2.0,40.0,0,000061,Car,Car,14.653,420,299,True,False,True,True
voxel_size,0.05,0.15,0.5,5,200,2.0,40.0,0,000061,Car,Car,40.91,3,3,False,False,False,False
voxel_size,0.05,0.15,0.5,5,200,2.0,40.0,0,000061,Car,Car,21.145,132,91,True,True,False,True
voxel_size,0.05,0.15,0.5,5,200,2.0,40.0,0,000061,Misc,,37.185,91,91,False,True,False,True
voxel_size,0.05,0.15,0.5,5,200,2.0,40.0,0,000061,Van,Car,43.673,0,0,False,False,False,False
voxel_size,0.1,0.15,0.5,5,200,2.0,40.0,0,000001,Truck,Car,69.442,0,0,False,False,False,False
voxel_size,0.1,0.15,0.5,5,200,2.0,40.0,0,000001,Car,Car,60.781,0,0,False,False,False,False
voxel_size,0.1,0.15,0.5,5,200,2.0,40.0,0,000001,Cyclist,Cyclist,46.069,0,0,False,False,False,False
voxel_size,0.1,0.15,0.5,5,200,2.0,40.0,0,000004,Car,Car,41.36,17,10,False,True,False,True
voxel_size,0.1,0.15,0.5,5,200,2.0,40.0,0,000004,Car,Car,53.58,0,0,False,False,False,False
voxel_size,0.1,0.15,0.5,5,200,2.0,40.0,0,000007,Car,Car,25.02,140,140,True,True,False,True
voxel_size,0.1,0.15,0.5,5,200,2.0,40.0,0,000007,Car,Car,48.127,0,0,False,False,False,False
voxel_size,0.1,0.15,0.5,5,200,2.0,40.0,0,000007,Car,Car,60.703,0,0,False,False,False,False
voxel_size,0.1,0.15,0.5,5,200,2.0,40.0,0,000007,Cyclist,Cyclist,36.354,25,25,True,True,False,True
voxel_size,0.1,0.15,0.5,5,200,2.0,40.0,0,000008,Car,Car,4.564,948,948,True,False,True,True
voxel_size,0.1,0.15,0.5,5,200,2.0,40.0,0,000008,Car,Car,7.947,652,652,True,False,True,True
voxel_size,0.1,0.15,0.5,5,200,2.0,40.0,0,000008,Car,Car,7.235,304,304,True,True,False,True
voxel_size,0.1,0.15,0.5,5,200,2.0,40.0,0,000008,Car,Car,14.48,402,402,True,True,False,True
voxel_size,0.1,0.15,0.5,5,200,2.0,40.0,0,000008,Car,Car,33.98,42,42,True,False,True,True
voxel_size,0.1,0.15,0.5,5,200,2.0,40.0,0,000008,Car,Car,21.687,155,132,True,True,False,True
voxel_size,0.1,0.15,0.5,5,200,2.0,40.0,0,000009,Car,Car,23.89,148,134,True,True,False,True
voxel_size,0.1,0.15,0.5,5,200,2.0,40.0,0,000009,Car,Car,66.37,0,0,False,False,False,False
voxel_size,0.1,0.15,0.5,5,200,2.0,40.0,0,000009,Car,Car,68.285,0,0,False,False,False,False
voxel_size,0.1,0.15,0.5,5,200,2.0,40.0,0,000010,Car,Car,6.831,511,415,True,False,True,True
voxel_size,0.1,0.15,0.5,5,200,2.0,40.0,0,000010,Car,Car,12.04,560,560,True,False,True,True
voxel_size,0.1,0.15,0.5,5,200,2.0,40.0,0,000010,Pedestrian,Pedestrian,24.942,19,19,True,True,False,True
voxel_size,0.1,0.15,0.5,5,200,2.0,40.0,0,000010,Car,Car,17.506,228,198,True,True,False,True
voxel_size,0.1,0.15,0.5,5,200,2.0,40.0,0,000010,Car,Car,23.095,45,37,True,True,False,True
voxel_size,0.1,0.15,0.5,5,200,2.0,40.0,0,000010,Car,Car,23.643,176,173,True,True,False,True
voxel_size,0.1,0.15,0.5,5,200,2.0,40.0,0,000010,Car,Car,29.077,50,50,True,True,False,True
voxel_size,0.1,0.15,0.5,5,200,2.0,40.0,0,000010,Car,Car,29.598,21,15,True,True,False,True
voxel_size,0.1,0.15,0.5,5,200,2.0,40.0,0,000010,Car,Car,43.086,0,0,False,False,False,False
voxel_size,0.1,0.15,0.5,5,200,2.0,40.0,0,000011,Pedestrian,Pedestrian,13.411,96,94,True,True,False,True
voxel_size,0.1,0.15,0.5,5,200,2.0,40.0,0,000011,Pedestrian,Pedestrian,14.482,18,15,True,True,False,True
voxel_size,0.1,0.15,0.5,5,200,2.0,40.0,0,000011,Car,Car,27.096,162,151,True,True,False,True
voxel_size,0.1,0.15,0.5,5,200,2.0,40.0,0,000011,Pedestrian,Pedestrian,34.151,39,35,True,True,False,True
voxel_size,0.1,0.15,0.5,5,200,2.0,40.0,0,000011,Car,Car,6.578,797,783,True,True,False,True
voxel_size,0.1,0.15,0.5,5,200,2.0,40.0,0,000011,Pedestrian,Pedestrian,17.808,59,59,True,True,False,True
voxel_size,0.1,0.15,0.5,5,200,2.0,40.0,0,000012,Car,Car,59.083,0,0,False,False,False,False
voxel_size,0.1,0.15,0.5,5,200,2.0,40.0,0,000012,Van,Car,66.311,0,0,False,False,False,False
voxel_size,0.1,0.15,0.5,5,200,2.0,40.0,0,000015,Car,Car,4.937,1019,979,True,True,False,True
voxel_size,0.1,0.15,0.5,5,200,2.0,40.0,0,000015,Pedestrian,Pedestrian,8.954,133,132,True,True,False,True
voxel_size,0.1,0.15,0.5,5,200,2.0,40.0,0,000015,Pedestrian,Pedestrian,24.265,50,47,True,True,False,True
voxel_size,0.1,0.15,0.5,5,200,2.0,40.0,0,000015,Pedestrian,Pedestrian,24.444,62,59,True,True,False,True
voxel_size,0.1,0.15,0.5,5,200,2.0,40.0,0,000015,Pedestrian,Pedestrian,23.369,56,56,True,False,True,True
voxel_size,0.1,0.15,0.5,5,200,2.0,40.0,0,000016,Car,Car,44.607,0,0,False,False,False,False
voxel_size,0.1,0.15,0.5,5,200,2.0,40.0,0,000016,Truck,Car,28.06,1888,1819,True,True,False,True
voxel_size,0.1,0.15,0.5,5,200,2.0,40.0,0,000016,Car,Car,33.445,59,53,True,True,False,True
voxel_size,0.1,0.15,0.5,5,200,2.0,40.0,0,000016,Car,Car,7.076,562,531,True,True,False,True
voxel_size,0.1,0.15,0.5,5,200,2.0,40.0,0,000016,Car,Car,47.177,0,0,False,False,False,False
voxel_size,0.1,0.15,0.5,5,200,2.0,40.0,0,000016,Tram,Car,90.963,0,0,False,False,False,False
voxel_size,0.1,0.15,0.5,5,200,2.0,40.0,0,000019,Truck,Car,6.314,1921,1881,True,True,False,True
voxel_size,0.1,0.15,0.5,5,200,2.0,40.0,0,000019,Car,Car,10.126,457,427,True,True,False,True
voxel_size,0.1,0.15,0.5,5,200,2.0,40.0,0,000019,Van,Car,35.423,95,95,True,True,False,True
voxel_size,0.1,0.15,0.5,5,200,2.0,40.0,0,000019,Car,Car,59.714,0,0,False,False,False,False
voxel_size,0.1,0.15,0.5,5,200,2.0,40.0,0,000021,Cyclist,Cyclist,4.174,291,268,True,True,False,True
voxel_size,0.1,0.15,0.5,5,200,2.0,40.0,0,000021,Car,Car,13.641,491,473,True,True,False,True
voxel_size,0.1,0.15,0.5,5,200,2.0,40.0,0,000021,Car,Car,17.779,182,173,True,True,False,True
voxel_size,0.1,0.15,0.5,5,200,2.0,40.0,0,000021,Van,Car,23.927,761,761,True,True,False,True
voxel_size,0.1,0.15,0.5,5,200,2.0,40.0,0,000021,Car,Car,26.482,133,132,True,True,False,True
voxel_size,0.1,0.15,0.5,5,200,2.0,40.0,0,000021,Car,Car,26.879,94,92,True,True,False,True
voxel_size,0.1,0.15,0.5,5,200,2.0,40.0,0,000021,Car,Car,32.609,44,44,True,True,False,True
voxel_size,0.1,0.15,0.5,5,200,2.0,40.0,0,000021,Car,Car,31.8,28,28,True,True,False,True
voxel_size,0.1,0.15,0.5,5,200,2.0,40.0,0,000023,Truck,Car,69.291,0,0,False,False,False,False
voxel_size,0.1,0.15,0.5,5,200,2.0,40.0,0,000023,Car,Car,57.518,0,0,False,False,False,False
voxel_size,0.1,0.15,0.5,5,200,2.0,40.0,0,000023,Cyclist,Cyclist,44.994,0,0,False,False,False,False
voxel_size,0.1,0.15,0.5,5,200,2.0,40.0,0,000025,Car,Car,3.97,326,324,True,True,False,True
voxel_size,0.1,0.15,0.5,5,200,2.0,40.0,0,000025,Car,Car,10.652,490,490,True,True,False,True
voxel_size,0.1,0.15,0.5,5,200,2.0,40.0,0,000025,Car,Car,30.19,55,55,True,False,True,True
voxel_size,0.1,0.15,0.5,5,200,2.0,40.0,0,000025,Car,Car,17.855,214,214,True,True,False,True
voxel_size,0.1,0.15,0.5,5,200,2.0,40.0,0,000025,Cyclist,Cyclist,44.716,0,0,False,False,False,False
voxel_size,0.1,0.15,0.5,5,200,2.0,40.0,0,000025,Car,Car,22.698,40,40,True,True,False,True
voxel_size,0.1,0.15,0.5,5,200,2.0,40.0,0,000031,Car,Car,12.608,544,528,True,True,False,True
voxel_size,0.1,0.15,0.5,5,200,2.0,40.0,0,000031,Car,Car,9.038,402,385,True,True,False,True
voxel_size,0.1,0.15,0.5,5,200,2.0,40.0,0,000031,Car,Car,13.456,328,315,True,True,False,True
voxel_size,0.1,0.15,0.5,5,200,2.0,40.0,0,000031,Truck,Car,22.54,306,306,True,True,False,True
voxel_size,0.1,0.15,0.5,5,200,2.0,40.0,0,000031,Car,Car,26.549,125,119,True,True,False,True
voxel_size,0.1,0.15,0.5,5,200,2.0,40.0,0,000031,Van,Car,51.929,0,0,False,False,False,False
voxel_size,0.1,0.15,0.5,5,200,2.0,40.0,0,000032,Car,Car,9.653,630,628,True,True,False,True
voxel_size,0.1,0.15,0.5,5,200,2.0,40.0,0,000032,Car,Car,9.138,520,499,True,True,False,True
voxel_size,0.1,0.15,0.5,5,200,2.0,40.0,0,000032,Van,Car,14.807,569,565,True,True,False,True
voxel_size,0.1,0.15,0.5,5,200,2.0,40.0,0,000032,Car,Car,13.809,259,249,True,True,False,True
voxel_size,0.1,0.15,0.5,5,200,2.0,40.0,0,000032,Car,Car,20.174,56,53,True,True,False,True
voxel_size,0.1,0.15,0.5,5,200,2.0,40.0,0,000032,Van,Car,25.411,530,530,True,True,False,True
voxel_size,0.1,0.15,0.5,5,200,2.0,40.0,0,000032,Car,Car,25.844,67,67,True,True,False,True
voxel_size,0.1,0.15,0.5,5,200,2.0,40.0,0,000032,Van,Car,44.722,0,0,False,False,False,False
voxel_size,0.1,0.15,0.5,5,200,2.0,40.0,0,000032,Van,Car,41.091,60,60,False,True,False,True
voxel_size,0.1,0.15,0.5,5,200,2.0,40.0,0,000032,Car,Car,45.146,0,0,False,False,False,False
voxel_size,0.1,0.15,0.5,5,200,2.0,40.0,0,000043,Pedestrian,Pedestrian,12.751,102,97,True,True,False,True
voxel_size,0.1,0.15,0.5,5,200,2.0,40.0,0,000043,Pedestrian,Pedestrian,12.632,100,96,True,True,False,True
voxel_size,0.1,0.15,0.5,5,200,2.0,40.0,0,000043,Pedestrian,Pedestrian,20.65,70,63,True,False,True,True
voxel_size,0.1,0.15,0.5,5,200,2.0,40.0,0,000043,Pedestrian,Pedestrian,20.57,76,68,True,False,True,True
voxel_size,0.1,0.15,0.5,5,200,2.0,40.0,0,000048,Pedestrian,Pedestrian,16.89,94,93,True,True,False,True
voxel_size,0.1,0.15,0.5,5,200,2.0,40.0,0,000048,Pedestrian,Pedestrian,17.165,101,98,True,True,False,True
voxel_size,0.1,0.15,0.5,5,200,2.0,40.0,0,000048,Pedestrian,Pedestrian,16.576,81,81,True,True,False,True
voxel_size,0.1,0.15,0.5,5,200,2.0,40.0,0,000048,Cyclist,Cyclist,30.423,39,39,True,True,False,True
voxel_size,0.1,0.15,0.5,5,200,2.0,40.0,0,000049,Car,Car,21.555,161,161,True,True,False,True
voxel_size,0.1,0.15,0.5,5,200,2.0,40.0,0,000049,Car,Car,14.348,581,574,True,True,False,True
voxel_size,0.1,0.15,0.5,5,200,2.0,40.0,0,000049,Car,Car,22.289,109,108,True,True,False,True
voxel_size,0.1,0.15,0.5,5,200,2.0,40.0,0,000049,Car,Car,25.201,66,66,True,True,False,True
voxel_size,0.1,0.15,0.5,5,200,2.0,40.0,0,000049,Car,Car,32.781,19,19,True,True,False,True
voxel_size,0.1,0.15,0.5,5,200,2.0,40.0,0,000049,Van,Car,45.861,0,0,False,False,False,False
voxel_size,0.1,0.15,0.5,5,200,2.0,40.0,0,000049,Pedestrian,Pedestrian,5.464,236,236,True,False,True,True
voxel_size,0.1,0.15,0.5,5,200,2.0,40.0,0,000049,Car,Car,10.398,310,309,True,True,False,True
voxel_size,0.1,0.15,0.5,5,200,2.0,40.0,0,000049,Car,Car,15.444,315,315,True,True,False,True
voxel_size,0.1,0.15,0.5,5,200,2.0,40.0,0,000049,Car,Car,20.644,216,209,True,True,False,True
voxel_size,0.1,0.15,0.5,5,200,2.0,40.0,0,000049,Pedestrian,Pedestrian,32.79,41,36,True,True,False,True
voxel_size,0.1,0.15,0.5,5,200,2.0,40.0,0,000049,Car,Car,33.246,75,75,True,True,False,True
voxel_size,0.1,0.15,0.5,5,200,2.0,40.0,0,000049,Car,Car,14.422,297,297,True,True,False,True
voxel_size,0.1,0.15,0.5,5,200,2.0,40.0,0,000049,Car,Car,19.022,265,264,True,True,False,True
voxel_size,0.1,0.15,0.5,5,200,2.0,40.0,0,000049,Car,Car,35.674,9,9,False,True,False,True
voxel_size,0.1,0.15,0.5,5,200,2.0,40.0,0,000049,Car,Car,23.202,25,25,True,True,False,True
voxel_size,0.1,0.15,0.5,5,200,2.0,40.0,0,000049,Van,Car,35.571,266,266,True,True,False,True
voxel_size,0.1,0.15,0.5,5,200,2.0,40.0,0,000049,Car,Car,22.381,54,54,True,True,False,True
voxel_size,0.1,0.15,0.5,5,200,2.0,40.0,0,000061,Van,Car,18.81,634,634,True,False,True,True
voxel_size,0.1,0.15,0.5,5,200,2.0,40.0,0,000061,Car,Car,14.653,275,201,True,False,True,True
voxel_size,0.1,0.15,0.5,5,200,2.0,40.0,0,000061,Car,Car,40.91,3,3,False,False,False,False
voxel_size,0.1,0.15,0.5,5,200,2.0,40.0,0,000061,Car,Car,21.145,112,90,True,False,True,True
voxel_size,0.1,0.15,0.5,5,200,2.0,40.0,0,000061,Misc,,37.185,86,86,False,True,False,True
voxel_size,0.1,0.15,0.5,5,200,2.0,40.0,0,000061,Van,Car,43.673,0,0,False,False,False,False
voxel_size,0.2,0.15,0.5,5,200,2.0,40.0,0,000001,Truck,Car,69.442,0,0,False,False,False,False
voxel_size,0.2,0.15,0.5,5,200,2.0,40.0,0,000001,Car,Car,60.781,0,0,False,False,False,False
voxel_size,0.2,0.15,0.5,5,200,2.0,40.0,0,000001,Cyclist,Cyclist,46.069,0,0,False,False,False,False
voxel_size,0.2,0.15,0.5,5,200,2.0,40.0,0,000004,Car,Car,41.36,13,7,False,True,False,True
voxel_size,0.2,0.15,0.5,5,200,2.0,40.0,0,000004,Car,Car,53.58,0,0,False,False,False,False
voxel_size,0.2,0.15,0.5,5,200,2.0,40.0,0,000007,Car,Car,25.02,74,61,True,True,False,True
voxel_size,0.2,0.15,0.5,5,200,2.0,40.0,0,000007,Car,Car,48.127,0,0,False,False,False,False
voxel_size,0.2,0.15,0.5,5,200,2.0,40.0,0,000007,Car,Car,60.703,0,0,False,False,False,False
voxel_size,0.2,0.15,0.5,5,200,2.0,40.0,0,000007,Cyclist,Cyclist,36.354,23,20,True,True,False,True
voxel_size,0.2,0.15,0.5,5,200,2.0,40.0,0,000008,Car,Car,4.564,303,249,True,True,False,True
voxel_size,0.2,0.15,0.5,5,200,2.0,40.0,0,000008,Car,Car,7.947,237,224,True,False,True,True
voxel_size,0.2,0.15,0.5,5,200,2.0,40.0,0,000008,Car,Car,7.235,132,105,True,True,False,True
voxel_size,0.2,0.15,0.5,5,200,2.0,40.0,0,000008,Car,Car,14.48,188,156,True,False,True,True
voxel_size,0.2,0.15,0.5,5,200,2.0,40.0,0,000008,Car,Car,33.98,35,27,True,True,False,True
voxel_size,0.2,0.15,0.5,5,200,2.0,40.0,0,000008,Car,Car,21.687,72,51,True,True,False,True
voxel_size,0.2,0.15,0.5,5,200,2.0,40.0,0,000009,Car,Car,23.89,77,67,True,True,False,True
voxel_size,0.2,0.15,0.5,5,200,2.0,40.0,0,000009,Car,Car,66.37,0,0,False,False,False,False
voxel_size,0.2,0.15,0.5,5,200,2.0,40.0,0,000009,Car,Car,68.285,0,0,False,False,False,False
voxel_size,0.2,0.15,0.5,5,200,2.0,40.0,0,000010,Car,Car,6.831,182,145,True,False,True,True
voxel_size,0.2,0.15,0.5,5,200,2.0,40.0,0,000010,Car,Car,12.04,222,222,True,True,False,True
voxel_size,0.2,0.15,0.5,5,200,2.0,40.0,0,000010,Pedestrian,Pedestrian,24.942,17,17,True,True,False,True
voxel_size,0.2,0.15,0.5,5,200,2.0,40.0,0,000010,Car,Car,17.506,109,93,True,True,False,True
voxel_size,0.2,0.15,0.5,5,200,2.0,40.0,0,000010,Car,Car,23.095,39,33,True,True,False,True
voxel_size,0.2,0.15,0.5,5,200,2.0,40.0,0,000010,Car,Car,23.643,120,118,True,True,False,True
voxel_size,0.2,0.15,0.5,5,200,2.0,40.0,0,000010,Car,Car,29.077,40,39,True,True,False,True
voxel_size,0.2,0.15,0.5,5,200,2.0,40.0,0,000010,Car,Car,29.598,16,12,True,True,False,False
voxel_size,0.2,0.15,0.5,5,200,2.0,40.0,0,000010,Car,Car,43.086,0,0,False,False,False,False
voxel_size,0.2,0.15,0.5,5,200,2.0,40.0,0,000011,Pedestrian,Pedestrian,13.411,47,46,True,True,False,True
voxel_size,0.2,0.15,0.5,5,200,2.0,40.0,0,000011,Pedestrian,Pedestrian,14.482,15,13,True,True,False,True
voxel_size,0.2,0.15,0.5,5,200,2.0,40.0,0,000011,Car,Car,27.096,114,104,True,True,False,True
voxel_size,0.2,0.15,0.5,5,200,2.0,40.0,0,000011,Pedestrian,Pedestrian,34.151,34,30,True,True,False,True
voxel_size,0.2,0.15,0.5,5,200,2.0,40.0,0,000011,Car,Car,6.578,261,256,True,True,False,True
voxel_size,0.2,0.15,0.5,5,200,2.0,40.0,0,000011,Pedestrian,Pedestrian,17.808,26,25,True,True,False,True
voxel_size,0.2,0.15,0.5,5,200,2.0,40.0,0,000012,Car,Car,59.083,0,0,False,False,False,False
voxel_size,0.2,0.15,0.5,5,200,2.0,40.0,0,000012,Van,Car,66.311,0,0,False,False,False,False
voxel_size,0.2,0.15,0.5,5,200,2.0,40.0,0,000015,Car,Car,4.937,314,313,True,True,False,True
voxel_size,0.2,0.15,0.5,5,200,2.0,40.0,0,000015,Pedestrian,Pedestrian,8.954,46,46,True,True,False,True
voxel_size,0.2,0.15,0.5,5,200,2.0,40.0,0,000015,Pedestrian,Pedestrian,24.265,33,33,True,False,True,True
voxel_size,0.2,0.15,0.5,5,200,2.0,40.0,0,000015,Pedestrian,Pedestrian,24.444,35,35,True,False,True,True
voxel_size,0.2,0.15,0.5,5,200,2.0,40.0,0,000015,Pedestrian,Pedestrian,23.369,31,31,True,False,True,True
voxel_size,0.2,0.15,0.5,5,200,2.0,40.0,0,000016,Car,Car,44.607,0,0,False,False,False,False
voxel_size,0.2,0.15,0.5,5,200,2.0,40.0,0,000016,Truck,Car,28.06,1216,1153,True,True,False,True
voxel_size,0.2,0.15,0.5,5,200,2.0,40.0,0,000016,Car,Car,33.445,34,29,True,True,False,True
voxel_size,0.2,0.15,0.5,5,200,2.0,40.0,0,000016,Car,Car,7.076,195,166,True,True,False,True
voxel_size,0.2,0.15,0.5,5,200,2.0,40.0,0,000016,Car,Car,47.177,0,0,False,False,False,False
voxel_size,0.2,0.15,0.5,5,200,2.0,40.0,0,000016,Tram,Car,90.963,0,0,False,False,False,False
voxel_size,0.2,0.15,0.5,5,200,2.0,40.0,0,000019,Truck,Car,6.314,600,596,True,True,False,True
voxel_size,0.2,0.15,0.5,5,200,2.0,40.0,0,000019,Car,Car,10.126,189,179,True,True,False,True
voxel_size,0.2,0.15,0.5,5,200,2.0,40.0,0,000019,Van,Car,35.423,64,64,True,True,False,True
voxel_size,0.2,0.15,0.5,5,200,2.0,40.0,0,000019,Car,Car,59.714,0,0,False,False,False,False
voxel_size,0.2,0.15,0.5,5,200,2.0,40.0,0,000021,Cyclist,Cyclist,4.174,93,93,True,False,True,True
voxel_size,0.2,0.15,0.5,5,200,2.0,40.0,0,000021,Car,Car,13.641,237,225,True,True,False,True
voxel_size,0.2,0.15,0.5,5,200,2.0,40.0,0,000021,Car,Car,17.779,113,108,True,True,False,True
voxel_size,0.2,0.15,0.5,5,200,2.0,40.0,0,000021,Van,Car,23.927,364,364,True,True,False,True
voxel_size,0.2,0.15,0.5,5,200,2.0,40.0,0,000021,Car,Car,26.482,83,83,True,True,False,True
voxel_size,0.2,0.15,0.5,5,200,2.0,40.0,0,000021,Car,Car,26.879,62,61,True,True,False,True
voxel_size,0.2,0.15,0.5,5,200,2.0,40.0,0,000021,Car,Car,32.609,34,34,True,True,False,True
voxel_size,0.2,0.15,0.5,5,200,2.0,40.0,0,000021,Car,Car,31.8,25,25,True,True,False,True
voxel_size,0.2,0.15,0.5,5,200,2.0,40.0,0,000023,Truck,Car,69.291,0,0,False,False,False,False
voxel_size,0.2,0.15,0.5,5,200,2.0,40.0,0,000023,Car,Car,57.518,0,0,False,False,False,False
voxel_size,0.2,0.15,0.5,5,200,2.0,40.0,0,000023,Cyclist,Cyclist,44.994,0,0,False,False,False,False
voxel_size,0.2,0.15,0.5,5,200,2.0,40.0,0,000025,Car,Car,3.97,141,131,True,True,False,True
voxel_size,0.2,0.15,0.5,5,200,2.0,40.0,0,000025,Car,Car,10.652,205,205,True,True,False,True
voxel_size,0.2,0.15,0.5,5,200,2.0,40.0,0,000025,Car,Car,30.19,37,35,True,True,False,True
voxel_size,0.2,0.15,0.5,5,200,2.0,40.0,0,000025,Car,Car,17.855,97,80,True,False,True,True
voxel_size,0.2,0.15,0.5,5,200,2.0,40.0,0,000025,Cyclist,Cyclist,44.716,0,0,False,False,False,False
voxel_size,0.2,0.15,0.5,5,200,2.0,40.0,0,000025,Car,Car,22.698,30,26,True,True,False,True
voxel_size,0.2,0.15,0.5,5,200,2.0,40.0,0,000031,Car,Car,12.608,236,212,True,True,False,True
voxel_size,0.2,0.15,0.5,5,200,2.0,40.0,0,000031,Car,Car,9.038,159,158,True,False,True,True
voxel_size,0.2,0.15,0.5,5,200,2.0,40.0,0,000031,Car,Car,13.456,158,157,True,True,False,True
voxel_size,0.2,0.15,0.5,5,200,2.0,40.0,0,000031,Truck,Car,22.54,201,201,True,True,False,True
voxel_size,0.2,0.15,0.5,5,200,2.0,40.0,0,000031,Car,Car,26.549,76,76,True,True,False,True
voxel_size,0.2,0.15,0.5,5,200,2.0,40.0,0,000031,Van,Car,51.929,0,0,False,False,False,False
voxel_size,0.2,0.15,0.5,5,200,2.0,40.0,0,000032,Car,Car,9.653,242,239,True,True,False,True
voxel_size,0.2,0.15,0.5,5,200,2.0,40.0,0,000032,Car,Car,9.138,191,181,True,True,False,True
voxel_size,0.2,0.15,0.5,5,200,2.0,40.0,0,000032,Van,Car,14.807,305,303,True,True,False,True
voxel_size,0.2,0.15,0.5,5,200,2.0,40.0,0,000032,Car,Car,13.809,141,135,True,True,False,True
voxel_size,0.2,0.15,0.5,5,200,2.0,40.0,0,000032,Car,Car,20.174,35,35,True,True,False,True
voxel_size,0.2,0.15,0.5,5,200,2.0,40.0,0,000032,Van,Car,25.411,294,294,True,True,False,True
voxel_size,0.2,0.15,0.5,5,200,2.0,40.0,0,000032,Car,Car,25.844,44,44,True,True,False,True
voxel_size,0.2,0.15,0.5,5,200,2.0,40.0,0,000032,Van,Car,44.722,0,0,False,False,False,False
voxel_size,0.2,0.15,0.5,5,200,2.0,40.0,0,000032,Van,Car,41.091,43,43,False,True,False,True
voxel_size,0.2,0.15,0.5,5,200,2.0,40.0,0,000032,Car,Car,45.146,0,0,False,False,False,False
voxel_size,0.2,0.15,0.5,5,200,2.0,40.0,0,000043,Pedestrian,Pedestrian,12.751,41,41,True,False,True,True
voxel_size,0.2,0.15,0.5,5,200,2.0,40.0,0,000043,Pedestrian,Pedestrian,12.632,36,36,True,False,True,True
voxel_size,0.2,0.15,0.5,5,200,2.0,40.0,0,000043,Pedestrian,Pedestrian,20.65,41,37,True,True,False,True
voxel_size,0.2,0.15,0.5,5,200,2.0,40.0,0,000043,Pedestrian,Pedestrian,20.57,37,34,True,True,False,True
voxel_size,0.2,0.15,0.5,5,200,2.0,40.0,0,000048,Pedestrian,Pedestrian,16.89,48,48,True,True,False,True
voxel_size,0.2,0.15,0.5,5,200,2.0,40.0,0,000048,Pedestrian,Pedestrian,17.165,51,51,True,True,False,True
voxel_size,0.2,0.15,0.5,5,200,2.0,40.0,0,000048,Pedestrian,Pedestrian,16.576,35,35,True,True,False,True
voxel_size,0.2,0.15,0.5,5,200,2.0,40.0,0,000048,Cyclist,Cyclist,30.423,35,35,True,True,False,True
voxel_size,0.2,0.15,0.5,5,200,2.0,40.0,0,000049,Car,Car,21.555,86,86,True,True,False,True
voxel_size,0.2,0.15,0.5,5,200,2.0,40.0,0,000049,Car,Car,14.348,227,226,True,True,False,True
voxel_size,0.2,0.15,0.5,5,200,2.0,40.0,0,000049,Car,Car,22.289,71,70,True,True,False,True
voxel_size,0.2,0.15,0.5,5,200,2.0,40.0,0,000049,Car,Car,25.201,45,45,True,True,False,True
voxel_size,0.2,0.15,0.5,5,200,2.0,40.0,0,000049,Car,Car,32.781,17,17,True,True,False,True
voxel_size,0.2,0.15,0.5,5,200,2.0,40.0,0,000049,Van,Car,45.861,0,0,False,False,False,False
voxel_size,0.2,0.15,0.5,5,200,2.0,40.0,0,000049,Pedestrian,Pedestrian,5.464,66,66,True,False,True,True
voxel_size,0.2,0.15,0.5,5,200,2.0,40.0,0,000049,Car,Car,10.398,141,141,True,True,False,True
voxel_size,0.2,0.15,0.5,5,200,2.0,40.0,0,000049,Car,Car,15.444,147,146,True,True,False,True
voxel_size,0.2,0.15,0.5,5,200,2.0,40.0,0,000049,Car,Car,20.644,133,131,True,True,False,True
voxel_size,0.2,0.15,0.5,5,200,2.0,40.0,0,000049,Pedestrian,Pedestrian,32.79,34,33,True,True,False,True
voxel_size,0.2,0.15,0.5,5,200,2.0,40.0,0,000049,Car,Car,33.246,49,49,True,True,False,True
voxel_size,0.2,0.15,0.5,5,200,2.0,40.0,0,000049,Car,Car,14.422,122,121,True,True,False,True
voxel_size,0.2,0.15,0.5,5,200,2.0,40.0,0,000049,Car,Car,19.022,122,122,True,True,False,True
voxel_size,0.2,0.15,0.5,5,200,2.0,40.0,0,000049,Car,Car,35.674,6,6,False,False,False,False
voxel_size,0.2,0.15,0.5,5,200,2.0,40.0,0,000049,Car,Car,23.202,17,17,True,True,False,True
voxel_size,0.2,0.15,0.5,5,200,2.0,40.0,0,000049,Van,Car,35.571,195,195,True,True,False,True
voxel_size,0.2,0.15,0.5,5,200,2.0,40.0,0,000049,Car,Car,22.381,34,34,True,True,False,True
voxel_size,0.2,0.15,0.5,5,200,2.0,40.0,0,000061,Van,Car,18.81,341,341,True,False,True,True
voxel_size,0.2,0.15,0.5,5,200,2.0,40.0,0,000061,Car,Car,14.653,123,91,True,True,False,True
voxel_size,0.2,0.15,0.5,5,200,2.0,40.0,0,000061,Car,Car,40.91,3,3,False,False,False,False
voxel_size,0.2,0.15,0.5,5,200,2.0,40.0,0,000061,Car,Car,21.145,68,54,True,True,False,True
voxel_size,0.2,0.15,0.5,5,200,2.0,40.0,0,000061,Misc,,37.185,68,68,False,True,False,True
voxel_size,0.2,0.15,0.5,5,200,2.0,40.0,0,000061,Van,Car,43.673,0,0,False,False,False,False
voxel_size,0.3,0.15,0.5,5,200,2.0,40.0,0,000001,Truck,Car,69.442,0,0,False,False,False,False
voxel_size,0.3,0.15,0.5,5,200,2.0,40.0,0,000001,Car,Car,60.781,0,0,False,False,False,False
voxel_size,0.3,0.15,0.5,5,200,2.0,40.0,0,000001,Cyclist,Cyclist,46.069,0,0,False,False,False,False
voxel_size,0.3,0.15,0.5,5,200,2.0,40.0,0,000004,Car,Car,41.36,11,11,False,True,False,True
voxel_size,0.3,0.15,0.5,5,200,2.0,40.0,0,000004,Car,Car,53.58,0,0,False,False,False,False
voxel_size,0.3,0.15,0.5,5,200,2.0,40.0,0,000007,Car,Car,25.02,50,50,True,True,False,True
voxel_size,0.3,0.15,0.5,5,200,2.0,40.0,0,000007,Car,Car,48.127,0,0,False,False,False,False
voxel_size,0.3,0.15,0.5,5,200,2.0,40.0,0,000007,Car,Car,60.703,0,0,False,False,False,False
voxel_size,0.3,0.15,0.5,5,200,2.0,40.0,0,000007,Cyclist,Cyclist,36.354,16,16,True,True,False,True
voxel_size,0.3,0.15,0.5,5,200,2.0,40.0,0,000008,Car,Car,4.564,147,124,True,True,False,True
voxel_size,0.3,0.15,0.5,5,200,2.0,40.0,0,000008,Car,Car,7.947,131,126,True,True,False,True
voxel_size,0.3,0.15,0.5,5,200,2.0,40.0,0,000008,Car,Car,7.235,77,57,True,True,False,True
voxel_size,0.3,0.15,0.5,5,200,2.0,40.0,0,000008,Car,Car,14.48,114,92,True,True,False,True
voxel_size,0.3,0.15,0.5,5,200,2.0,40.0,0,000008,Car,Car,33.98,25,16,True,True,False,False
voxel_size,0.3,0.15,0.5,5,200,2.0,40.0,0,000008,Car,Car,21.687,44,37,True,True,False,True
voxel_size,0.3,0.15,0.5,5,200,2.0,40.0,0,000009,Car,Car,23.89,48,40,True,True,False,True
voxel_size,0.3,0.15,0.5,5,200,2.0,40.0,0,000009,Car,Car,66.37,0,0,False,False,False,False
voxel_size,0.3,0.15,0.5,5,200,2.0,40.0,0,000009,Car,Car,68.285,0,0,False,False,False,False
voxel_size,0.3,0.15,0.5,5,200,2.0,40.0,0,000010,Car,Car,6.831,96,72,True,False,True,True
voxel_size,0.3,0.15,0.5,5,200,2.0,40.0,0,000010,Car,Car,12.04,109,104,True,True,False,True
voxel_size,0.3,0.15,0.5,5,200,2.0,40.0,0,000010,Pedestrian,Pedestrian,24.942,8,8,False,True,False,True
voxel_size,0.3,0.15,0.5,5,200,2.0,40.0,0,000010,Car,Car,17.506,72,51,True,False,True,True
voxel_size,0.3,0.15,0.5,5,200,2.0,40.0,0,000010,Car,Car,23.095,30,22,True,True,False,True
voxel_size,0.3,0.15,0.5,5,200,2.0,40.0,0,000010,Car,Car,23.643,77,61,True,True,False,True
voxel_size,0.3,0.15,0.5,5,200,2.0,40.0,0,000010,Car,Car,29.077,32,25,True,True,False,True
voxel_size,0.3,0.15,0.5,5,200,2.0,40.0,0,000010,Car,Car,29.598,14,8,True,False,False,False
voxel_size,0.3,0.15,0.5,5,200,2.0,40.0,0,000010,Car,Car,43.086,0,0,False,False,False,False
voxel_size,0.3,0.15,0.5,5,200,2.0,40.0,0,000011,Pedestrian,Pedestrian,13.411,27,26,True,True,False,True
voxel_size,0.3,0.15,0.5,5,200,2.0,40.0,0,000011,Pedestrian,Pedestrian,14.482,11,9,True,True,False,True
voxel_size,0.3,0.15,0.5,5,200,2.0,40.0,0,000011,Car,Car,27.096,77,70,True,True,False,True
voxel_size,0.3,0.15,0.5,5,200,2.0,40.0,0,000011,Pedestrian,Pedestrian,34.151,21,18,True,True,False,True
voxel_size,0.3,0.15,0.5,5,200,2.0,40.0,0,000011,Car,Car,6.578,142,142,True,True,False,True
voxel_size,0.3,0.15,0.5,5,200,2.0,40.0,0,000011,Pedestrian,Pedestrian,17.808,19,18,True,True,False,True
voxel_size,0.3,0.15,0.5,5,200,2.0,40.0,0,000012,Car,Car,59.083,0,0,False,False,False,False
voxel_size,0.3,0.15,0.5,5,200,2.0,40.0,0,000012,Van,Car,66.311,0,0,False,False,False,False
voxel_size,0.3,0.15,0.5,5,200,2.0,40.0,0,000015,Car,Car,4.937,165,159,True,True,False,True
voxel_size,0.3,0.15,0.5,5,200,2.0,40.0,0,000015,Pedestrian,Pedestrian,8.954,25,23,True,True,False,True
voxel_size,0.3,0.15,0.5,5,200,2.0,40.0,0,000015,Pedestrian,Pedestrian,24.265,21,18,True,True,False,True
voxel_size,0.3,0.15,0.5,5,200,2.0,40.0,0,000015,Pedestrian,Pedestrian,24.444,25,23,True,True,False,True
voxel_size,0.3,0.15,0.5,5,200,2.0,40.0,0,000015,Pedestrian,Pedestrian,23.369,19,19,True,True,False,True
voxel_size,0.3,0.15,0.5,5,200,2.0,40.0,0,000016,Car,Car,44.607,0,0,False,False,False,False
voxel_size,0.3,0.15,0.5,5,200,2.0,40.0,0,000016,Truck,Car,28.06,709,663,True,True,False,True
voxel_size,0.3,0.15,0.5,5,200,2.0,40.0,0,000016,Car,Car,33.445,30,25,True,True,False,True
voxel_size,0.3,0.15,0.5,5,200,2.0,40.0,0,000016,Car,Car,7.076,92,91,True,True,False,True
voxel_size,0.3,0.15,0.5,5,200,2.0,40.0,0,000016,Car,Car,47.177,0,0,False,False,False,False
voxel_size,0.3,0.15,0.5,5,200,2.0,40.0,0,000016,Tram,Car,90.963,0,0,False,False,False,False
voxel_size,0.3,0.15,0.5,5,200,2.0,40.0,0,000019,Truck,Car,6.314,268,267,True,True,False,True
voxel_size,0.3,0.15,0.5,5,200,2.0,40.0,0,000019,Car,Car,10.126,114,114,True,True,False,True
voxel_size,0.3,0.15,0.5,5,200,2.0,40.0,0,000019,Van,Car,35.423,37,37,True,True,False,True
voxel_size,0.3,0.15,0.5,5,200,2.0,40.0,0,000019,Car,Car,59.714,0,0,False,False,False,False
voxel_size,0.3,0.15,0.5,5,200,2.0,40.0,0,000021,Cyclist,Cyclist,4.174,48,40,True,True,False,True
voxel_size,0.3,0.15,0.5,5,200,2.0,40.0,0,000021,Car,Car,13.641,126,114,True,True,False,True
voxel_size,0.3,0.15,0.5,5,200,2.0,40.0,0,000021,Car,Car,17.779,90,77,True,True,False,True
voxel_size,0.3,0.15,0.5,5,200,2.0,40.0,0,000021,Van,Car,23.927,178,170,True,True,False,True
voxel_size,0.3,0.15,0.5,5,200,2.0,40.0,0,000021,Car,Car,26.482,64,51,True,True,False,True
voxel_size,0.3,0.15,0.5,5,200,2.0,40.0,0,000021,Car,Car,26.879,45,27,True,True,False,False
voxel_size,0.3,0.15,0.5,5,200,2.0,40.0,0,000021,Car,Car,32.609,30,21,True,True,False,True
voxel_size,0.3,0.15,0.5,5,200,2.0,40.0,0,000021,Car,Car,31.8,19,15,True,True,False,False
voxel_size,0.3,0.15,0.5,5,200,2.0,40.0,0,000023,Truck,Car,69.291,0,0,False,False,False,False
voxel_size,0.3,0.15,0.5,5,200,2.0,40.0,0,000023,Car,Car,57.518,0,0,False,False,False,False
voxel_size,0.3,0.15,0.5,5,200,2.0,40.0,0,000023,Cyclist,Cyclist,44.994,0,0,False,False,False,False
voxel_size,0.3,0.15,0.5,5,200,2.0,40.0,0,000025,Car,Car,3.97,80,71,True,False,True,True
voxel_size,0.3,0.15,0.5,5,200,2.0,40.0,0,000025,Car,Car,10.652,103,103,True,True,False,True
voxel_size,0.3,0.15,0.5,5,200,2.0,40.0,0,000025,Car,Car,30.19,30,23,True,True,False,True
voxel_size,0.3,0.15,0.5,5,200,2.0,40.0,0,000025,Car,Car,17.855,61,45,True,True,False,True
voxel_size,0.3,0.15,0.5,5,200,2.0,40.0,0,000025,Cyclist,Cyclist,44.716,0,0,False,False,False,False
voxel_size,0.3,0.15,0.5,5,200,2.0,40.0,0,000025,Car,Car,22.698,20,16,True,True,False,True
voxel_size,0.3,0.15,0.5,5,200,2.0,40.0,0,000031,Car,Car,12.608,144,138,True,True,False,True
voxel_size,0.3,0.15,0.5,5,200,2.0,40.0,0,000031,Car,Car,9.038,91,91,True,False,True,True
voxel_size,0.3,0.15,0.5,5,200,2.0,40.0,0,000031,Car,Car,13.456,81,81,True,True,False,True
voxel_size,0.3,0.15,0.5,5,200,2.0,40.0,0,000031,Truck,Car,22.54,146,146,True,True,False,True
voxel_size,0.3,0.15,0.5,5,200,2.0,40.0,0,000031,Car,Car,26.549,46,46,True,True,False,True
voxel_size,0.3,0.15,0.5,5,200,2.0,40.0,0,000031,Van,Car,51.929,0,0,False,False,False,False
voxel_size,0.3,0.15,0.5,5,200,2.0,40.0,0,000032,Car,Car,9.653,123,123,True,True,False,True
voxel_size,0.3,0.15,0.5,5,200,2.0,40.0,0,000032,Car,Car,9.138,107,102,True,True,False,True
voxel_size,0.3,0.15,0.5,5,200,2.0,40.0,0,000032,Van,Car,14.807,177,171,True,True,False,True
voxel_size,0.3,0.15,0.5,5,200,2.0,40.0,0,000032,Car,Car,13.809,81,78,True,True,False,True
voxel_size,0.3,0.15,0.5,5,200,2.0,40.0,0,000032,Car,Car,20.174,24,23,True,True,False,True
voxel_size,0.3,0.15,0.5,5,200,2.0,40.0,0,000032,Van,Car,25.411,175,175,True,True,False,True
voxel_size,0.3,0.15,0.5,5,200,2.0,40.0,0,000032,Car,Car,25.844,39,39,True,True,False,True
voxel_size,0.3,0.15,0.5,5,200,2.0,40.0,0,000032,Van,Car,44.722,0,0,False,False,False,False
voxel_size,0.3,0.15,0.5,5,200,2.0,40.0,0,000032,Van,Car,41.091,34,34,False,True,False,True
voxel_size,0.3,0.15,0.5,5,200,2.0,40.0,0,000032,Car,Car,45.146,0,0,False,False,False,False
voxel_size,0.3,0.15,0.5,5,200,2.0,40.0,0,000043,Pedestrian,Pedestrian,12.751,22,22,True,True,False,True
voxel_size,0.3,0.15,0.5,5,200,2.0,40.0,0,000043,Pedestrian,Pedestrian,12.632,20,20,True,True,False,True
voxel_size,0.3,0.15,0.5,5,200,2.0,40.0,0,000043,Pedestrian,Pedestrian,20.65,21,19,True,False,True,True
voxel_size,0.3,0.15,0.5,5,200,2.0,40.0,0,000043,Pedestrian,Pedestrian,20.57,25,24,True,True,False,True
voxel_size,0.3,0.15,0.5,5,200,2.0,40.0,0,000048,Pedestrian,Pedestrian,16.89,27,27,True,True,False,True
voxel_size,0.3,0.15,0.5,5,200,2.0,40.0,0,000048,Pedestrian,Pedestrian,17.165,29,27,True,True,False,True
voxel_size,0.3,0.15,0.5,5,200,2.0,40.0,0,000048,Pedestrian,Pedestrian,16.576,21,21,True,True,False,True
voxel_size,0.3,0.15,0.5,5,200,2.0,40.0,0,000048,Cyclist,Cyclist,30.423,25,23,True,True,False,True
voxel_size,0.3,0.15,0.5,5,200,2.0,40.0,0,000049,Car,Car,21.555,47,47,True,True,False,True
voxel_size,0.3,0.15,0.5,5,200,2.0,40.0,0,000049,Car,Car,14.348,124,122,True,True,False,True
voxel_size,0.3,0.15,0.5,5,200,2.0,40.0,0,000049,Car,Car,22.289,40,39,True,True,False,True
voxel_size,0.3,0.15,0.5,5,200,2.0,40.0,0,000049,Car,Car,25.201,26,26,True,True,False,True
voxel_size,0.3,0.15,0.5,5,200,2.0,40.0,0,000049,Car,Car,32.781,12,12,True,True,False,True
voxel_size,0.3,0.15,0.5,5,200,2.0,40.0,0,000049,Van,Car,45.861,0,0,False,False,False,False
voxel_size,0.3,0.15,0.5,5,200,2.0,40.0,0,000049,Pedestrian,Pedestrian,5.464,36,36,True,False,True,True
voxel_size,0.3,0.15,0.5,5,200,2.0,40.0,0,000049,Car,Car,10.398,75,72,True,True,False,True
voxel_size,0.3,0.15,0.5,5,200,2.0,40.0,0,000049,Car,Car,15.444,74,73,True,True,False,True
voxel_size,0.3,0.15,0.5,5,200,2.0,40.0,0,000049,Car,Car,20.644,95,93,True,True,False,True
voxel_size,0.3,0.15,0.5,5,200,2.0,40.0,0,000049,Pedestrian,Pedestrian,32.79,20,16,True,True,False,True
voxel_size,0.3,0.15,0.5,5,200,2.0,40.0,0,000049,Car,Car,33.246,35,35,True,True,False,True
voxel_size,0.3,0.15,0.5,5,200,2.0,40.0,0,000049,Car,Car,14.422,71,71,True,True,False,True
voxel_size,0.3,0.15,0.5,5,200,2.0,40.0,0,000049,Car,Car,19.022,75,74,True,True,False,True
voxel_size,0.3,0.15,0.5,5,200,2.0,40.0,0,000049,Car,Car,35.674,5,5,False,False,False,False
voxel_size,0.3,0.15,0.5,5,200,2.0,40.0,0,000049,Car,Car,23.202,15,15,True,False,False,False
voxel_size,0.3,0.15,0.5,5,200,2.0,40.0,0,000049,Van,Car,35.571,145,145,True,True,False,True
voxel_size,0.3,0.15,0.5,5,200,2.0,40.0,0,000049,Car,Car,22.381,27,27,True,True,False,True
voxel_size,0.3,0.15,0.5,5,200,2.0,40.0,0,000061,Van,Car,18.81,178,178,True,True,False,True
voxel_size,0.3,0.15,0.5,5,200,2.0,40.0,0,000061,Car,Car,14.653,68,63,True,True,False,True
voxel_size,0.3,0.15,0.5,5,200,2.0,40.0,0,000061,Car,Car,40.91,3,3,False,False,False,False
voxel_size,0.3,0.15,0.5,5,200,2.0,40.0,0,000061,Car,Car,21.145,48,38,True,True,False,True
voxel_size,0.3,0.15,0.5,5,200,2.0,40.0,0,000061,Misc,,37.185,40,40,False,True,False,True
voxel_size,0.3,0.15,0.5,5,200,2.0,40.0,0,000061,Van,Car,43.673,0,0,False,False,False,False
voxel_size,0.4,0.15,0.5,5,200,2.0,40.0,0,000001,Truck,Car,69.442,0,0,False,False,False,False
voxel_size,0.4,0.15,0.5,5,200,2.0,40.0,0,000001,Car,Car,60.781,0,0,False,False,False,False
voxel_size,0.4,0.15,0.5,5,200,2.0,40.0,0,000001,Cyclist,Cyclist,46.069,0,0,False,False,False,False
voxel_size,0.4,0.15,0.5,5,200,2.0,40.0,0,000004,Car,Car,41.36,8,4,False,False,False,False
voxel_size,0.4,0.15,0.5,5,200,2.0,40.0,0,000004,Car,Car,53.58,0,0,False,False,False,False
voxel_size,0.4,0.15,0.5,5,200,2.0,40.0,0,000007,Car,Car,25.02,35,30,True,True,False,True
voxel_size,0.4,0.15,0.5,5,200,2.0,40.0,0,000007,Car,Car,48.127,0,0,False,False,False,False
voxel_size,0.4,0.15,0.5,5,200,2.0,40.0,0,000007,Car,Car,60.703,0,0,False,False,False,False
voxel_size,0.4,0.15,0.5,5,200,2.0,40.0,0,000007,Cyclist,Cyclist,36.354,15,15,True,True,False,True
voxel_size,0.4,0.15,0.5,5,200,2.0,40.0,0,000008,Car,Car,4.564,94,91,True,True,False,True
voxel_size,0.4,0.15,0.5,5,200,2.0,40.0,0,000008,Car,Car,7.947,83,83,True,True,False,True
voxel_size,0.4,0.15,0.5,5,200,2.0,40.0,0,000008,Car,Car,7.235,54,51,True,True,False,True
voxel_size,0.4,0.15,0.5,5,200,2.0,40.0,0,000008,Car,Car,14.48,62,62,True,True,False,True
voxel_size,0.4,0.15,0.5,5,200,2.0,40.0,0,000008,Car,Car,33.98,21,21,True,True,False,True
voxel_size,0.4,0.15,0.5,5,200,2.0,40.0,0,000008,Car,Car,21.687,32,26,True,True,False,True
voxel_size,0.4,0.15,0.5,5,200,2.0,40.0,0,000009,Car,Car,23.89,41,35,True,True,False,True
voxel_size,0.4,0.15,0.5,5,200,2.0,40.0,0,000009,Car,Car,66.37,0,0,False,False,False,False
voxel_size,0.4,0.15,0.5,5,200,2.0,40.0,0,000009,Car,Car,68.285,0,0,False,False,False,False
voxel_size,0.4,0.15,0.5,5,200,2.0,40.0,0,000010,Car,Car,6.831,49,37,True,False,True,True
voxel_size,0.4,0.15,0.5,5,200,2.0,40.0,0,000010,Car,Car,12.04,78,68,True,True,False,True
voxel_size,0.4,0.15,0.5,5,200,2.0,40.0,0,000010,Pedestrian,Pedestrian,24.942,7,7,False,True,False,True
voxel_size,0.4,0.15,0.5,5,200,2.0,40.0,0,000010,Car,Car,17.506,43,29,True,True,False,True
voxel_size,0.4,0.15,0.5,5,200,2.0,40.0,0,000010,Car,Car,23.095,27,22,True,True,False,False
voxel_size,0.4,0.15,0.5,5,200,2.0,40.0,0,000010,Car,Car,23.643,58,42,True,True,False,True
voxel_size,0.4,0.15,0.5,5,200,2.0,40.0,0,000010,Car,Car,29.077,28,24,True,True,False,False
voxel_size,0.4,0.15,0.5,5,200,2.0,40.0,0,000010,Car,Car,29.598,14,11,True,True,False,False
voxel_size,0.4,0.15,0.5,5,200,2.0,40.0,0,000010,Car,Car,43.086,0,0,False,False,False,False
voxel_size,0.4,0.15,0.5,5,200,2.0,40.0,0,000011,Pedestrian,Pedestrian,13.411,14,12,True,True,False,True
voxel_size,0.4,0.15,0.5,5,200,2.0,40.0,0,000011,Pedestrian,Pedestrian,14.482,7,6,False,False,True,False
voxel_size,0.4,0.15,0.5,5,200,2.0,40.0,0,000011,Car,Car,27.096,52,46,True,True,False,True
voxel_size,0.4,0.15,0.5,5,200,2.0,40.0,0,000011,Pedestrian,Pedestrian,34.151,11,10,True,True,False,True
voxel_size,0.4,0.15,0.5,5,200,2.0,40.0,0,000011,Car,Car,6.578,86,84,True,True,False,True
voxel_size,0.4,0.15,0.5,5,200,2.0,40.0,0,000011,Pedestrian,Pedestrian,17.808,15,15,True,True,False,True
voxel_size,0.4,0.15,0.5,5,200,2.0,40.0,0,000012,Car,Car,59.083,0,0,False,False,False,False
voxel_size,0.4,0.15,0.5,5,200,2.0,40.0,0,000012,Van,Car,66.311,0,0,False,False,False,False
voxel_size,0.4,0.15,0.5,5,200,2.0,40.0,0,000015,Car,Car,4.937,107,106,True,True,False,True
voxel_size,0.4,0.15,0.5,5,200,2.0,40.0,0,000015,Pedestrian,Pedestrian,8.954,11,11,True,True,False,True
voxel_size,0.4,0.15,0.5,5,200,2.0,40.0,0,000015,Pedestrian,Pedestrian,24.265,14,14,True,True,False,True
voxel_size,0.4,0.15,0.5,5,200,2.0,40.0,0,000015,Pedestrian,Pedestrian,24.444,19,19,True,True,False,True
voxel_size,0.4,0.15,0.5,5,200,2.0,40.0,0,000015,Pedestrian,Pedestrian,23.369,14,14,True,True,False,True
voxel_size,0.4,0.15,0.5,5,200,2.0,40.0,0,000016,Car,Car,44.607,0,0,False,False,False,False
voxel_size,0.4,0.15,0.5,5,200,2.0,40.0,0,000016,Truck,Car,28.06,459,435,True,True,False,True
voxel_size,0.4,0.15,0.5,5,200,2.0,40.0,0,000016,Car,Car,33.445,23,23,True,True,False,True
voxel_size,0.4,0.15,0.5,5,200,2.0,40.0,0,000016,Car,Car,7.076,66,66,True,True,False,True
voxel_size,0.4,0.15,0.5,5,200,2.0,40.0,0,000016,Car,Car,47.177,0,0,False,False,False,False
voxel_size,0.4,0.15,0.5,5,200,2.0,40.0,0,000016,Tram,Car,90.963,0,0,False,False,False,False
voxel_size,0.4,0.15,0.5,5,200,2.0,40.0,0,000019,Truck,Car,6.314,170,165,True,True,False,True
voxel_size,0.4,0.15,0.5,5,200,2.0,40.0,0,000019,Car,Car,10.126,57,51,True,True,False,True
voxel_size,0.4,0.15,0.5,5,200,2.0,40.0,0,000019,Van,Car,35.423,36,36,True,True,False,True
voxel_size,0.4,0.15,0.5,5,200,2.0,40.0,0,000019,Car,Car,59.714,0,0,False,False,False,False
voxel_size,0.4,0.15,0.5,5,200,2.0,40.0,0,000021,Cyclist,Cyclist,4.174,25,23,True,True,False,True
voxel_size,0.4,0.15,0.5,5,200,2.0,40.0,0,000021,Car,Car,13.641,82,80,True,True,False,True
voxel_size,0.4,0.15,0.5,5,200,2.0,40.0,0,000021,Car,Car,17.779,66,54,True,True,False,True
voxel_size,0.4,0.15,0.5,5,200,2.0,40.0,0,000021,Van,Car,23.927,154,154,True,True,False,True
voxel_size,0.4,0.15,0.5,5,200,2.0,40.0,0,000021,Car,Car,26.482,46,36,True,True,False,True
voxel_size,0.4,0.15,0.5,5,200,2.0,40.0,0,000021,Car,Car,26.879,33,24,True,True,False,False
voxel_size,0.4,0.15,0.5,5,200,2.0,40.0,0,000021,Car,Car,32.609,21,17,True,True,False,False
voxel_size,0.4,0.15,0.5,5,200,2.0,40.0,0,000021,Car,Car,31.8,18,14,True,True,False,False
voxel_size,0.4,0.15,0.5,5,200,2.0,40.0,0,000023,Truck,Car,69.291,0,0,False,False,False,False
voxel_size,0.4,0.15,0.5,5,200,2.0,40.0,0,000023,Car,Car,57.518,0,0,False,False,False,False
voxel_size,0.4,0.15,0.5,5,200,2.0,40.0,0,000023,Cyclist,Cyclist,44.994,0,0,False,False,False,False
voxel_size,0.4,0.15,0.5,5,200,2.0,40.0,0,000025,Car,Car,3.97,52,50,True,True,False,True
voxel_size,0.4,0.15,0.5,5,200,2.0,40.0,0,000025,Car,Car,10.652,73,73,True,True,False,True
voxel_size,0.4,0.15,0.5,5,200,2.0,40.0,0,000025,Car,Car,30.19,21,21,True,True,False,True
voxel_size,0.4,0.15,0.5,5,200,2.0,40.0,0,000025,Car,Car,17.855,37,36,True,True,False,True
voxel_size,0.4,0.15,0.5,5,200,2.0,40.0,0,000025,Cyclist,Cyclist,44.716,0,0,False,False,False,False
voxel_size,0.4,0.15,0.5,5,200,2.0,40.0,0,000025,Car,Car,22.698,15,14,True,True,False,True
voxel_size,0.4,0.15,0.5,5,200,2.0,40.0,0,000031,Car,Car,12.608,88,77,True,True,False,True
voxel_size,0.4,0.15,0.5,5,200,2.0,40.0,0,000031,Car,Car,9.038,50,49,True,True,False,True
voxel_size,0.4,0.15,0.5,5,200,2.0,40.0,0,000031,Car,Car,13.456,42,42,True,True,False,True
voxel_size,0.4,0.15,0.5,5,200,2.0,40.0,0,000031,Truck,Car,22.54,91,91,True,True,False,True
voxel_size,0.4,0.15,0.5,5,200,2.0,40.0,0,000031,Car,Car,26.549,37,35,True,True,False,True
voxel_size,0.4,0.15,0.5,5,200,2.0,40.0,0,000031,Van,Car,51.929,0,0,False,False,False,False
voxel_size,0.4,0.15,0.5,5,200,2.0,40.0,0,000032,Car,Car,9.653,75,75,True,True,False,True
voxel_size,0.4,0.15,0.5,5,200,2.0,40.0,0,000032,Car,Car,9.138,54,53,True,True,False,True
voxel_size,0.4,0.15,0.5,5,200,2.0,40.0,0,000032,Van,Car,14.807,127,127,True,True,False,True
voxel_size,0.4,0.15,0.5,5,200,2.0,40.0,0,000032,Car,Car,13.809,53,53,True,True,False,True
voxel_size,0.4,0.15,0.5,5,200,2.0,40.0,0,000032,Car,Car,20.174,21,21,True,True,False,True
voxel_size,0.4,0.15,0.5,5,200,2.0,40.0,0,000032,Van,Car,25.411,103,103,True,True,False,True
voxel_size,0.4,0.15,0.5,5,200,2.0,40.0,0,000032,Car,Car,25.844,29,29,True,True,False,True
voxel_size,0.4,0.15,0.5,5,200,2.0,40.0,0,000032,Van,Car,44.722,0,0,False,False,False,False
voxel_size,0.4,0.15,0.5,5,200,2.0,40.0,0,000032,Van,Car,41.091,20,20,False,True,False,True
voxel_size,0.4,0.15,0.5,5,200,2.0,40.0,0,000032,Car,Car,45.146,0,0,False,False,False,False
voxel_size,0.4,0.15,0.5,5,200,2.0,40.0,0,000043,Pedestrian,Pedestrian,12.751,11,11,True,True,False,True
voxel_size,0.4,0.15,0.5,5,200,2.0,40.0,0,000043,Pedestrian,Pedestrian,12.632,17,17,True,True,False,True
voxel_size,0.4,0.15,0.5,5,200,2.0,40.0,0,000043,Pedestrian,Pedestrian,20.65,17,17,True,True,False,True
voxel_size,0.4,0.15,0.5,5,200,2.0,40.0,0,000043,Pedestrian,Pedestrian,20.57,13,13,True,True,False,True
voxel_size,0.4,0.15,0.5,5,200,2.0,40.0,0,000048,Pedestrian,Pedestrian,16.89,19,18,True,True,False,True
voxel_size,0.4,0.15,0.5,5,200,2.0,40.0,0,000048,Pedestrian,Pedestrian,17.165,23,21,True,True,False,True
voxel_size,0.4,0.15,0.5,5,200,2.0,40.0,0,000048,Pedestrian,Pedestrian,16.576,15,14,True,True,False,True
voxel_size,0.4,0.15,0.5,5,200,2.0,40.0,0,000048,Cyclist,Cyclist,30.423,14,12,True,True,False,True
voxel_size,0.4,0.15,0.5,5,200,2.0,40.0,0,000049,Car,Car,21.555,31,31,True,True,False,True
voxel_size,0.4,0.15,0.5,5,200,2.0,40.0,0,000049,Car,Car,14.348,74,71,True,True,False,True
voxel_size,0.4,0.15,0.5,5,200,2.0,40.0,0,000049,Car,Car,22.289,26,25,True,True,False,True
voxel_size,0.4,0.15,0.5,5,200,2.0,40.0,0,000049,Car,Car,25.201,18,18,True,True,False,True
voxel_size,0.4,0.15,0.5,5,200,2.0,40.0,0,000049,Car,Car,32.781,9,9,False,True,False,True
voxel_size,0.4,0.15,0.5,5,200,2.0,40.0,0,000049,Van,Car,45.861,0,0,False,False,False,False
voxel_size,0.4,0.15,0.5,5,200,2.0,40.0,0,000049,Pedestrian,Pedestrian,5.464,17,17,True,False,True,True
voxel_size,0.4,0.15,0.5,5,200,2.0,40.0,0,000049,Car,Car,10.398,57,54,True,True,False,True
voxel_size,0.4,0.15,0.5,5,200,2.0,40.0,0,000049,Car,Car,15.444,53,50,True,True,False,True
voxel_size,0.4,0.15,0.5,5,200,2.0,40.0,0,000049,Car,Car,20.644,61,60,True,True,False,True
voxel_size,0.4,0.15,0.5,5,200,2.0,40.0,0,000049,Pedestrian,Pedestrian,32.79,17,13,True,True,False,True
voxel_size,0.4,0.15,0.5,5,200,2.0,40.0,0,000049,Car,Car,33.246,25,25,True,True,False,True
voxel_size,0.4,0.15,0.5,5,200,2.0,40.0,0,000049,Car,Car,14.422,55,54,True,True,False,True
voxel_size,0.4,0.15,0.5,5,200,2.0,40.0,0,000049,Car,Car,19.022,53,52,True,True,False,True
voxel_size,0.4,0.15,0.5,5,200,2.0,40.0,0,000049,Car,Car,35.674,5,5,False,False,False,False
voxel_size,0.4,0.15,0.5,5,200,2.0,40.0,0,000049,Car,Car,23.202,10,10,True,False,False,False
voxel_size,0.4,0.15,0.5,5,200,2.0,40.0,0,000049,Van,Car,35.571,90,90,True,True,False,True
voxel_size,0.4,0.15,0.5,5,200,2.0,40.0,0,000049,Car,Car,22.381,23,23,True,True,False,True
voxel_size,0.4,0.15,0.5,5,200,2.0,40.0,0,000061,Van,Car,18.81,110,110,True,True,False,True
voxel_size,0.4,0.15,0.5,5,200,2.0,40.0,0,000061,Car,Car,14.653,48,36,True,True,False,True
voxel_size,0.4,0.15,0.5,5,200,2.0,40.0,0,000061,Car,Car,40.91,3,3,False,False,False,False
voxel_size,0.4,0.15,0.5,5,200,2.0,40.0,0,000061,Car,Car,21.145,31,22,True,True,False,False
voxel_size,0.4,0.15,0.5,5,200,2.0,40.0,0,000061,Misc,,37.185,29,29,False,True,False,False
voxel_size,0.4,0.15,0.5,5,200,2.0,40.0,0,000061,Van,Car,43.673,0,0,False,False,False,False
eps,0.1,0.15,0.3,5,200,2.0,40.0,0,000001,Truck,Car,69.442,0,0,False,False,False,False
eps,0.1,0.15,0.3,5,200,2.0,40.0,0,000001,Car,Car,60.781,0,0,False,False,False,False
eps,0.1,0.15,0.3,5,200,2.0,40.0,0,000001,Cyclist,Cyclist,46.069,0,0,False,False,False,False
eps,0.1,0.15,0.3,5,200,2.0,40.0,0,000004,Car,Car,41.36,17,10,False,True,False,False
eps,0.1,0.15,0.3,5,200,2.0,40.0,0,000004,Car,Car,53.58,0,0,False,False,False,False
eps,0.1,0.15,0.3,5,200,2.0,40.0,0,000007,Car,Car,25.02,140,140,True,True,False,True
eps,0.1,0.15,0.3,5,200,2.0,40.0,0,000007,Car,Car,48.127,0,0,False,False,False,False
eps,0.1,0.15,0.3,5,200,2.0,40.0,0,000007,Car,Car,60.703,0,0,False,False,False,False
eps,0.1,0.15,0.3,5,200,2.0,40.0,0,000007,Cyclist,Cyclist,36.354,25,25,True,True,False,True
eps,0.1,0.15,0.3,5,200,2.0,40.0,0,000008,Car,Car,4.564,948,948,True,True,False,True
eps,0.1,0.15,0.3,5,200,2.0,40.0,0,000008,Car,Car,7.947,652,652,True,True,False,True
eps,0.1,0.15,0.3,5,200,2.0,40.0,0,000008,Car,Car,7.235,304,304,True,True,False,True
eps,0.1,0.15,0.3,5,200,2.0,40.0,0,000008,Car,Car,14.48,402,402,True,True,False,True
eps,0.1,0.15,0.3,5,200,2.0,40.0,0,000008,Car,Car,33.98,42,42,True,True,False,True
eps,0.1,0.15,0.3,5,200,2.0,40.0,0,000008,Car,Car,21.687,155,132,True,True,False,True
eps,0.1,0.15,0.3,5,200,2.0,40.0,0,000009,Car,Car,23.89,148,134,True,True,False,True
eps,0.1,0.15,0.3,5,200,2.0,40.0,0,000009,Car,Car,66.37,0,0,False,False,False,False
eps,0.1,0.15,0.3,5,200,2.0,40.0,0,000009,Car,Car,68.285,0,0,False,False,False,False
eps,0.1,0.15,0.3,5,200,2.0,40.0,0,000010,Car,Car,6.831,511,415,True,True,False,True
eps,0.1,0.15,0.3,5,200,2.0,40.0,0,000010,Car,Car,12.04,560,560,True,True,False,True
eps,0.1,0.15,0.3,5,200,2.0,40.0,0,000010,Pedestrian,Pedestrian,24.942,19,19,True,True,False,True
eps,0.1,0.15,0.3,5,200,2.0,40.0,0,000010,Car,Car,17.506,228,198,True,True,False,True
eps,0.1,0.15,0.3,5,200,2.0,40.0,0,000010,Car,Car,23.095,45,37,True,True,False,False
eps,0.1,0.15,0.3,5,200,2.0,40.0,0,000010,Car,Car,23.643,176,173,True,True,False,True
eps,0.1,0.15,0.3,5,200,2.0,40.0,0,000010,Car,Car,29.077,50,50,True,True,False,True
eps,0.1,0.15,0.3,5,200,2.0,40.0,0,000010,Car,Car,29.598,21,15,True,True,False,False
eps,0.1,0.15,0.3,5,200,2.0,40.0,0,000010,Car,Car,43.086,0,0,False,False,False,False
eps,0.1,0.15,0.3,5,200,2.0,40.0,0,000011,Pedestrian,Pedestrian,13.411,96,94,True,True,False,True
eps,0.1,0.15,0.3,5,200,2.0,40.0,0,000011,Pedestrian,Pedestrian,14.482,18,15,True,True,False,True
eps,0.1,0.15,0.3,5,200,2.0,40.0,0,000011,Car,Car,27.096,162,151,True,True,False,True
eps,0.1,0.15,0.3,5,200,2.0,40.0,0,000011,Pedestrian,Pedestrian,34.151,39,35,True,True,False,True
eps,0.1,0.15,0.3,5,200,2.0,40.0,0,000011,Car,Car,6.578,797,783,True,True,False,True
eps,0.1,0.15,0.3,5,200,2.0,40.0,0,000011,Pedestrian,Pedestrian,17.808,59,59,True,True,False,True
eps,0.1,0.15,0.3,5,200,2.0,40.0,0,000012,Car,Car,59.083,0,0,False,False,False,False
eps,0.1,0.15,0.3,5,200,2.0,40.0,0,000012,Van,Car,66.311,0,0,False,False,False,False
eps,0.1,0.15,0.3,5,200,2.0,40.0,0,000015,Car,Car,4.937,1019,979,True,True,False,True
eps,0.1,0.15,0.3,5,200,2.0,40.0,0,000015,Pedestrian,Pedestrian,8.954,133,132,True,True,False,True
eps,0.1,0.15,0.3,5,200,2.0,40.0,0,000015,Pedestrian,Pedestrian,24.265,50,47,True,True,False,True
eps,0.1,0.15,0.3,5,200,2.0,40.0,0,000015,Pedestrian,Pedestrian,24.444,62,59,True,True,False,True
eps,0.1,0.15,0.3,5,200,2.0,40.0,0,000015,Pedestrian,Pedestrian,23.369,56,56,True,True,False,True
eps,0.1,0.15,0.3,5,200,2.0,40.0,0,000016,Car,Car,44.607,0,0,False,False,False,False
eps,0.1,0.15,0.3,5,200,2.0,40.0,0,000016,Truck,Car,28.06,1888,1819,True,True,False,True
eps,0.1,0.15,0.3,5,200,2.0,40.0,0,000016,Car,Car,33.445,59,53,True,True,False,True
eps,0.1,0.15,0.3,5,200,2.0,40.0,0,000016,Car,Car,7.076,562,531,True,True,False,True
eps,0.1,0.15,0.3,5,200,2.0,40.0,0,000016,Car,Car,47.177,0,0,False,False,False,False
eps,0.1,0.15,0.3,5,200,2.0,40.0,0,000016,Tram,Car,90.963,0,0,False,False,False,False
eps,0.1,0.15,0.3,5,200,2.0,40.0,0,000019,Truck,Car,6.314,1921,1881,True,True,False,True
eps,0.1,0.15,0.3,5,200,2.0,40.0,0,000019,Car,Car,10.126,457,427,True,True,False,True
eps,0.1,0.15,0.3,5,200,2.0,40.0,0,000019,Van,Car,35.423,95,95,True,True,False,True
eps,0.1,0.15,0.3,5,200,2.0,40.0,0,000019,Car,Car,59.714,0,0,False,False,False,False
eps,0.1,0.15,0.3,5,200,2.0,40.0,0,000021,Cyclist,Cyclist,4.174,291,268,True,True,False,True
eps,0.1,0.15,0.3,5,200,2.0,40.0,0,000021,Car,Car,13.641,491,473,True,True,False,True
eps,0.1,0.15,0.3,5,200,2.0,40.0,0,000021,Car,Car,17.779,182,173,True,True,False,True
eps,0.1,0.15,0.3,5,200,2.0,40.0,0,000021,Van,Car,23.927,761,761,True,True,False,True
eps,0.1,0.15,0.3,5,200,2.0,40.0,0,000021,Car,Car,26.482,133,132,True,True,False,True
eps,0.1,0.15,0.3,5,200,2.0,40.0,0,000021,Car,Car,26.879,94,92,True,True,False,True
eps,0.1,0.15,0.3,5,200,2.0,40.0,0,000021,Car,Car,32.609,44,44,True,True,False,True
eps,0.1,0.15,0.3,5,200,2.0,40.0,0,000021,Car,Car,31.8,28,28,True,True,False,True
eps,0.1,0.15,0.3,5,200,2.0,40.0,0,000023,Truck,Car,69.291,0,0,False,False,False,False
eps,0.1,0.15,0.3,5,200,2.0,40.0,0,000023,Car,Car,57.518,0,0,False,False,False,False
eps,0.1,0.15,0.3,5,200,2.0,40.0,0,000023,Cyclist,Cyclist,44.994,0,0,False,False,False,False
eps,0.1,0.15,0.3,5,200,2.0,40.0,0,000025,Car,Car,3.97,326,324,True,True,False,True
eps,0.1,0.15,0.3,5,200,2.0,40.0,0,000025,Car,Car,10.652,490,490,True,True,False,True
eps,0.1,0.15,0.3,5,200,2.0,40.0,0,000025,Car,Car,30.19,55,55,True,True,False,True
eps,0.1,0.15,0.3,5,200,2.0,40.0,0,000025,Car,Car,17.855,214,214,True,True,False,True
eps,0.1,0.15,0.3,5,200,2.0,40.0,0,000025,Cyclist,Cyclist,44.716,0,0,False,False,False,False
eps,0.1,0.15,0.3,5,200,2.0,40.0,0,000025,Car,Car,22.698,40,40,True,True,False,True
eps,0.1,0.15,0.3,5,200,2.0,40.0,0,000031,Car,Car,12.608,544,528,True,True,False,True
eps,0.1,0.15,0.3,5,200,2.0,40.0,0,000031,Car,Car,9.038,402,385,True,True,False,True
eps,0.1,0.15,0.3,5,200,2.0,40.0,0,000031,Car,Car,13.456,328,315,True,True,False,True
eps,0.1,0.15,0.3,5,200,2.0,40.0,0,000031,Truck,Car,22.54,306,306,True,True,False,True
eps,0.1,0.15,0.3,5,200,2.0,40.0,0,000031,Car,Car,26.549,125,119,True,True,False,True
eps,0.1,0.15,0.3,5,200,2.0,40.0,0,000031,Van,Car,51.929,0,0,False,False,False,False
eps,0.1,0.15,0.3,5,200,2.0,40.0,0,000032,Car,Car,9.653,630,628,True,True,False,True
eps,0.1,0.15,0.3,5,200,2.0,40.0,0,000032,Car,Car,9.138,520,499,True,True,False,True
eps,0.1,0.15,0.3,5,200,2.0,40.0,0,000032,Van,Car,14.807,569,565,True,True,False,True
eps,0.1,0.15,0.3,5,200,2.0,40.0,0,000032,Car,Car,13.809,259,249,True,True,False,True
eps,0.1,0.15,0.3,5,200,2.0,40.0,0,000032,Car,Car,20.174,56,53,True,True,False,True
eps,0.1,0.15,0.3,5,200,2.0,40.0,0,000032,Van,Car,25.411,530,530,True,True,False,True
eps,0.1,0.15,0.3,5,200,2.0,40.0,0,000032,Car,Car,25.844,67,67,True,True,False,True
eps,0.1,0.15,0.3,5,200,2.0,40.0,0,000032,Van,Car,44.722,0,0,False,False,False,False
eps,0.1,0.15,0.3,5,200,2.0,40.0,0,000032,Van,Car,41.091,60,60,False,True,False,True
eps,0.1,0.15,0.3,5,200,2.0,40.0,0,000032,Car,Car,45.146,0,0,False,False,False,False
eps,0.1,0.15,0.3,5,200,2.0,40.0,0,000043,Pedestrian,Pedestrian,12.751,102,97,True,True,False,True
eps,0.1,0.15,0.3,5,200,2.0,40.0,0,000043,Pedestrian,Pedestrian,12.632,100,96,True,True,False,True
eps,0.1,0.15,0.3,5,200,2.0,40.0,0,000043,Pedestrian,Pedestrian,20.65,70,63,True,True,False,True
eps,0.1,0.15,0.3,5,200,2.0,40.0,0,000043,Pedestrian,Pedestrian,20.57,76,68,True,True,False,True
eps,0.1,0.15,0.3,5,200,2.0,40.0,0,000048,Pedestrian,Pedestrian,16.89,94,93,True,True,False,True
eps,0.1,0.15,0.3,5,200,2.0,40.0,0,000048,Pedestrian,Pedestrian,17.165,101,98,True,True,False,True
eps,0.1,0.15,0.3,5,200,2.0,40.0,0,000048,Pedestrian,Pedestrian,16.576,81,81,True,True,False,True
eps,0.1,0.15,0.3,5,200,2.0,40.0,0,000048,Cyclist,Cyclist,30.423,39,39,True,True,False,True
eps,0.1,0.15,0.3,5,200,2.0,40.0,0,000049,Car,Car,21.555,161,161,True,True,False,True
eps,0.1,0.15,0.3,5,200,2.0,40.0,0,000049,Car,Car,14.348,581,574,True,True,False,True
eps,0.1,0.15,0.3,5,200,2.0,40.0,0,000049,Car,Car,22.289,109,108,True,True,False,True
eps,0.1,0.15,0.3,5,200,2.0,40.0,0,000049,Car,Car,25.201,66,66,True,True,False,True
eps,0.1,0.15,0.3,5,200,2.0,40.0,0,000049,Car,Car,32.781,19,19,True,True,False,True
eps,0.1,0.15,0.3,5,200,2.0,40.0,0,000049,Van,Car,45.861,0,0,False,False,False,False
eps,0.1,0.15,0.3,5,200,2.0,40.0,0,000049,Pedestrian,Pedestrian,5.464,236,236,True,False,True,True
eps,0.1,0.15,0.3,5,200,2.0,40.0,0,000049,Car,Car,10.398,310,309,True,True,False,True
eps,0.1,0.15,0.3,5,200,2.0,40.0,0,000049,Car,Car,15.444,315,315,True,True,False,True
eps,0.1,0.15,0.3,5,200,2.0,40.0,0,000049,Car,Car,20.644,216,209,True,True,False,True
eps,0.1,0.15,0.3,5,200,2.0,40.0,0,000049,Pedestrian,Pedestrian,32.79,41,36,True,True,False,True
eps,0.1,0.15,0.3,5,200,2.0,40.0,0,000049,Car,Car,33.246,75,75,True,True,False,True
eps,0.1,0.15,0.3,5,200,2.0,40.0,0,000049,Car,Car,14.422,297,297,True,True,False,True
eps,0.1,0.15,0.3,5,200,2.0,40.0,0,000049,Car,Car,19.022,265,264,True,True,False,True
eps,0.1,0.15,0.3,5,200,2.0,40.0,0,000049,Car,Car,35.674,9,9,False,True,False,True
eps,0.1,0.15,0.3,5,200,2.0,40.0,0,000049,Car,Car,23.202,25,25,True,True,False,True
eps,0.1,0.15,0.3,5,200,2.0,40.0,0,000049,Van,Car,35.571,266,266,True,True,False,True
eps,0.1,0.15,0.3,5,200,2.0,40.0,0,000049,Car,Car,22.381,54,54,True,True,False,True
eps,0.1,0.15,0.3,5,200,2.0,40.0,0,000061,Van,Car,18.81,634,634,True,True,False,True
eps,0.1,0.15,0.3,5,200,2.0,40.0,0,000061,Car,Car,14.653,275,201,True,True,False,True
eps,0.1,0.15,0.3,5,200,2.0,40.0,0,000061,Car,Car,40.91,3,3,False,False,False,False
eps,0.1,0.15,0.3,5,200,2.0,40.0,0,000061,Car,Car,21.145,112,90,True,True,False,True
eps,0.1,0.15,0.3,5,200,2.0,40.0,0,000061,Misc,,37.185,86,86,False,True,False,True
eps,0.1,0.15,0.3,5,200,2.0,40.0,0,000061,Van,Car,43.673,0,0,False,False,False,False
eps,0.1,0.15,0.5,5,200,2.0,40.0,0,000001,Truck,Car,69.442,0,0,False,False,False,False
eps,0.1,0.15,0.5,5,200,2.0,40.0,0,000001,Car,Car,60.781,0,0,False,False,False,False
eps,0.1,0.15,0.5,5,200,2.0,40.0,0,000001,Cyclist,Cyclist,46.069,0,0,False,False,False,False
eps,0.1,0.15,0.5,5,200,2.0,40.0,0,000004,Car,Car,41.36,17,10,False,True,False,True
eps,0.1,0.15,0.5,5,200,2.0,40.0,0,000004,Car,Car,53.58,0,0,False,False,False,False
eps,0.1,0.15,0.5,5,200,2.0,40.0,0,000007,Car,Car,25.02,140,140,True,True,False,True
eps,0.1,0.15,0.5,5,200,2.0,40.0,0,000007,Car,Car,48.127,0,0,False,False,False,False
eps,0.1,0.15,0.5,5,200,2.0,40.0,0,000007,Car,Car,60.703,0,0,False,False,False,False
eps,0.1,0.15,0.5,5,200,2.0,40.0,0,000007,Cyclist,Cyclist,36.354,25,25,True,True,False,True
eps,0.1,0.15,0.5,5,200,2.0,40.0,0,000008,Car,Car,4.564,948,948,True,False,True,True
eps,0.1,0.15,0.5,5,200,2.0,40.0,0,000008,Car,Car,7.947,652,652,True,False,True,True
eps,0.1,0.15,0.5,5,200,2.0,40.0,0,000008,Car,Car,7.235,304,304,True,True,False,True
eps,0.1,0.15,0.5,5,200,2.0,40.0,0,000008,Car,Car,14.48,402,402,True,True,False,True
eps,0.1,0.15,0.5,5,200,2.0,40.0,0,000008,Car,Car,33.98,42,42,True,False,True,True
eps,0.1,0.15,0.5,5,200,2.0,40.0,0,000008,Car,Car,21.687,155,132,True,True,False,True
eps,0.1,0.15,0.5,5,200,2.0,40.0,0,000009,Car,Car,23.89,148,134,True,True,False,True
eps,0.1,0.15,0.5,5,200,2.0,40.0,0,000009,Car,Car,66.37,0,0,False,False,False,False
eps,0.1,0.15,0.5,5,200,2.0,40.0,0,000009,Car,Car,68.285,0,0,False,False,False,False
eps,0.1,0.15,0.5,5,200,2.0,40.0,0,000010,Car,Car,6.831,511,415,True,False,True,True
eps,0.1,0.15,0.5,5,200,2.0,40.0,0,000010,Car,Car,12.04,560,560,True,False,True,True
eps,0.1,0.15,0.5,5,200,2.0,40.0,0,000010,Pedestrian,Pedestrian,24.942,19,19,True,True,False,True
eps,0.1,0.15,0.5,5,200,2.0,40.0,0,000010,Car,Car,17.506,228,198,True,True,False,True
eps,0.1,0.15,0.5,5,200,2.0,40.0,0,000010,Car,Car,23.095,45,37,True,True,False,True
eps,0.1,0.15,0.5,5,200,2.0,40.0,0,000010,Car,Car,23.643,176,173,True,True,False,True
eps,0.1,0.15,0.5,5,200,2.0,40.0,0,000010,Car,Car,29.077,50,50,True,True,False,True
eps,0.1,0.15,0.5,5,200,2.0,40.0,0,000010,Car,Car,29.598,21,15,True,True,False,True
eps,0.1,0.15,0.5,5,200,2.0,40.0,0,000010,Car,Car,43.086,0,0,False,False,False,False
eps,0.1,0.15,0.5,5,200,2.0,40.0,0,000011,Pedestrian,Pedestrian,13.411,96,94,True,True,False,True
eps,0.1,0.15,0.5,5,200,2.0,40.0,0,000011,Pedestrian,Pedestrian,14.482,18,15,True,True,False,True
eps,0.1,0.15,0.5,5,200,2.0,40.0,0,000011,Car,Car,27.096,162,151,True,True,False,True
eps,0.1,0.15,0.5,5,200,2.0,40.0,0,000011,Pedestrian,Pedestrian,34.151,39,35,True,True,False,True
eps,0.1,0.15,0.5,5,200,2.0,40.0,0,000011,Car,Car,6.578,797,783,True,True,False,True
eps,0.1,0.15,0.5,5,200,2.0,40.0,0,000011,Pedestrian,Pedestrian,17.808,59,59,True,True,False,True
eps,0.1,0.15,0.5,5,200,2.0,40.0,0,000012,Car,Car,59.083,0,0,False,False,False,False
eps,0.1,0.15,0.5,5,200,2.0,40.0,0,000012,Van,Car,66.311,0,0,False,False,False,False
eps,0.1,0.15,0.5,5,200,2.0,40.0,0,000015,Car,Car,4.937,1019,979,True,True,False,True
eps,0.1,0.15,0.5,5,200,2.0,40.0,0,000015,Pedestrian,Pedestrian,8.954,133,132,True,True,False,True
eps,0.1,0.15,0.5,5,200,2.0,40.0,0,000015,Pedestrian,Pedestrian,24.265,50,47,True,True,False,True
eps,0.1,0.15,0.5,5,200,2.0,40.0,0,000015,Pedestrian,Pedestrian,24.444,62,59,True,True,False,True
eps,0.1,0.15,0.5,5,200,2.0,40.0,0,000015,Pedestrian,Pedestrian,23.369,56,56,True,False,True,True
eps,0.1,0.15,0.5,5,200,2.0,40.0,0,000016,Car,Car,44.607,0,0,False,False,False,False
eps,0.1,0.15,0.5,5,200,2.0,40.0,0,000016,Truck,Car,28.06,1888,1819,True,True,False,True
eps,0.1,0.15,0.5,5,200,2.0,40.0,0,000016,Car,Car,33.445,59,53,True,True,False,True
eps,0.1,0.15,0.5,5,200,2.0,40.0,0,000016,Car,Car,7.076,562,531,True,True,False,True
eps,0.1,0.15,0.5,5,200,2.0,40.0,0,000016,Car,Car,47.177,0,0,False,False,False,False
eps,0.1,0.15,0.5,5,200,2.0,40.0,0,000016,Tram,Car,90.963,0,0,False,False,False,False
eps,0.1,0.15,0.5,5,200,2.0,40.0,0,000019,Truck,Car,6.314,1921,1881,True,True,False,True
eps,0.1,0.15,0.5,5,200,2.0,40.0,0,000019,Car,Car,10.126,457,427,True,True,False,True
eps,0.1,0.15,0.5,5,200,2.0,40.0,0,000019,Van,Car,35.423,95,95,True,True,False,True
eps,0.1,0.15,0.5,5,200,2.0,40.0,0,000019,Car,Car,59.714,0,0,False,False,False,False
eps,0.1,0.15,0.5,5,200,2.0,40.0,0,000021,Cyclist,Cyclist,4.174,291,268,True,True,False,True
eps,0.1,0.15,0.5,5,200,2.0,40.0,0,000021,Car,Car,13.641,491,473,True,True,False,True
eps,0.1,0.15,0.5,5,200,2.0,40.0,0,000021,Car,Car,17.779,182,173,True,True,False,True
eps,0.1,0.15,0.5,5,200,2.0,40.0,0,000021,Van,Car,23.927,761,761,True,True,False,True
eps,0.1,0.15,0.5,5,200,2.0,40.0,0,000021,Car,Car,26.482,133,132,True,True,False,True
eps,0.1,0.15,0.5,5,200,2.0,40.0,0,000021,Car,Car,26.879,94,92,True,True,False,True
eps,0.1,0.15,0.5,5,200,2.0,40.0,0,000021,Car,Car,32.609,44,44,True,True,False,True
eps,0.1,0.15,0.5,5,200,2.0,40.0,0,000021,Car,Car,31.8,28,28,True,True,False,True
eps,0.1,0.15,0.5,5,200,2.0,40.0,0,000023,Truck,Car,69.291,0,0,False,False,False,False
eps,0.1,0.15,0.5,5,200,2.0,40.0,0,000023,Car,Car,57.518,0,0,False,False,False,False
eps,0.1,0.15,0.5,5,200,2.0,40.0,0,000023,Cyclist,Cyclist,44.994,0,0,False,False,False,False
eps,0.1,0.15,0.5,5,200,2.0,40.0,0,000025,Car,Car,3.97,326,324,True,True,False,True
eps,0.1,0.15,0.5,5,200,2.0,40.0,0,000025,Car,Car,10.652,490,490,True,True,False,True
eps,0.1,0.15,0.5,5,200,2.0,40.0,0,000025,Car,Car,30.19,55,55,True,False,True,True
eps,0.1,0.15,0.5,5,200,2.0,40.0,0,000025,Car,Car,17.855,214,214,True,True,False,True
eps,0.1,0.15,0.5,5,200,2.0,40.0,0,000025,Cyclist,Cyclist,44.716,0,0,False,False,False,False
eps,0.1,0.15,0.5,5,200,2.0,40.0,0,000025,Car,Car,22.698,40,40,True,True,False,True
eps,0.1,0.15,0.5,5,200,2.0,40.0,0,000031,Car,Car,12.608,544,528,True,True,False,True
eps,0.1,0.15,0.5,5,200,2.0,40.0,0,000031,Car,Car,9.038,402,385,True,True,False,True
eps,0.1,0.15,0.5,5,200,2.0,40.0,0,000031,Car,Car,13.456,328,315,True,True,False,True
eps,0.1,0.15,0.5,5,200,2.0,40.0,0,000031,Truck,Car,22.54,306,306,True,True,False,True
eps,0.1,0.15,0.5,5,200,2.0,40.0,0,000031,Car,Car,26.549,125,119,True,True,False,True
eps,0.1,0.15,0.5,5,200,2.0,40.0,0,000031,Van,Car,51.929,0,0,False,False,False,False
eps,0.1,0.15,0.5,5,200,2.0,40.0,0,000032,Car,Car,9.653,630,628,True,True,False,True
eps,0.1,0.15,0.5,5,200,2.0,40.0,0,000032,Car,Car,9.138,520,499,True,True,False,True
eps,0.1,0.15,0.5,5,200,2.0,40.0,0,000032,Van,Car,14.807,569,565,True,True,False,True
eps,0.1,0.15,0.5,5,200,2.0,40.0,0,000032,Car,Car,13.809,259,249,True,True,False,True
eps,0.1,0.15,0.5,5,200,2.0,40.0,0,000032,Car,Car,20.174,56,53,True,True,False,True
eps,0.1,0.15,0.5,5,200,2.0,40.0,0,000032,Van,Car,25.411,530,530,True,True,False,True
eps,0.1,0.15,0.5,5,200,2.0,40.0,0,000032,Car,Car,25.844,67,67,True,True,False,True
eps,0.1,0.15,0.5,5,200,2.0,40.0,0,000032,Van,Car,44.722,0,0,False,False,False,False
eps,0.1,0.15,0.5,5,200,2.0,40.0,0,000032,Van,Car,41.091,60,60,False,True,False,True
eps,0.1,0.15,0.5,5,200,2.0,40.0,0,000032,Car,Car,45.146,0,0,False,False,False,False
eps,0.1,0.15,0.5,5,200,2.0,40.0,0,000043,Pedestrian,Pedestrian,12.751,102,97,True,True,False,True
eps,0.1,0.15,0.5,5,200,2.0,40.0,0,000043,Pedestrian,Pedestrian,12.632,100,96,True,True,False,True
eps,0.1,0.15,0.5,5,200,2.0,40.0,0,000043,Pedestrian,Pedestrian,20.65,70,63,True,False,True,True
eps,0.1,0.15,0.5,5,200,2.0,40.0,0,000043,Pedestrian,Pedestrian,20.57,76,68,True,False,True,True
eps,0.1,0.15,0.5,5,200,2.0,40.0,0,000048,Pedestrian,Pedestrian,16.89,94,93,True,True,False,True
eps,0.1,0.15,0.5,5,200,2.0,40.0,0,000048,Pedestrian,Pedestrian,17.165,101,98,True,True,False,True
eps,0.1,0.15,0.5,5,200,2.0,40.0,0,000048,Pedestrian,Pedestrian,16.576,81,81,True,True,False,True
eps,0.1,0.15,0.5,5,200,2.0,40.0,0,000048,Cyclist,Cyclist,30.423,39,39,True,True,False,True
eps,0.1,0.15,0.5,5,200,2.0,40.0,0,000049,Car,Car,21.555,161,161,True,True,False,True
eps,0.1,0.15,0.5,5,200,2.0,40.0,0,000049,Car,Car,14.348,581,574,True,True,False,True
eps,0.1,0.15,0.5,5,200,2.0,40.0,0,000049,Car,Car,22.289,109,108,True,True,False,True
eps,0.1,0.15,0.5,5,200,2.0,40.0,0,000049,Car,Car,25.201,66,66,True,True,False,True
eps,0.1,0.15,0.5,5,200,2.0,40.0,0,000049,Car,Car,32.781,19,19,True,True,False,True
eps,0.1,0.15,0.5,5,200,2.0,40.0,0,000049,Van,Car,45.861,0,0,False,False,False,False
eps,0.1,0.15,0.5,5,200,2.0,40.0,0,000049,Pedestrian,Pedestrian,5.464,236,236,True,False,True,True
eps,0.1,0.15,0.5,5,200,2.0,40.0,0,000049,Car,Car,10.398,310,309,True,True,False,True
eps,0.1,0.15,0.5,5,200,2.0,40.0,0,000049,Car,Car,15.444,315,315,True,True,False,True
eps,0.1,0.15,0.5,5,200,2.0,40.0,0,000049,Car,Car,20.644,216,209,True,True,False,True
eps,0.1,0.15,0.5,5,200,2.0,40.0,0,000049,Pedestrian,Pedestrian,32.79,41,36,True,True,False,True
eps,0.1,0.15,0.5,5,200,2.0,40.0,0,000049,Car,Car,33.246,75,75,True,True,False,True
eps,0.1,0.15,0.5,5,200,2.0,40.0,0,000049,Car,Car,14.422,297,297,True,True,False,True
eps,0.1,0.15,0.5,5,200,2.0,40.0,0,000049,Car,Car,19.022,265,264,True,True,False,True
eps,0.1,0.15,0.5,5,200,2.0,40.0,0,000049,Car,Car,35.674,9,9,False,True,False,True
eps,0.1,0.15,0.5,5,200,2.0,40.0,0,000049,Car,Car,23.202,25,25,True,True,False,True
eps,0.1,0.15,0.5,5,200,2.0,40.0,0,000049,Van,Car,35.571,266,266,True,True,False,True
eps,0.1,0.15,0.5,5,200,2.0,40.0,0,000049,Car,Car,22.381,54,54,True,True,False,True
eps,0.1,0.15,0.5,5,200,2.0,40.0,0,000061,Van,Car,18.81,634,634,True,False,True,True
eps,0.1,0.15,0.5,5,200,2.0,40.0,0,000061,Car,Car,14.653,275,201,True,False,True,True
eps,0.1,0.15,0.5,5,200,2.0,40.0,0,000061,Car,Car,40.91,3,3,False,False,False,False
eps,0.1,0.15,0.5,5,200,2.0,40.0,0,000061,Car,Car,21.145,112,90,True,False,True,True
eps,0.1,0.15,0.5,5,200,2.0,40.0,0,000061,Misc,,37.185,86,86,False,True,False,True
eps,0.1,0.15,0.5,5,200,2.0,40.0,0,000061,Van,Car,43.673,0,0,False,False,False,False
eps,0.1,0.15,0.8,5,200,2.0,40.0,0,000001,Truck,Car,69.442,0,0,False,False,False,False
eps,0.1,0.15,0.8,5,200,2.0,40.0,0,000001,Car,Car,60.781,0,0,False,False,False,False
eps,0.1,0.15,0.8,5,200,2.0,40.0,0,000001,Cyclist,Cyclist,46.069,0,0,False,False,False,False
eps,0.1,0.15,0.8,5,200,2.0,40.0,0,000004,Car,Car,41.36,17,10,False,True,False,True
eps,0.1,0.15,0.8,5,200,2.0,40.0,0,000004,Car,Car,53.58,0,0,False,False,False,False
eps,0.1,0.15,0.8,5,200,2.0,40.0,0,000007,Car,Car,25.02,140,140,True,True,False,True
eps,0.1,0.15,0.8,5,200,2.0,40.0,0,000007,Car,Car,48.127,0,0,False,False,False,False
eps,0.1,0.15,0.8,5,200,2.0,40.0,0,000007,Car,Car,60.703,0,0,False,False,False,False
eps,0.1,0.15,0.8,5,200,2.0,40.0,0,000007,Cyclist,Cyclist,36.354,25,25,True,True,False,True
eps,0.1,0.15,0.8,5,200,2.0,40.0,0,000008,Car,Car,4.564,948,948,True,False,True,True
eps,0.1,0.15,0.8,5,200,2.0,40.0,0,000008,Car,Car,7.947,652,652,True,False,True,True
eps,0.1,0.15,0.8,5,200,2.0,40.0,0,000008,Car,Car,7.235,304,304,True,True,False,True
eps,0.1,0.15,0.8,5,200,2.0,40.0,0,000008,Car,Car,14.48,402,402,True,True,False,True
eps,0.1,0.15,0.8,5,200,2.0,40.0,0,000008,Car,Car,33.98,42,42,True,False,True,True
eps,0.1,0.15,0.8,5,200,2.0,40.0,0,000008,Car,Car,21.687,155,132,True,True,False,True
eps,0.1,0.15,0.8,5,200,2.0,40.0,0,000009,Car,Car,23.89,148,134,True,True,False,True
eps,0.1,0.15,0.8,5,200,2.0,40.0,0,000009,Car,Car,66.37,0,0,False,False,False,False
eps,0.1,0.15,0.8,5,200,2.0,40.0,0,000009,Car,Car,68.285,0,0,False,False,False,False
eps,0.1,0.15,0.8,5,200,2.0,40.0,0,000010,Car,Car,6.831,511,415,True,False,True,True
eps,0.1,0.15,0.8,5,200,2.0,40.0,0,000010,Car,Car,12.04,560,560,True,False,True,True
eps,0.1,0.15,0.8,5,200,2.0,40.0,0,000010,Pedestrian,Pedestrian,24.942,19,19,True,True,False,True
eps,0.1,0.15,0.8,5,200,2.0,40.0,0,000010,Car,Car,17.506,228,198,True,False,True,True
eps,0.1,0.15,0.8,5,200,2.0,40.0,0,000010,Car,Car,23.095,45,37,True,True,False,True
eps,0.1,0.15,0.8,5,200,2.0,40.0,0,000010,Car,Car,23.643,176,173,True,True,False,True
eps,0.1,0.15,0.8,5,200,2.0,40.0,0,000010,Car,Car,29.077,50,50,True,True,False,True
eps,0.1,0.15,0.8,5,200,2.0,40.0,0,000010,Car,Car,29.598,21,15,True,True,False,True
eps,0.1,0.15,0.8,5,200,2.0,40.0,0,000010,Car,Car,43.086,0,0,False,False,False,False
eps,0.1,0.15,0.8,5,200,2.0,40.0,0,000011,Pedestrian,Pedestrian,13.411,96,94,True,True,False,True
eps,0.1,0.15,0.8,5,200,2.0,40.0,0,000011,Pedestrian,Pedestrian,14.482,18,15,True,False,True,True
eps,0.1,0.15,0.8,5,200,2.0,40.0,0,000011,Car,Car,27.096,162,151,True,True,False,True
eps,0.1,0.15,0.8,5,200,2.0,40.0,0,000011,Pedestrian,Pedestrian,34.151,39,35,True,True,False,True
eps,0.1,0.15,0.8,5,200,2.0,40.0,0,000011,Car,Car,6.578,797,783,True,True,False,True
eps,0.1,0.15,0.8,5,200,2.0,40.0,0,000011,Pedestrian,Pedestrian,17.808,59,59,True,False,True,True
eps,0.1,0.15,0.8,5,200,2.0,40.0,0,000012,Car,Car,59.083,0,0,False,False,False,False
eps,0.1,0.15,0.8,5,200,2.0,40.0,0,000012,Van,Car,66.311,0,0,False,False,False,False
eps,0.1,0.15,0.8,5,200,2.0,40.0,0,000015,Car,Car,4.937,1019,979,True,True,False,True
eps,0.1,0.15,0.8,5,200,2.0,40.0,0,000015,Pedestrian,Pedestrian,8.954,133,132,True,False,True,True
eps,0.1,0.15,0.8,5,200,2.0,40.0,0,000015,Pedestrian,Pedestrian,24.265,50,47,True,True,False,True
eps,0.1,0.15,0.8,5,200,2.0,40.0,0,000015,Pedestrian,Pedestrian,24.444,62,59,True,True,False,True
eps,0.1,0.15,0.8,5,200,2.0,40.0,0,000015,Pedestrian,Pedestrian,23.369,56,56,True,False,True,True
eps,0.1,0.15,0.8,5,200,2.0,40.0,0,000016,Car,Car,44.607,0,0,False,False,False,False
eps,0.1,0.15,0.8,5,200,2.0,40.0,0,000016,Truck,Car,28.06,1888,1819,True,True,False,True
eps,0.1,0.15,0.8,5,200,2.0,40.0,0,000016,Car,Car,33.445,59,53,True,True,False,True
eps,0.1,0.15,0.8,5,200,2.0,40.0,0,000016,Car,Car,7.076,562,531,True,True,False,True
eps,0.1,0.15,0.8,5,200,2.0,40.0,0,000016,Car,Car,47.177,0,0,False,False,False,False
eps,0.1,0.15,0.8,5,200,2.0,40.0,0,000016,Tram,Car,90.963,0,0,False,False,False,False
eps,0.1,0.15,0.8,5,200,2.0,40.0,0,000019,Truck,Car,6.314,1921,1881,True,False,True,True
eps,0.1,0.15,0.8,5,200,2.0,40.0,0,000019,Car,Car,10.126,457,427,True,False,True,True
eps,0.1,0.15,0.8,5,200,2.0,40.0,0,000019,Van,Car,35.423,95,95,True,False,True,True
eps,0.1,0.15,0.8,5,200,2.0,40.0,0,000019,Car,Car,59.714,0,0,False,False,False,False
eps,0.1,0.15,0.8,5,200,2.0,40.0,0,000021,Cyclist,Cyclist,4.174,291,268,True,True,False,True
eps,0.1,0.15,0.8,5,200,2.0,40.0,0,000021,Car,Car,13.641,491,473,True,True,False,True
eps,0.1,0.15,0.8,5,200,2.0,40.0,0,000021,Car,Car,17.779,182,173,True,False,True,True
eps,0.1,0.15,0.8,5,200,2.0,40.0,0,000021,Van,Car,23.927,761,761,True,True,False,True
eps,0.1,0.15,0.8,5,200,2.0,40.0,0,000021,Car,Car,26.482,133,132,True,False,True,True
eps,0.1,0.15,0.8,5,200,2.0,40.0,0,000021,Car,Car,26.879,94,92,True,True,False,True
eps,0.1,0.15,0.8,5,200,2.0,40.0,0,000021,Car,Car,32.609,44,44,True,True,False,True
eps,0.1,0.15,0.8,5,200,2.0,40.0,0,000021,Car,Car,31.8,28,28,True,True,False,True
eps,0.1,0.15,0.8,5,200,2.0,40.0,0,000023,Truck,Car,69.291,0,0,False,False,False,False
eps,0.1,0.15,0.8,5,200,2.0,40.0,0,000023,Car,Car,57.518,0,0,False,False,False,False
eps,0.1,0.15,0.8,5,200,2.0,40.0,0,000023,Cyclist,Cyclist,44.994,0,0,False,False,False,False
eps,0.1,0.15,0.8,5,200,2.0,40.0,0,000025,Car,Car,3.97,326,324,True,True,False,True
eps,0.1,0.15,0.8,5,200,2.0,40.0,0,000025,Car,Car,10.652,490,490,True,True,False,True
eps,0.1,0.15,0.8,5,200,2.0,40.0,0,000025,Car,Car,30.19,55,55,True,False,True,True
eps,0.1,0.15,0.8,5,200,2.0,40.0,0,000025,Car,Car,17.855,214,214,True,True,False,True
eps,0.1,0.15,0.8,5,200,2.0,40.0,0,000025,Cyclist,Cyclist,44.716,0,0,False,False,False,False
eps,0.1,0.15,0.8,5,200,2.0,40.0,0,000025,Car,Car,22.698,40,40,True,True,False,True
eps,0.1,0.15,0.8,5,200,2.0,40.0,0,000031,Car,Car,12.608,544,528,True,True,False,True
eps,0.1,0.15,0.8,5,200,2.0,40.0,0,000031,Car,Car,9.038,402,385,True,True,False,True
eps,0.1,0.15,0.8,5,200,2.0,40.0,0,000031,Car,Car,13.456,328,315,True,True,False,True
eps,0.1,0.15,0.8,5,200,2.0,40.0,0,000031,Truck,Car,22.54,306,306,True,True,False,True
eps,0.1,0.15,0.8,5,200,2.0,40.0,0,000031,Car,Car,26.549,125,119,True,True,False,True
eps,0.1,0.15,0.8,5,200,2.0,40.0,0,000031,Van,Car,51.929,0,0,False,False,False,False
eps,0.1,0.15,0.8,5,200,2.0,40.0,0,000032,Car,Car,9.653,630,628,True,True,False,True
eps,0.1,0.15,0.8,5,200,2.0,40.0,0,000032,Car,Car,9.138,520,499,True,True,False,True
eps,0.1,0.15,0.8,5,200,2.0,40.0,0,000032,Van,Car,14.807,569,565,True,True,False,True
eps,0.1,0.15,0.8,5,200,2.0,40.0,0,000032,Car,Car,13.809,259,249,True,True,False,True
eps,0.1,0.15,0.8,5,200,2.0,40.0,0,000032,Car,Car,20.174,56,53,True,True,False,True
eps,0.1,0.15,0.8,5,200,2.0,40.0,0,000032,Van,Car,25.411,530,530,True,True,False,True
eps,0.1,0.15,0.8,5,200,2.0,40.0,0,000032,Car,Car,25.844,67,67,True,True,False,True
eps,0.1,0.15,0.8,5,200,2.0,40.0,0,000032,Van,Car,44.722,0,0,False,False,False,False
eps,0.1,0.15,0.8,5,200,2.0,40.0,0,000032,Van,Car,41.091,60,60,False,True,False,True
eps,0.1,0.15,0.8,5,200,2.0,40.0,0,000032,Car,Car,45.146,0,0,False,False,False,False
eps,0.1,0.15,0.8,5,200,2.0,40.0,0,000043,Pedestrian,Pedestrian,12.751,102,97,True,True,False,True
eps,0.1,0.15,0.8,5,200,2.0,40.0,0,000043,Pedestrian,Pedestrian,12.632,100,96,True,True,False,True
eps,0.1,0.15,0.8,5,200,2.0,40.0,0,000043,Pedestrian,Pedestrian,20.65,70,63,True,False,True,True
eps,0.1,0.15,0.8,5,200,2.0,40.0,0,000043,Pedestrian,Pedestrian,20.57,76,68,True,False,True,True
eps,0.1,0.15,0.8,5,200,2.0,40.0,0,000048,Pedestrian,Pedestrian,16.89,94,93,True,True,False,True
eps,0.1,0.15,0.8,5,200,2.0,40.0,0,000048,Pedestrian,Pedestrian,17.165,101,98,True,True,False,True
eps,0.1,0.15,0.8,5,200,2.0,40.0,0,000048,Pedestrian,Pedestrian,16.576,81,81,True,True,False,True
eps,0.1,0.15,0.8,5,200,2.0,40.0,0,000048,Cyclist,Cyclist,30.423,39,39,True,True,False,True
eps,0.1,0.15,0.8,5,200,2.0,40.0,0,000049,Car,Car,21.555,161,161,True,True,False,True
eps,0.1,0.15,0.8,5,200,2.0,40.0,0,000049,Car,Car,14.348,581,574,True,True,False,True
eps,0.1,0.15,0.8,5,200,2.0,40.0,0,000049,Car,Car,22.289,109,108,True,True,False,True
eps,0.1,0.15,0.8,5,200,2.0,40.0,0,000049,Car,Car,25.201,66,66,True,True,False,True
eps,0.1,0.15,0.8,5,200,2.0,40.0,0,000049,Car,Car,32.781,19,19,True,True,False,True
eps,0.1,0.15,0.8,5,200,2.0,40.0,0,000049,Van,Car,45.861,0,0,False,False,False,False
eps,0.1,0.15,0.8,5,200,2.0,40.0,0,000049,Pedestrian,Pedestrian,5.464,236,236,True,False,True,True
eps,0.1,0.15,0.8,5,200,2.0,40.0,0,000049,Car,Car,10.398,310,309,True,True,False,True
eps,0.1,0.15,0.8,5,200,2.0,40.0,0,000049,Car,Car,15.444,315,315,True,True,False,True
eps,0.1,0.15,0.8,5,200,2.0,40.0,0,000049,Car,Car,20.644,216,209,True,True,False,True
eps,0.1,0.15,0.8,5,200,2.0,40.0,0,000049,Pedestrian,Pedestrian,32.79,41,36,True,True,False,True
eps,0.1,0.15,0.8,5,200,2.0,40.0,0,000049,Car,Car,33.246,75,75,True,True,False,True
eps,0.1,0.15,0.8,5,200,2.0,40.0,0,000049,Car,Car,14.422,297,297,True,True,False,True
eps,0.1,0.15,0.8,5,200,2.0,40.0,0,000049,Car,Car,19.022,265,264,True,True,False,True
eps,0.1,0.15,0.8,5,200,2.0,40.0,0,000049,Car,Car,35.674,9,9,False,True,False,True
eps,0.1,0.15,0.8,5,200,2.0,40.0,0,000049,Car,Car,23.202,25,25,True,True,False,True
eps,0.1,0.15,0.8,5,200,2.0,40.0,0,000049,Van,Car,35.571,266,266,True,True,False,True
eps,0.1,0.15,0.8,5,200,2.0,40.0,0,000049,Car,Car,22.381,54,54,True,True,False,True
eps,0.1,0.15,0.8,5,200,2.0,40.0,0,000061,Van,Car,18.81,634,634,True,False,True,True
eps,0.1,0.15,0.8,5,200,2.0,40.0,0,000061,Car,Car,14.653,275,201,True,False,True,True
eps,0.1,0.15,0.8,5,200,2.0,40.0,0,000061,Car,Car,40.91,3,3,False,False,False,False
eps,0.1,0.15,0.8,5,200,2.0,40.0,0,000061,Car,Car,21.145,112,90,True,False,True,True
eps,0.1,0.15,0.8,5,200,2.0,40.0,0,000061,Misc,,37.185,86,86,False,False,True,True
eps,0.1,0.15,0.8,5,200,2.0,40.0,0,000061,Van,Car,43.673,0,0,False,False,False,False
eps,0.1,0.15,1.2,5,200,2.0,40.0,0,000001,Truck,Car,69.442,0,0,False,False,False,False
eps,0.1,0.15,1.2,5,200,2.0,40.0,0,000001,Car,Car,60.781,0,0,False,False,False,False
eps,0.1,0.15,1.2,5,200,2.0,40.0,0,000001,Cyclist,Cyclist,46.069,0,0,False,False,False,False
eps,0.1,0.15,1.2,5,200,2.0,40.0,0,000004,Car,Car,41.36,17,10,False,True,False,True
eps,0.1,0.15,1.2,5,200,2.0,40.0,0,000004,Car,Car,53.58,0,0,False,False,False,False
eps,0.1,0.15,1.2,5,200,2.0,40.0,0,000007,Car,Car,25.02,140,140,True,True,False,True
eps,0.1,0.15,1.2,5,200,2.0,40.0,0,000007,Car,Car,48.127,0,0,False,False,False,False
eps,0.1,0.15,1.2,5,200,2.0,40.0,0,000007,Car,Car,60.703,0,0,False,False,False,False
eps,0.1,0.15,1.2,5,200,2.0,40.0,0,000007,Cyclist,Cyclist,36.354,25,25,True,True,False,True
eps,0.1,0.15,1.2,5,200,2.0,40.0,0,000008,Car,Car,4.564,948,948,True,False,True,True
eps,0.1,0.15,1.2,5,200,2.0,40.0,0,000008,Car,Car,7.947,652,652,True,False,True,True
eps,0.1,0.15,1.2,5,200,2.0,40.0,0,000008,Car,Car,7.235,304,304,True,True,False,True
eps,0.1,0.15,1.2,5,200,2.0,40.0,0,000008,Car,Car,14.48,402,402,True,True,False,True
eps,0.1,0.15,1.2,5,200,2.0,40.0,0,000008,Car,Car,33.98,42,42,True,False,True,True
eps,0.1,0.15,1.2,5,200,2.0,40.0,0,000008,Car,Car,21.687,155,132,True,False,True,True
eps,0.1,0.15,1.2,5,200,2.0,40.0,0,000009,Car,Car,23.89,148,134,True,True,False,True
eps,0.1,0.15,1.2,5,200,2.0,40.0,0,000009,Car,Car,66.37,0,0,False,False,False,False
eps,0.1,0.15,1.2,5,200,2.0,40.0,0,000009,Car,Car,68.285,0,0,False,False,False,False
eps,0.1,0.15,1.2,5,200,2.0,40.0,0,000010,Car,Car,6.831,511,415,True,False,True,True
eps,0.1,0.15,1.2,5,200,2.0,40.0,0,000010,Car,Car,12.04,560,560,True,False,True,True
eps,0.1,0.15,1.2,5,200,2.0,40.0,0,000010,Pedestrian,Pedestrian,24.942,19,19,True,True,False,True
eps,0.1,0.15,1.2,5,200,2.0,40.0,0,000010,Car,Car,17.506,228,198,True,False,True,True
eps,0.1,0.15,1.2,5,200,2.0,40.0,0,000010,Car,Car,23.095,45,37,True,False,True,True
eps,0.1,0.15,1.2,5,200,2.0,40.0,0,000010,Car,Car,23.643,176,173,True,True,False,True
eps,0.1,0.15,1.2,5,200,2.0,40.0,0,000010,Car,Car,29.077,50,50,True,True,False,True
eps,0.1,0.15,1.2,5,200,2.0,40.0,0,000010,Car,Car,29.598,21,15,True,True,False,True
eps,0.1,0.15,1.2,5,200,2.0,40.0,0,000010,Car,Car,43.086,0,0,False,False,False,False
eps,0.1,0.15,1.2,5,200,2.0,40.0,0,000011,Pedestrian,Pedestrian,13.411,96,94,True,True,False,True
eps,0.1,0.15,1.2,5,200,2.0,40.0,0,000011,Pedestrian,Pedestrian,14.482,18,15,True,False,True,True
eps,0.1,0.15,1.2,5,200,2.0,40.0,0,000011,Car,Car,27.096,162,151,True,True,False,True
eps,0.1,0.15,1.2,5,200,2.0,40.0,0,000011,Pedestrian,Pedestrian,34.151,39,35,True,True,False,True
eps,0.1,0.15,1.2,5,200,2.0,40.0,0,000011,Car,Car,6.578,797,783,True,True,False,True
eps,0.1,0.15,1.2,5,200,2.0,40.0,0,000011,Pedestrian,Pedestrian,17.808,59,59,True,False,True,True
eps,0.1,0.15,1.2,5,200,2.0,40.0,0,000012,Car,Car,59.083,0,0,False,False,False,False
eps,0.1,0.15,1.2,5,200,2.0,40.0,0,000012,Van,Car,66.311,0,0,False,False,False,False
eps,0.1,0.15,1.2,5,200,2.0,40.0,0,000015,Car,Car,4.937,1019,979,True,False,True,True
eps,0.1,0.15,1.2,5,200,2.0,40.0,0,000015,Pedestrian,Pedestrian,8.954,133,132,True,False,True,True
eps,0.1,0.15,1.2,5,200,2.0,40.0,0,000015,Pedestrian,Pedestrian,24.265,50,47,True,True,False,True
eps,0.1,0.15,1.2,5,200,2.0,40.0,0,000015,Pedestrian,Pedestrian,24.444,62,59,True,True,False,True
eps,0.1,0.15,1.2,5,200,2.0,40.0,0,000015,Pedestrian,Pedestrian,23.369,56,56,True,False,True,True
eps,0.1,0.15,1.2,5,200,2.0,40.0,0,000016,Car,Car,44.607,0,0,False,False,False,False
eps,0.1,0.15,1.2,5,200,2.0,40.0,0,000016,Truck,Car,28.06,1888,1819,True,True,False,True
eps,0.1,0.15,1.2,5,200,2.0,40.0,0,000016,Car,Car,33.445,59,53,True,True,False,True
eps,0.1,0.15,1.2,5,200,2.0,40.0,0,000016,Car,Car,7.076,562,531,True,True,False,True
eps,0.1,0.15,1.2,5,200,2.0,40.0,0,000016,Car,Car,47.177,0,0,False,False,False,False
eps,0.1,0.15,1.2,5,200,2.0,40.0,0,000016,Tram,Car,90.963,0,0,False,False,False,False
eps,0.1,0.15,1.2,5,200,2.0,40.0,0,000019,Truck,Car,6.314,1921,1881,True,False,True,True
eps,0.1,0.15,1.2,5,200,2.0,40.0,0,000019,Car,Car,10.126,457,427,True,False,True,True
eps,0.1,0.15,1.2,5,200,2.0,40.0,0,000019,Van,Car,35.423,95,95,True,False,True,True
eps,0.1,0.15,1.2,5,200,2.0,40.0,0,000019,Car,Car,59.714,0,0,False,False,False,False
eps,0.1,0.15,1.2,5,200,2.0,40.0,0,000021,Cyclist,Cyclist,4.174,291,268,True,True,False,True
eps,0.1,0.15,1.2,5,200,2.0,40.0,0,000021,Car,Car,13.641,491,473,True,True,False,True
eps,0.1,0.15,1.2,5,200,2.0,40.0,0,000021,Car,Car,17.779,182,173,True,False,True,True
eps,0.1,0.15,1.2,5,200,2.0,40.0,0,000021,Van,Car,23.927,761,761,True,False,True,True
eps,0.1,0.15,1.2,5,200,2.0,40.0,0,000021,Car,Car,26.482,133,132,True,False,True,True
eps,0.1,0.15,1.2,5,200,2.0,40.0,0,000021,Car,Car,26.879,94,92,True,True,False,True
eps,0.1,0.15,1.2,5,200,2.0,40.0,0,000021,Car,Car,32.609,44,44,True,True,False,True
eps,0.1,0.15,1.2,5,200,2.0,40.0,0,000021,Car,Car,31.8,28,28,True,True,False,True
eps,0.1,0.15,1.2,5,200,2.0,40.0,0,000023,Truck,Car,69.291,0,0,False,False,False,False
eps,0.1,0.15,1.2,5,200,2.0,40.0,0,000023,Car,Car,57.518,0,0,False,False,False,False
eps,0.1,0.15,1.2,5,200,2.0,40.0,0,000023,Cyclist,Cyclist,44.994,0,0,False,False,False,False
eps,0.1,0.15,1.2,5,200,2.0,40.0,0,000025,Car,Car,3.97,326,324,True,True,False,True
eps,0.1,0.15,1.2,5,200,2.0,40.0,0,000025,Car,Car,10.652,490,490,True,False,True,True
eps,0.1,0.15,1.2,5,200,2.0,40.0,0,000025,Car,Car,30.19,55,55,True,False,True,True
eps,0.1,0.15,1.2,5,200,2.0,40.0,0,000025,Car,Car,17.855,214,214,True,True,False,True
eps,0.1,0.15,1.2,5,200,2.0,40.0,0,000025,Cyclist,Cyclist,44.716,0,0,False,False,False,False
eps,0.1,0.15,1.2,5,200,2.0,40.0,0,000025,Car,Car,22.698,40,40,True,True,False,True
eps,0.1,0.15,1.2,5,200,2.0,40.0,0,000031,Car,Car,12.608,544,528,True,True,False,True
eps,0.1,0.15,1.2,5,200,2.0,40.0,0,000031,Car,Car,9.038,402,385,True,True,False,True
eps,0.1,0.15,1.2,5,200,2.0,40.0,0,000031,Car,Car,13.456,328,315,True,True,False,True
eps,0.1,0.15,1.2,5,200,2.0,40.0,0,000031,Truck,Car,22.54,306,306,True,True,False,True
eps,0.1,0.15,1.2,5,200,2.0,40.0,0,000031,Car,Car,26.549,125,119,True,True,False,True
eps,0.1,0.15,1.2,5,200,2.0,40.0,0,000031,Van,Car,51.929,0,0,False,False,False,False
eps,0.1,0.15,1.2,5,200,2.0,40.0,0,000032,Car,Car,9.653,630,628,True,True,False,True
eps,0.1,0.15,1.2,5,200,2.0,40.0,0,000032,Car,Car,9.138,520,499,True,True,False,True
eps,0.1,0.15,1.2,5,200,2.0,40.0,0,000032,Van,Car,14.807,569,565,True,True,False,True
eps,0.1,0.15,1.2,5,200,2.0,40.0,0,000032,Car,Car,13.809,259,249,True,False,True,True
eps,0.1,0.15,1.2,5,200,2.0,40.0,0,000032,Car,Car,20.174,56,53,True,True,False,True
eps,0.1,0.15,1.2,5,200,2.0,40.0,0,000032,Van,Car,25.411,530,530,True,True,False,True
eps,0.1,0.15,1.2,5,200,2.0,40.0,0,000032,Car,Car,25.844,67,67,True,True,False,True
eps,0.1,0.15,1.2,5,200,2.0,40.0,0,000032,Van,Car,44.722,0,0,False,False,False,False
eps,0.1,0.15,1.2,5,200,2.0,40.0,0,000032,Van,Car,41.091,60,60,False,True,False,True
eps,0.1,0.15,1.2,5,200,2.0,40.0,0,000032,Car,Car,45.146,0,0,False,False,False,False
eps,0.1,0.15,1.2,5,200,2.0,40.0,0,000043,Pedestrian,Pedestrian,12.751,102,97,True,False,True,True
eps,0.1,0.15,1.2,5,200,2.0,40.0,0,000043,Pedestrian,Pedestrian,12.632,100,96,True,False,True,True
eps,0.1,0.15,1.2,5,200,2.0,40.0,0,000043,Pedestrian,Pedestrian,20.65,70,63,True,False,True,True
eps,0.1,0.15,1.2,5,200,2.0,40.0,0,000043,Pedestrian,Pedestrian,20.57,76,68,True,False,True,True
eps,0.1,0.15,1.2,5,200,2.0,40.0,0,000048,Pedestrian,Pedestrian,16.89,94,93,True,True,False,True
eps,0.1,0.15,1.2,5,200,2.0,40.0,0,000048,Pedestrian,Pedestrian,17.165,101,98,True,True,False,True
eps,0.1,0.15,1.2,5,200,2.0,40.0,0,000048,Pedestrian,Pedestrian,16.576,81,81,True,False,True,True
eps,0.1,0.15,1.2,5,200,2.0,40.0,0,000048,Cyclist,Cyclist,30.423,39,39,True,True,False,True
eps,0.1,0.15,1.2,5,200,2.0,40.0,0,000049,Car,Car,21.555,161,161,True,True,False,True
eps,0.1,0.15,1.2,5,200,2.0,40.0,0,000049,Car,Car,14.348,581,574,True,True,False,True
eps,0.1,0.15,1.2,5,200,2.0,40.0,0,000049,Car,Car,22.289,109,108,True,True,False,True
eps,0.1,0.15,1.2,5,200,2.0,40.0,0,000049,Car,Car,25.201,66,66,True,True,False,True
eps,0.1,0.15,1.2,5,200,2.0,40.0,0,000049,Car,Car,32.781,19,19,True,True,False,True
eps,0.1,0.15,1.2,5,200,2.0,40.0,0,000049,Van,Car,45.861,0,0,False,False,False,False
eps,0.1,0.15,1.2,5,200,2.0,40.0,0,000049,Pedestrian,Pedestrian,5.464,236,236,True,False,True,True
eps,0.1,0.15,1.2,5,200,2.0,40.0,0,000049,Car,Car,10.398,310,309,True,True,False,True
eps,0.1,0.15,1.2,5,200,2.0,40.0,0,000049,Car,Car,15.444,315,315,True,True,False,True
eps,0.1,0.15,1.2,5,200,2.0,40.0,0,000049,Car,Car,20.644,216,209,True,True,False,True
eps,0.1,0.15,1.2,5,200,2.0,40.0,0,000049,Pedestrian,Pedestrian,32.79,41,36,True,True,False,True
eps,0.1,0.15,1.2,5,200,2.0,40.0,0,000049,Car,Car,33.246,75,75,True,True,False,True
eps,0.1,0.15,1.2,5,200,2.0,40.0,0,000049,Car,Car,14.422,297,297,True,False,True,True
eps,0.1,0.15,1.2,5,200,2.0,40.0,0,000049,Car,Car,19.022,265,264,True,True,False,True
eps,0.1,0.15,1.2,5,200,2.0,40.0,0,000049,Car,Car,35.674,9,9,False,True,False,True
eps,0.1,0.15,1.2,5,200,2.0,40.0,0,000049,Car,Car,23.202,25,25,True,True,False,True
eps,0.1,0.15,1.2,5,200,2.0,40.0,0,000049,Van,Car,35.571,266,266,True,True,False,True
eps,0.1,0.15,1.2,5,200,2.0,40.0,0,000049,Car,Car,22.381,54,54,True,True,False,True
eps,0.1,0.15,1.2,5,200,2.0,40.0,0,000061,Van,Car,18.81,634,634,True,False,True,True
eps,0.1,0.15,1.2,5,200,2.0,40.0,0,000061,Car,Car,14.653,275,201,True,False,True,True
eps,0.1,0.15,1.2,5,200,2.0,40.0,0,000061,Car,Car,40.91,3,3,False,False,False,False
eps,0.1,0.15,1.2,5,200,2.0,40.0,0,000061,Car,Car,21.145,112,90,True,False,True,True
eps,0.1,0.15,1.2,5,200,2.0,40.0,0,000061,Misc,,37.185,86,86,False,False,True,True
eps,0.1,0.15,1.2,5,200,2.0,40.0,0,000061,Van,Car,43.673,0,0,False,False,False,False
